agencyName,continentName,countryName,dateUSGSignature,emergencyTypeName,regionName,totalAmountApproved,year,projectsectors,CIRV - Prev,CIRV - Inc
Food and Agriculture Organization,Africa,Somalia,2017-02-22,Drought,Eastern Africa,4000000,2017,Agriculture,"75,1","0,10"
International Organization for Migration,Africa,Somalia,2017-02-13,Drought,Eastern Africa,400000,2017,Health,"75,1","0,10"
International Organization for Migration,Africa,Somalia,2017-02-13,Drought,Eastern Africa,350000,2017,Shelter and Non-Food Items,"75,1","0,10"
International Organization for Migration,Africa,Somalia,2017-02-13,Drought,Eastern Africa,1150000,2017,Water; Sanitation and Hygiene,"75,1","0,10"
United Nations Population Fund,Africa,Somalia,2017-02-13,Drought,Eastern Africa,195179,2017,Protection,"75,1","0,10"
United Nations Children’s Fund,Africa,Somalia,2017-02-13,Drought,Eastern Africa,599904,2017,Education,"75,1","0,10"
United Nations Children’s Fund,Africa,Somalia,2017-02-15,Drought,Eastern Africa,699999,2017,Health,"75,1","0,10"
United Nations Children’s Fund,Africa,Somalia,2017-02-17,Drought,Eastern Africa,2063461,2017,Water; Sanitation and Hygiene,"75,1","0,10"
United Nations Children’s Fund,Africa,Somalia,2017-02-15,Drought,Eastern Africa,200000,2017,Protection,"75,1","0,10"
World Food Programme,Africa,Somalia,2017-02-10,Drought,Eastern Africa,750000,2017,Common Services,"75,1","0,10"
World Food Programme,Africa,Somalia,2017-02-15,Drought,Eastern Africa,1750000,2017,Nutrition,"75,1","0,10"
World Food Programme,Africa,Somalia,2017-02-15,Drought,Eastern Africa,3500750,2017,Food Assistance,"75,1","0,10"
World Health Organization,Africa,Somalia,2017-02-15,Drought,Eastern Africa,400000,2017,Health,"75,1","0,10"
United Nations Children’s Fund,Africa,Somalia,2017-02-15,Drought,Eastern Africa,1550001,2017,Nutrition,"75,1","0,10"
United Nations High Commissioner for Refugees,Africa,Somalia,2017-02-17,Drought,Eastern Africa,350000,2017,Shelter and Non-Food Items,"75,1","0,10"
United Nations Children’s Fund,Africa,Madagascar,2017-03-07,Drought,Eastern Africa,349998,2017,Nutrition,"38,3","-0,07"
World Food Programme,Africa,Madagascar,2017-03-07,Drought,Eastern Africa,500427,2017,Nutrition,"38,3","-0,07"
Food and Agriculture Organization,Africa,Madagascar,2017-03-03,Drought,Eastern Africa,1100000,2017,Agriculture,"38,3","-0,07"
World Food Programme,Africa,Madagascar,2017-03-04,Drought,Eastern Africa,2300001,2017,Food Assistance,"38,3","-0,07"
United Nations Children’s Fund,Africa,Madagascar,2017-03-07,Drought,Eastern Africa,294393,2017,Water; Sanitation and Hygiene,"38,3","-0,07"
World Health Organization,Africa,Madagascar,2017-03-07,Drought,Eastern Africa,324505,2017,Health,"38,3","-0,07"
United Nations Children’s Fund,Africa,Madagascar,2017-03-07,Drought,Eastern Africa,277344,2017,Health,"38,3","-0,07"
United Nations Population Fund,Africa,Madagascar,2017-03-07,Drought,Eastern Africa,413808,2017,Health,"38,3","-0,07"
United Nations Development Programme,Africa,Madagascar,2017-03-04,Drought,Eastern Africa,400346,2017,Early Recovery,"38,3","-0,07"
World Food Programme,Africa,Nigeria,2017-03-06,Displacement,Western Africa,4324678,2017,Food Assistance,"63,2","-0,14"
Food and Agriculture Organization,Africa,Nigeria,2017-03-02,Displacement,Western Africa,2077500,2017,Agriculture,"63,2","-0,14"
United Nations Children’s Fund,Africa,Nigeria,2017-03-17,Displacement,Western Africa,1902005,2017,Nutrition,"63,2","-0,14"
United Nations Children’s Fund,Africa,Nigeria,2017-03-02,Displacement,Western Africa,1007405,2017,Health,"63,2","-0,14"
United Nations Children’s Fund,Africa,Nigeria,2017-02-28,Displacement,Western Africa,3345997,2017,Water; Sanitation and Hygiene,"63,2","-0,14"
United Nations Children’s Fund,Africa,Nigeria,2017-03-02,Displacement,Western Africa,1525595,2017,Education,"63,2","-0,14"
United Nations Children’s Fund,Africa,Nigeria,2017-03-06,Displacement,Western Africa,500000,2017,Protection,"63,2","-0,14"
World Health Organization,Africa,Nigeria,2017-03-02,Displacement,Western Africa,1447999,2017,Health,"63,2","-0,14"
International Organization for Migration,Africa,Nigeria,2017-02-22,Displacement,Western Africa,1572472,2017,Shelter and Non-Food Items,"63,2","-0,14"
United Nations High Commissioner for Refugees,Africa,Nigeria,2017-02-22,Displacement,Western Africa,1571826,2017,Shelter and Non-Food Items,"63,2","-0,14"
United Nations High Commissioner for Refugees,Africa,Nigeria,2017-03-06,Displacement,Western Africa,1200564,2017,Protection,"63,2","-0,14"
United Nations Population Fund,Africa,Nigeria,2017-03-06,Displacement,Western Africa,662837,2017,Protection,"63,2","-0,14"
United Nations Population Fund,Africa,Nigeria,2017-03-06,Displacement,Western Africa,858279,2017,Health,"63,2","-0,14"
Food and Agriculture Organization,Asia,Democratic People's Republic of Korea,2017-03-09,Multiple Emergencies,Eastern Asia,556180,2017,Agriculture,19,"-0,04"
United Nations Population Fund,Asia,Democratic People's Republic of Korea,2017-03-04,Multiple Emergencies,Eastern Asia,604786,2017,Health,19,"-0,04"
United Nations Children’s Fund,Asia,Democratic People's Republic of Korea,2017-03-04,Multiple Emergencies,Eastern Asia,795001,2017,Health,19,"-0,04"
United Nations Children’s Fund,Asia,Democratic People's Republic of Korea,2017-03-04,Multiple Emergencies,Eastern Asia,1179986,2017,Nutrition,19,"-0,04"
World Food Programme,Asia,Democratic People's Republic of Korea,2017-03-06,Multiple Emergencies,Eastern Asia,2129998,2017,Nutrition,19,"-0,04"
World Health Organization,Asia,Democratic People's Republic of Korea,2017-03-03,Multiple Emergencies,Eastern Asia,730794,2017,Health,19,"-0,04"
United Nations Children’s Fund,Africa,Libya,2017-03-16,Post-conflict Needs,Northern Africa,200000,2017,Protection,64,"-0,04"
Food and Agriculture Organization,Africa,Libya,2017-03-16,Post-conflict Needs,Northern Africa,250000,2017,Agriculture,64,"-0,04"
World Food Programme,Africa,Libya,2017-03-06,Post-conflict Needs,Northern Africa,700000,2017,Food Assistance,64,"-0,04"
United Nations Population Fund,Africa,Libya,2017-03-07,Post-conflict Needs,Northern Africa,299994,2017,Health,64,"-0,04"
World Health Organization,Africa,Libya,2017-03-24,Post-conflict Needs,Northern Africa,1149914,2017,Health,64,"-0,04"
International Organization for Migration,Africa,Libya,2017-03-30,Post-conflict Needs,Northern Africa,849996,2017,Multi-Sector,64,"-0,04"
United Nations Population Fund,Africa,Libya,2017-03-20,Post-conflict Needs,Northern Africa,300000,2017,Protection,64,"-0,04"
United Nations Office for Project Services,Africa,Libya,2017-03-06,Post-conflict Needs,Northern Africa,297570,2017,Protection,64,"-0,04"
United Nations High Commissioner for Refugees,Africa,Libya,2017-03-21,Post-conflict Needs,Northern Africa,1000340,2017,Shelter and Non-Food Items,64,"-0,04"
United Nations Children’s Fund,Africa,Libya,2017-03-17,Post-conflict Needs,Northern Africa,950001,2017,Water; Sanitation and Hygiene,64,"-0,04"
Food and Agriculture Organization,Africa,Uganda,2017-03-16,Displacement,Eastern Africa,600001,2017,Agriculture,"50,8","-0,16"
International Organization for Migration,Africa,Uganda,2017-03-13,Displacement,Eastern Africa,400000,2017,Water; Sanitation and Hygiene,"50,8","-0,16"
United Nations Development Programme,Africa,Uganda,2017-03-13,Displacement,Eastern Africa,400000,2017,Early Recovery,"50,8","-0,16"
United Nations Population Fund,Africa,Uganda,2017-03-16,Displacement,Eastern Africa,900001,2017,Protection; Health,"50,8","-0,16"
United Nations High Commissioner for Refugees,Africa,Uganda,2017-03-10,Displacement,Eastern Africa,4651651,2017,Multi-Sector Refugee Assistance,"50,8","-0,16"
United Nations Children’s Fund,Africa,Uganda,2017-03-21,Displacement,Eastern Africa,2183537,2017,Multi-Sector Refugee Assistance,"50,8","-0,16"
United Nations Entity for Gender Equality and the Empowerment of Women,Africa,Uganda,2017-03-13,Displacement,Eastern Africa,351512,2017,Protection,"50,8","-0,16"
World Food Programme,Africa,Uganda,2017-03-16,Displacement,Eastern Africa,5200002,2017,Food Assistance,"50,8","-0,16"
World Health Organization,Africa,Uganda,2017-03-13,Displacement,Eastern Africa,300000,2017,Health,"50,8","-0,16"
World Health Organization,Africa,Cameroon,2017-03-13,Displacement,Middle Africa,1000183,2017,Health,"59,8","0,01"
United Nations Population Fund,Africa,Cameroon,2017-03-17,Displacement,Middle Africa,400180,2017,Protection,"59,8","0,01"
United Nations Children’s Fund,Africa,Cameroon,2017-03-13,Displacement,Middle Africa,450810,2017,Protection,"59,8","0,01"
International Organization for Migration,Africa,Cameroon,2017-03-08,Displacement,Middle Africa,450000,2017,Protection,"59,8","0,01"
United Nations High Commissioner for Refugees,Africa,Cameroon,2017-03-20,Displacement,Middle Africa,850001,2017,Protection,"59,8","0,01"
United Nations High Commissioner for Refugees,Africa,Cameroon,2017-03-16,Displacement,Middle Africa,850001,2017,Shelter and Non-Food Items,"59,8","0,01"
World Food Programme,Africa,Cameroon,2017-03-13,Displacement,Middle Africa,600037,2017,Nutrition,"59,8","0,01"
United Nations Children’s Fund,Africa,Cameroon,2017-03-13,Displacement,Middle Africa,400180,2017,Nutrition,"59,8","0,01"
United Nations Children’s Fund,Africa,Cameroon,2017-03-20,Displacement,Middle Africa,1000252,2017,Water; Sanitation and Hygiene,"59,8","0,01"
World Food Programme,Africa,Cameroon,2017-03-17,Displacement,Middle Africa,1299990,2017,Food Assistance,"59,8","0,01"
Food and Agriculture Organization,Africa,Cameroon,2017-03-17,Displacement,Middle Africa,400298,2017,Agriculture,"59,8","0,01"
World Food Programme,Africa,Cameroon,2017-03-31,Displacement,Middle Africa,2303481,2017,Food Assistance; Multi-Sector Refugee Assistance,"59,8","0,01"
United Nations High Commissioner for Refugees,Africa,Niger,2017-02-28,Post-conflict Needs,Western Africa,472674,2017,Protection,"67,3","-0,20"
Food and Agriculture Organization,Africa,Niger,2017-03-10,Post-conflict Needs,Western Africa,2500000,2017,Agriculture,"67,3","-0,20"
United Nations Population Fund,Africa,Niger,2017-03-10,Post-conflict Needs,Western Africa,500121,2017,Health,"67,3","-0,20"
United Nations Population Fund,Africa,Niger,2017-03-10,Post-conflict Needs,Western Africa,500332,2017,Protection,"67,3","-0,20"
World Food Programme,Africa,Niger,2017-03-06,Post-conflict Needs,Western Africa,600010,2017,Common Services,"67,3","-0,20"
World Food Programme,Africa,Niger,2017-03-17,Post-conflict Needs,Western Africa,1500311,2017,Food Assistance,"67,3","-0,20"
World Health Organization,Africa,Niger,2017-03-10,Post-conflict Needs,Western Africa,507002,2017,Health,"67,3","-0,20"
International Organization for Migration,Africa,Niger,2017-03-09,Post-conflict Needs,Western Africa,1000001,2017,Shelter and Non-Food Items,"67,3","-0,20"
United Nations Children’s Fund,Africa,Niger,2017-03-13,Post-conflict Needs,Western Africa,699987,2017,Protection,"67,3","-0,20"
United Nations Children’s Fund,Africa,Niger,2017-03-10,Post-conflict Needs,Western Africa,578410,2017,Education,"67,3","-0,20"
United Nations Children’s Fund,Africa,Niger,2017-03-04,Post-conflict Needs,Western Africa,1200000,2017,Water; Sanitation and Hygiene,"67,3","-0,20"
United Nations Children’s Fund,Africa,Mali,2017-03-30,Post-conflict Needs,Western Africa,959983,2017,Nutrition,"52,5","-0,03"
Food and Agriculture Organization,Africa,Mali,2017-03-20,Post-conflict Needs,Western Africa,1931420,2017,Agriculture,"52,5","-0,03"
United Nations Population Fund,Africa,Mali,2017-03-28,Post-conflict Needs,Western Africa,250009,2017,Protection,"52,5","-0,03"
United Nations High Commissioner for Refugees,Africa,Mali,2017-03-20,Post-conflict Needs,Western Africa,279024,2017,Protection,"52,5","-0,03"
International Organization for Migration,Africa,Mali,2017-03-27,Post-conflict Needs,Western Africa,112550,2017,Shelter and Non-Food Items,"52,5","-0,03"
United Nations High Commissioner for Refugees,Africa,Mali,2017-03-27,Post-conflict Needs,Western Africa,149998,2017,Shelter and Non-Food Items,"52,5","-0,03"
World Health Organization,Africa,Mali,2017-03-22,Post-conflict Needs,Western Africa,338331,2017,Health,"52,5","-0,03"
United Nations Population Fund,Africa,Mali,2017-03-22,Post-conflict Needs,Western Africa,149075,2017,Health,"52,5","-0,03"
United Nations Office for Project Services,Africa,Mali,2017-03-17,Post-conflict Needs,Western Africa,133868,2017,Protection,"52,5","-0,03"
World Food Programme,Africa,Mali,2017-03-24,Post-conflict Needs,Western Africa,1924516,2017,Food Assistance,"52,5","-0,03"
World Food Programme,Africa,Mali,2017-03-24,Post-conflict Needs,Western Africa,677050,2017,Nutrition,"52,5","-0,03"
United Nations Children’s Fund,Africa,Republic of the Sudan,2017-09-29,Displacement,Northern Africa,1696958,2017,Nutrition,"12,8","-0,12"
United Nations Children’s Fund,Africa,Republic of the Sudan,2017-09-29,Displacement,Northern Africa,1177767,2017,Education; Protection,"12,8","-0,12"
United Nations Children’s Fund,Africa,Republic of the Sudan,2017-10-04,Displacement,Northern Africa,741052,2017,Water; Sanitation and Hygiene,"12,8","-0,12"
United Nations Population Fund,Africa,Republic of the Sudan,2017-09-25,Displacement,Northern Africa,300000,2017,Protection,"12,8","-0,12"
United Nations High Commissioner for Refugees,Africa,Republic of the Sudan,2017-09-29,Displacement,Northern Africa,1600007,2017,Multi-Sector Refugee Assistance,"12,8","-0,12"
International Organization for Migration,Africa,Republic of the Sudan,2017-10-16,Displacement,Northern Africa,699999,2017,Shelter and Non-Food Items,"12,8","-0,12"
International Organization for Migration,Africa,Republic of the Sudan,2017-10-20,Displacement,Northern Africa,500000,2017,Water; Sanitation and Hygiene,"12,8","-0,12"
World Food Programme,Africa,Republic of the Sudan,2017-09-25,Displacement,Northern Africa,4499671,2017,Food Assistance,"12,8","-0,12"
World Food Programme,Africa,Republic of the Sudan,2017-09-29,Displacement,Northern Africa,1704528,2017,Nutrition,"12,8","-0,12"
World Health Organization,Africa,Republic of the Sudan,2017-09-29,Displacement,Northern Africa,1250001,2017,Health,"12,8","-0,12"
Food and Agriculture Organization,Africa,Central African Republic,2017-10-06,Displacement,Middle Africa,700011,2017,Agriculture,"76,4","-0,09"
International Organization for Migration,Africa,Central African Republic,2017-10-17,Displacement,Middle Africa,1059981,2017,Shelter and Non-Food Items,"76,4","-0,09"
United Nations Population Fund,Africa,Central African Republic,2017-10-11,Displacement,Middle Africa,1200005,2017,Protection,"76,4","-0,09"
United Nations Children’s Fund,Africa,Central African Republic,2017-10-11,Displacement,Middle Africa,400000,2017,Protection,"76,4","-0,09"
United Nations High Commissioner for Refugees,Africa,Central African Republic,2017-10-11,Displacement,Middle Africa,400000,2017,Protection,"76,4","-0,09"
World Health Organization,Africa,Central African Republic,2017-10-09,Displacement,Middle Africa,460002,2017,Health,"76,4","-0,09"
World Food Programme,Africa,Central African Republic,2017-10-12,Displacement,Middle Africa,2995664,2017,Common Services,"76,4","-0,09"
World Food Programme,Africa,Central African Republic,2017-10-12,Displacement,Middle Africa,919912,2017,Food Assistance,"76,4","-0,09"
United Nations High Commissioner for Refugees,Africa,Central African Republic,2017-10-16,Displacement,Middle Africa,970051,2017,Shelter and Non-Food Items; Common Services,"76,4","-0,09"
United Nations Children’s Fund,Africa,Central African Republic,2017-10-09,Displacement,Middle Africa,890000,2017,Nutrition; Water; Sanitation and Hygiene,"76,4","-0,09"
Food and Agriculture Organization,Asia,Afghanistan,2017-10-05,Displacement,Southern Asia,3000000,2017,Agriculture; Agriculture,"70,6","0,06"
World Food Programme,Asia,Afghanistan,2017-10-05,Displacement,Southern Asia,1600042,2017,Food Assistance,"70,6","0,06"
World Health Organization,Asia,Afghanistan,2017-10-20,Displacement,Southern Asia,810628,2017,Health,"70,6","0,06"
United Nations Children’s Fund,Asia,Afghanistan,2017-10-05,Displacement,Southern Asia,800000,2017,Water; Sanitation and Hygiene; Protection,"70,6","0,06"
International Organization for Migration,Asia,Afghanistan,2017-10-20,Displacement,Southern Asia,1786246,2017,Shelter and Non-Food Items; Protection,"70,6","0,06"
United Nations High Commissioner for Refugees,Asia,Afghanistan,2017-10-05,Displacement,Southern Asia,1999989,2017,Shelter and Non-Food Items,"70,6","0,06"
United Nations Children’s Fund,Africa,Chad,2017-10-26,Displacement,Middle Africa,396705,2017,Education,"72,8","-0,18"
World Food Programme,Africa,Chad,2017-10-26,Displacement,Middle Africa,1500000,2017,Common Services,"72,8","-0,18"
United Nations Children’s Fund,Africa,Chad,2017-10-26,Displacement,Middle Africa,700014,2017,Nutrition,"72,8","-0,18"
United Nations High Commissioner for Refugees,Africa,Chad,2017-10-26,Displacement,Middle Africa,300000,2017,Nutrition,"72,8","-0,18"
World Health Organization,Africa,Chad,2017-10-26,Displacement,Middle Africa,769999,2017,Health,"72,8","-0,18"
United Nations Children’s Fund,Africa,Chad,2017-10-26,Displacement,Middle Africa,480000,2017,Health,"72,8","-0,18"
United Nations Population Fund,Africa,Chad,2017-10-26,Displacement,Middle Africa,350000,2017,Health,"72,8","-0,18"
World Food Programme,Africa,Chad,2017-10-27,Displacement,Middle Africa,5663065,2017,Multi-Sector,"72,8","-0,18"
Food and Agriculture Organization,Africa,Chad,2017-10-27,Displacement,Middle Africa,154503,2017,Multi-Sector,"72,8","-0,18"
United Nations Population Fund,Africa,Chad,2017-10-27,Displacement,Middle Africa,263864,2017,Multi-Sector,"72,8","-0,18"
United Nations High Commissioner for Refugees,Africa,Chad,2017-10-27,Displacement,Middle Africa,250000,2017,Multi-Sector,"72,8","-0,18"
United Nations Children’s Fund,Africa,Chad,2017-10-27,Displacement,Middle Africa,166813,2017,Multi-Sector,"72,8","-0,18"
Food and Agriculture Organization,Africa,Eritrea,2018-03-01,Drought,Eastern Africa,476593,2018,Agriculture,"38,6","-0,24"
United Nations Development Programme,Africa,Eritrea,2018-02-22,Drought,Eastern Africa,556101,2018,Agriculture,"38,6","-0,24"
United Nations Population Fund,Africa,Eritrea,2018-02-22,Drought,Eastern Africa,350010,2018,Nutrition,"38,6","-0,24"
United Nations High Commissioner for Refugees,Africa,Eritrea,2018-02-19,Drought,Eastern Africa,407719,2018,Multi-Sector Refugee Assistance,"38,6","-0,24"
United Nations Children’s Fund,Africa,Eritrea,2018-03-12,Drought,Eastern Africa,2695432,2018,Nutrition,"38,6","-0,24"
World Health Organization,Africa,Eritrea,2018-02-22,Drought,Eastern Africa,508440,2018,Health,"38,6","-0,24"
United Nations Children’s Fund,Africa,Mali,2018-03-01,Displacement,Western Africa,1950000,2018,Water; Sanitation and Hygiene,"53,7","0,00"
World Food Programme,Africa,Mali,2018-02-28,Displacement,Western Africa,1200000,2018,Nutrition,"53,7","0,00"
United Nations Children’s Fund,Africa,United Republic of Tanzania,2018-03-06,Displacement,Eastern Africa,401647,2018,Health,"51,9","0,27"
International Organization for Migration,Africa,United Republic of Tanzania,2018-03-06,Displacement,Eastern Africa,555386,2018,Protection,"51,9","0,27"
United Nations Population Fund,Africa,United Republic of Tanzania,2018-02-28,Displacement,Eastern Africa,350000,2018,Health,"51,9","0,27"
United Nations Children’s Fund,Africa,United Republic of Tanzania,2018-03-06,Displacement,Eastern Africa,298528,2018,Protection,"51,9","0,27"
United Nations Children’s Fund,Africa,United Republic of Tanzania,2018-03-05,Displacement,Eastern Africa,450470,2018,Water; Sanitation and Hygiene,"51,9","0,27"
World Food Programme,Africa,United Republic of Tanzania,2018-03-02,Displacement,Eastern Africa,3792763,2018,Food Assistance,"51,9","0,27"
United Nations High Commissioner for Refugees,Africa,United Republic of Tanzania,2018-03-06,Displacement,Eastern Africa,4146664,2018,Multi-Sector Refugee Assistance,"51,9","0,27"
Food and Agriculture Organization,Africa,Mali,2018-03-05,Displacement,Western Africa,1099960,2018,Agriculture,"53,7","0,00"
World Food Programme,Africa,Mali,2018-03-05,Displacement,Western Africa,1699841,2018,Food Assistance,"53,7","0,00"
United Nations Children’s Fund,Africa,Mali,2018-03-05,Displacement,Western Africa,1200000,2018,Nutrition,"53,7","0,00"
International Organization for Migration,Africa,Mali,2018-03-12,Displacement,Western Africa,849999,2018,Water; Sanitation and Hygiene,"53,7","0,00"
United Nations Population Fund,Asia,Philippines,2018-03-06,Displacement,South-Eastern Asia,400018,2018,Protection,"42,5","0,16"
United Nations Population Fund,Asia,Philippines,2018-03-06,Displacement,South-Eastern Asia,399841,2018,Health,"42,5","0,16"
Food and Agriculture Organization,Asia,Philippines,2018-03-09,Displacement,South-Eastern Asia,849997,2018,Agriculture,"42,5","0,16"
United Nations Development Programme,Asia,Philippines,2018-03-20,Displacement,South-Eastern Asia,691923,2018,Early Recovery,"42,5","0,16"
United Nations High Commissioner for Refugees,Asia,Philippines,2018-03-09,Displacement,South-Eastern Asia,500000,2018,Protection,"42,5","0,16"
United Nations Children’s Fund,Asia,Philippines,2018-03-06,Displacement,South-Eastern Asia,453766,2018,Nutrition,"42,5","0,16"
World Food Programme,Asia,Philippines,2018-03-13,Displacement,South-Eastern Asia,1200000,2018,Food Assistance,"42,5","0,16"
World Health Organization,Asia,Philippines,2018-03-06,Displacement,South-Eastern Asia,536158,2018,Health,"42,5","0,16"
United Nations Development Programme,Asia,Pakistan,2018-03-20,Post-conflict Needs,Southern Asia,1150000,2018,Education,"55,2","0,11"
United Nations Children’s Fund,Asia,Pakistan,2018-03-20,Post-conflict Needs,Southern Asia,1345190,2018,Education,"55,2","0,11"
Food and Agriculture Organization,Asia,Pakistan,2018-03-23,Post-conflict Needs,Southern Asia,2800432,2018,Agriculture,"55,2","0,11"
World Food Programme,Asia,Pakistan,2018-03-23,Post-conflict Needs,Southern Asia,1199936,2018,Food Assistance,"55,2","0,11"
United Nations Children’s Fund,Asia,Pakistan,2018-03-09,Post-conflict Needs,Southern Asia,702009,2018,Nutrition,"55,2","0,11"
World Food Programme,Asia,Pakistan,2018-03-09,Post-conflict Needs,Southern Asia,550238,2018,Nutrition,"55,2","0,11"
World Health Organization,Asia,Pakistan,2018-03-09,Post-conflict Needs,Southern Asia,246000,2018,Nutrition,"55,2","0,11"
World Health Organization,Africa,Cameroon,2018-03-20,Displacement,Middle Africa,901411,2018,Health,"55,6","0,09"
United Nations Population Fund,Africa,Cameroon,2018-03-20,Displacement,Middle Africa,700072,2018,Health,"55,6","0,09"
United Nations Entity for Gender Equality and the Empowerment of Women,Africa,Cameroon,2018-03-20,Displacement,Middle Africa,795668,2018,Protection,"55,6","0,09"
United Nations Children’s Fund,Africa,Cameroon,2018-03-14,Displacement,Middle Africa,712635,2018,Protection,"55,6","0,09"
United Nations High Commissioner for Refugees,Africa,Cameroon,2018-03-23,Displacement,Middle Africa,908839,2018,Protection,"55,6","0,09"
International Organization for Migration,Africa,Cameroon,2018-03-20,Displacement,Middle Africa,389300,2018,Protection,"55,6","0,09"
United Nations Children’s Fund,Africa,Cameroon,2018-03-14,Displacement,Middle Africa,1000001,2018,Water; Sanitation and Hygiene,"55,6","0,09"
World Food Programme,Africa,Cameroon,2018-03-14,Displacement,Middle Africa,1500492,2018,Food Assistance,"55,6","0,09"
Food and Agriculture Organization,Africa,Cameroon,2018-03-20,Displacement,Middle Africa,501629,2018,Agriculture,"55,6","0,09"
World Food Programme,Africa,Cameroon,2018-03-23,Displacement,Middle Africa,2474440,2018,Multi-Sector,"55,6","0,09"
Food and Agriculture Organization,Africa,Democratic Republic of the Congo,2018-03-16,Displacement,Middle Africa,4461914,2018,Agriculture,19,"0,19"
World Food Programme,Africa,Democratic Republic of the Congo,2018-03-16,Displacement,Middle Africa,3400000,2018,Food Assistance,19,"0,19"
International Organization for Migration,Africa,Democratic Republic of the Congo,2018-03-15,Displacement,Middle Africa,1089413,2018,Shelter and Non-Food Items,19,"0,19"
World Food Programme,Africa,Democratic Republic of the Congo,2018-03-12,Displacement,Middle Africa,999853,2018,Common Services,19,"0,19"
United Nations Population Fund,Africa,Democratic Republic of the Congo,2018-03-15,Displacement,Middle Africa,600000,2018,Health,19,"0,19"
United Nations High Commissioner for Refugees,Africa,Democratic Republic of the Congo,2018-03-15,Displacement,Middle Africa,2726305,2018,Shelter and Non-Food Items,19,"0,19"
United Nations High Commissioner for Refugees,Africa,Democratic Republic of the Congo,2018-03-14,Displacement,Middle Africa,200317,2018,Protection,19,"0,19"
United Nations High Commissioner for Refugees,Africa,Democratic Republic of the Congo,2018-03-23,Displacement,Middle Africa,1000108,2018,Multi-Sector Refugee Assistance,19,"0,19"
United Nations Children’s Fund,Africa,Democratic Republic of the Congo,2018-03-21,Displacement,Middle Africa,1658421,2018,Shelter and Non-Food Items,19,"0,19"
United Nations Children’s Fund,Africa,Democratic Republic of the Congo,2018-03-23,Displacement,Middle Africa,6084537,2018,Education; Protection,19,"0,19"
United Nations Children’s Fund,Africa,Democratic Republic of the Congo,2018-03-12,Displacement,Middle Africa,2548230,2018,Water; Sanitation and Hygiene,19,"0,19"
United Nations Children’s Fund,Africa,Democratic Republic of the Congo,2018-03-16,Displacement,Middle Africa,1410608,2018,Nutrition,19,"0,19"
United Nations Office for Project Services,Africa,Democratic Republic of the Congo,2018-03-14,Displacement,Middle Africa,549995,2018,Protection,19,"0,19"
World Health Organization,Africa,Democratic Republic of the Congo,2018-03-12,Displacement,Middle Africa,1110403,2018,Health,19,"0,19"
International Organization for Migration,Americas,Haiti,2018-03-20,Storm,Latin America and the Caribbean,2779840,2018,Shelter and Non-Food Items,"45,4","0,04"
Food and Agriculture Organization,Americas,Haiti,2018-03-15,Storm,Latin America and the Caribbean,984569,2018,Agriculture,"45,4","0,04"
World Health Organization,Americas,Haiti,2018-03-23,Cholera,Latin America and the Caribbean,1723155,2018,Health,"45,4","0,04"
United Nations Population Fund,Americas,Haiti,2018-03-23,Storm,Latin America and the Caribbean,497717,2018,Health,"45,4","0,04"
United Nations Children’s Fund,Americas,Haiti,2018-03-20,Cholera,Latin America and the Caribbean,1300018,2018,Health,"45,4","0,04"
United Nations Children’s Fund,Americas,Haiti,2018-03-21,Storm,Latin America and the Caribbean,699977,2018,Nutrition,"45,4","0,04"
United Nations Children’s Fund,Americas,Haiti,2018-03-15,Cholera,Latin America and the Caribbean,250000,2018,Water; Sanitation and Hygiene,"45,4","0,04"
World Food Programme,Americas,Haiti,2018-03-20,Storm,Latin America and the Caribbean,749901,2018,Food Assistance,"45,4","0,04"
International Organization for Migration,Africa,Uganda,2018-03-20,Displacement,Eastern Africa,1100000,2018,Water; Sanitation and Hygiene,"49,3","0,30"
United Nations Children’s Fund,Africa,Uganda,2018-03-23,Displacement,Eastern Africa,595548,2018,Protection,"49,3","0,30"
United Nations Population Fund,Africa,Uganda,2018-03-15,Displacement,Eastern Africa,1500124,2018,Protection,"49,3","0,30"
World Food Programme,Africa,Uganda,2018-03-15,Displacement,Eastern Africa,4500000,2018,Multi-Sector Refugee Assistance,"49,3","0,30"
United Nations High Commissioner for Refugees,Africa,Uganda,2018-03-15,Displacement,Eastern Africa,4810721,2018,Multi-Sector Refugee Assistance,"49,3","0,30"
World Health Organization,Africa,Uganda,2018-03-21,Displacement,Eastern Africa,500088,2018,Health,"49,3","0,30"
United Nations Children’s Fund,Africa,Uganda,2018-03-20,Displacement,Eastern Africa,2100000,2018,Multi-Sector Refugee Assistance,"49,3","0,30"
Food and Agriculture Organization,Africa,Uganda,2018-03-20,Displacement,Eastern Africa,784555,2018,Agriculture,"49,3","0,30"
United Nations Entity for Gender Equality and the Empowerment of Women,Africa,Uganda,2018-03-20,Displacement,Eastern Africa,500094,2018,Protection,"49,3","0,30"
United Nations Development Programme,Africa,Uganda,2018-03-21,Displacement,Eastern Africa,597062,2018,Multi-Sector Refugee Assistance,"49,3","0,30"
United Nations Population Fund,Africa,Angola,2018-09-13,Displacement,Middle Africa,150000,2018,Health,"31,3","0,01"
United Nations High Commissioner for Refugees,Africa,Angola,2018-09-18,Displacement,Middle Africa,450000,2018,Health,"31,3","0,01"
United Nations High Commissioner for Refugees,Africa,Angola,2018-09-18,Displacement,Middle Africa,500947,2018,Water; Sanitation and Hygiene,"31,3","0,01"
World Food Programme,Africa,Angola,2018-09-18,Displacement,Middle Africa,900003,2018,Food Assistance,"31,3","0,01"
Food and Agriculture Organization,Africa,Central African Republic,2018-09-26,Displacement,Middle Africa,799842,2018,Agriculture,"64,2","-0,01"
International Organization for Migration,Africa,Central African Republic,2018-10-09,Displacement,Middle Africa,589840,2018,Camp Coordination and Camp Management; Shelter and Non-Food Items,"64,2","-0,01"
United Nations Population Fund,Africa,Central African Republic,2018-09-21,Displacement,Middle Africa,847836,2018,Protection,"64,2","-0,01"
United Nations High Commissioner for Refugees,Africa,Central African Republic,2018-09-18,Displacement,Middle Africa,1149979,2018,Camp Coordination and Camp Management,"64,2","-0,01"
United Nations Children’s Fund,Africa,Central African Republic,2018-09-18,Displacement,Middle Africa,600929,2018,Education,"64,2","-0,01"
United Nations Children’s Fund,Africa,Central African Republic,2018-09-18,Displacement,Middle Africa,1013510,2018,Nutrition,"64,2","-0,01"
United Nations Children’s Fund,Africa,Central African Republic,2018-09-18,Displacement,Middle Africa,1500322,2018,Water; Sanitation and Hygiene,"64,2","-0,01"
World Food Programme,Africa,Central African Republic,2018-09-18,Displacement,Middle Africa,2498676,2018,Food Assistance,"64,2","-0,01"
World Food Programme,Africa,Central African Republic,2018-09-21,Displacement,Middle Africa,381090,2018,Nutrition,"64,2","-0,01"
World Health Organization,Africa,Central African Republic,2018-09-18,Displacement,Middle Africa,550134,2018,Health,"64,2","-0,01"
World Food Programme,Africa,Burundi,2018-09-21,Displacement,Eastern Africa,1099518,2018,Food Assistance,"41,4","-0,07"
United Nations High Commissioner for Refugees,Africa,Burundi,2018-09-21,Displacement,Eastern Africa,1540005,2018,Multi-Sector Refugee Assistance,"41,4","-0,07"
Food and Agriculture Organization,Africa,Burundi,2018-09-21,Displacement,Eastern Africa,360000,2018,Agriculture,"41,4","-0,07"
International Organization for Migration,Africa,Burundi,2018-10-02,Displacement,Eastern Africa,900001,2018,Shelter and Non-Food Items,"41,4","-0,07"
United Nations Population Fund,Africa,Burundi,2018-09-25,Displacement,Eastern Africa,399951,2018,Protection,"41,4","-0,07"
United Nations Children’s Fund,Africa,Burundi,2018-09-21,Displacement,Eastern Africa,699821,2018,Water; Sanitation and Hygiene,"41,4","-0,07"
World Food Programme,Asia,Bangladesh,2018-09-25,Displacement,Southern Asia,4750011,2018,Food Assistance,"49,2","-0,16"
United Nations Children’s Fund,Asia,Bangladesh,2018-09-25,Displacement,Southern Asia,749997,2018,Nutrition,"49,2","-0,16"
International Organization for Migration,Asia,Bangladesh,2018-10-08,Displacement,Southern Asia,1600000,2018,Health,"49,2","-0,16"
United Nations Entity for Gender Equality and the Empowerment of Women,Asia,Bangladesh,2018-10-08,Displacement,Southern Asia,199897,2018,Health,"49,2","-0,16"
United Nations Population Fund,Asia,Bangladesh,2018-10-08,Displacement,Southern Asia,999959,2018,Health,"49,2","-0,16"
United Nations Children’s Fund,Asia,Bangladesh,2018-10-08,Displacement,Southern Asia,1500000,2018,Health,"49,2","-0,16"
World Health Organization,Asia,Bangladesh,2018-10-08,Displacement,Southern Asia,1500001,2018,Health,"49,2","-0,16"
United Nations High Commissioner for Refugees,Asia,Bangladesh,2018-09-25,Displacement,Southern Asia,2902556,2018,Multi-Sector Refugee Assistance,"49,2","-0,16"
United Nations Children’s Fund,Asia,Bangladesh,2018-09-25,Displacement,Southern Asia,2500094,2018,Water; Sanitation and Hygiene,"49,2","-0,16"
International Organization for Migration,Asia,Bangladesh,2018-09-25,Displacement,Southern Asia,1300000,2018,Water; Sanitation and Hygiene,"49,2","-0,16"
United Nations Population Fund,Africa,Rwanda,2018-09-25,Displacement,Eastern Africa,125067,2018,Health,"42,8","-0,19"
United Nations High Commissioner for Refugees,Africa,Rwanda,2018-09-25,Displacement,Eastern Africa,675000,2018,Multi-Sector Refugee Assistance,"42,8","-0,19"
World Food Programme,Africa,Rwanda,2018-09-25,Displacement,Eastern Africa,2200000,2018,Food Assistance,"42,8","-0,19"
World Food Programme,Africa,Republic of Congo,2018-10-09,Displacement,Middle Africa,700001,2018,Nutrition,"10,9","-0,34"
United Nations Development Programme,Africa,Republic of Congo,2018-10-09,Displacement,Middle Africa,452123,2018,Agriculture,"10,9","-0,34"
United Nations Children’s Fund,Africa,Republic of Congo,2018-10-09,Displacement,Middle Africa,699713,2018,Health,"10,9","-0,34"
United Nations High Commissioner for Refugees,Africa,Republic of Congo,2018-10-09,Displacement,Middle Africa,899972,2018,Multi-Sector Refugee Assistance,"10,9","-0,34"
United Nations Population Fund,Africa,Republic of Congo,2018-10-02,Displacement,Middle Africa,288007,2018,Health,"10,9","-0,34"
World Health Organization,Africa,Republic of Congo,2018-10-09,Displacement,Middle Africa,487067,2018,Health,"10,9","-0,34"
Food and Agriculture Organization,Africa,Republic of Congo,2018-10-10,Displacement,Middle Africa,449999,2018,Agriculture,"10,9","-0,34"
International Organization for Migration,Africa,Republic of the Sudan,2018-10-09,Post-conflict Needs,Northern Africa,600000,2018,Water; Sanitation and Hygiene,"10,9","-0,34"
United Nations High Commissioner for Refugees,Africa,Republic of the Sudan,2018-10-10,Post-conflict Needs,Northern Africa,2749050,2018,Multi-Sector Refugee Assistance,"10,9","-0,34"
United Nations Children’s Fund,Africa,Republic of the Sudan,2018-10-15,Post-conflict Needs,Northern Africa,3920000,2018,Nutrition,"10,9","-0,34"
United Nations Children’s Fund,Africa,Republic of the Sudan,2018-10-09,Post-conflict Needs,Northern Africa,962378,2018,Education,"10,9","-0,34"
United Nations Children’s Fund,Africa,Republic of the Sudan,2018-10-08,Post-conflict Needs,Northern Africa,1400000,2018,Water; Sanitation and Hygiene,"10,9","-0,34"
World Food Programme,Africa,Republic of the Sudan,2018-10-11,Post-conflict Needs,Northern Africa,6350748,2018,Food Assistance,"10,9","-0,34"
World Health Organization,Africa,Republic of the Sudan,2018-10-09,Post-conflict Needs,Northern Africa,2575700,2018,Health,"10,9","-0,34"
Food and Agriculture Organization,Africa,Republic of the Sudan,2018-10-04,Post-conflict Needs,Northern Africa,1440000,2018,Agriculture,"10,9","-0,34"
Food and Agriculture Organization,Africa,Libya,2018-10-11,Displacement,Northern Africa,250000,2018,Agriculture,"57,4","-0,04"
International Organization for Migration,Africa,Libya,2018-10-22,Displacement,Northern Africa,500020,2018,Health,"57,4","-0,04"
World Food Programme,Africa,Libya,2018-10-15,Displacement,Northern Africa,850167,2018,Common Services; Common Services,"57,4","-0,04"
United Nations Population Fund,Africa,Libya,2018-10-18,Displacement,Northern Africa,1149999,2018,Protection; Health,"57,4","-0,04"
United Nations High Commissioner for Refugees,Africa,Libya,2018-10-11,Displacement,Northern Africa,1200000,2018,Protection,"57,4","-0,04"
United Nations Children’s Fund,Africa,Libya,2018-10-18,Displacement,Northern Africa,549247,2018,Health,"57,4","-0,04"
United Nations Office for Project Services,Africa,Libya,2018-10-22,Displacement,Northern Africa,800000,2018,Protection,"57,4","-0,04"
United Nations Children’s Fund,Africa,Libya,2018-10-15,Displacement,Northern Africa,499910,2018,Water; Sanitation and Hygiene,"57,4","-0,04"
World Food Programme,Africa,Libya,2018-10-23,Displacement,Northern Africa,1355986,2018,Food Assistance,"57,4","-0,04"
World Health Organization,Africa,Libya,2018-10-11,Displacement,Northern Africa,950001,2018,Health,"57,4","-0,04"
United Nations Children’s Fund,Asia,Democratic People's Republic of Korea,2018-10-23,Multiple Emergencies,Eastern Asia,1524971,2018,Health,"18,3","0,11"
United Nations Children’s Fund,Asia,Democratic People's Republic of Korea,2018-10-23,Multiple Emergencies,Eastern Asia,1154949,2018,Nutrition,"18,3","0,11"
United Nations Children’s Fund,Asia,Democratic People's Republic of Korea,2018-10-23,Multiple Emergencies,Eastern Asia,600361,2018,Water; Sanitation and Hygiene,"18,3","0,11"
World Food Programme,Asia,Democratic People's Republic of Korea,2018-10-22,Multiple Emergencies,Eastern Asia,2745000,2018,Nutrition,"18,3","0,11"
World Health Organization,Asia,Democratic People's Republic of Korea,2018-10-22,Multiple Emergencies,Eastern Asia,3478487,2018,Health,"18,3","0,11"
Food and Agriculture Organization,Asia,Democratic People's Republic of Korea,2018-10-22,Multiple Emergencies,Eastern Asia,500000,2018,Agriculture,"18,3","0,11"
United Nations Children’s Fund,Africa,Madagascar,2019-02-21,Multiple Emergencies,Eastern Africa,856144,2019,Health,"36,6","-0,03"
World Health Organization,Africa,Madagascar,2019-02-26,Multiple Emergencies,Eastern Africa,368856,2019,Health,"36,6","-0,03"
Food and Agriculture Organization,Africa,Madagascar,2019-03-08,Multiple Emergencies,Eastern Africa,1449142,2019,Agriculture,"36,6","-0,03"
United Nations Population Fund,Africa,Madagascar,2019-03-08,Multiple Emergencies,Eastern Africa,175000,2019,Health,"36,6","-0,03"
United Nations Children’s Fund,Africa,Madagascar,2019-03-08,Multiple Emergencies,Eastern Africa,399965,2019,Nutrition; Water; Sanitation and Hygiene,"36,6","-0,03"
World Food Programme,Africa,Madagascar,2019-03-08,Multiple Emergencies,Eastern Africa,1649812,2019,Food Assistance; Nutrition,"36,6","-0,03"
United Nations Development Programme,Africa,Madagascar,2019-03-12,Multiple Emergencies,Eastern Africa,100000,2019,Multi-Purpose Cash,"36,6","-0,03"
Food and Agriculture Organization,Europe,Ukraine,2019-04-20,Post-conflict Needs,Eastern Europe,557963,2019,Agriculture,"44,3","-0,23"
International Organization for Migration,Europe,Ukraine,2019-04-10,Post-conflict Needs,Eastern Europe,1116000,2019,Shelter and Non-Food Items; Water; Sanitation and Hygiene; Agriculture,"44,3","-0,23"
Office of the High Commissioner for Human Rights,Europe,Ukraine,2019-05-03,Post-conflict Needs,Eastern Europe,414346,2019,Protection,"44,3","-0,23"
United Nations Population Fund,Europe,Ukraine,2019-05-01,Post-conflict Needs,Eastern Europe,642646,2019,Health,"44,3","-0,23"
United Nations High Commissioner for Refugees,Europe,Ukraine,2019-04-20,Post-conflict Needs,Eastern Europe,928181,2019,Protection; Shelter and Non-Food Items,"44,3","-0,23"
United Nations Children’s Fund,Europe,Ukraine,2019-04-11,Post-conflict Needs,Eastern Europe,1415169,2019,Education; Health; Protection; Water; Sanitation and Hygiene,"44,3","-0,23"
World Health Organization,Europe,Ukraine,2019-05-03,Post-conflict Needs,Eastern Europe,928760,2019,Health,"44,3","-0,23"
Food and Agriculture Organization,Africa,Chad,2019-04-11,Multiple Emergencies,Middle Africa,500000,2019,Agriculture,"51,6","0,02"
World Health Organization,Africa,Chad,2019-04-08,Multiple Emergencies,Middle Africa,200181,2019,Health,"51,6","0,02"
United Nations Population Fund,Africa,Chad,2019-04-08,Multiple Emergencies,Middle Africa,692528,2019,Protection,"51,6","0,02"
United Nations High Commissioner for Refugees,Africa,Chad,2019-04-08,Multiple Emergencies,Middle Africa,2000500,2019,Multi-Sector Refugee Assistance,"51,6","0,02"
United Nations Children’s Fund,Africa,Chad,2019-04-11,Multiple Emergencies,Middle Africa,2229165,2019,Nutrition; Water; Sanitation and Hygiene,"51,6","0,02"
World Food Programme,Africa,Chad,2019-04-09,Multiple Emergencies,Middle Africa,3957000,2019,Agriculture; Food Assistance; Nutrition,"51,6","0,02"
World Food Programme,Africa,Chad,2019-04-08,Multiple Emergencies,Middle Africa,999866,2019,Common Services,"51,6","0,02"
United Nations Children’s Fund,Africa,Chad,2019-04-08,Multiple Emergencies,Middle Africa,250000,2019,Protection,"51,6","0,02"
United Nations High Commissioner for Refugees,Africa,Chad,2019-04-08,Multiple Emergencies,Middle Africa,150073,2019,Multi-Sector Refugee Assistance,"51,6","0,02"
Food and Agriculture Organization,Americas,Honduras,2019-04-17,Drought,Latin America and the Caribbean,749994,2019,Agriculture,"34,1","-0,11"
United Nations Children’s Fund,Americas,Honduras,2019-04-17,Drought,Latin America and the Caribbean,440000,2019,Water; Sanitation and Hygiene,"34,1","-0,11"
World Food Programme,Americas,Honduras,2019-04-17,Drought,Latin America and the Caribbean,1809930,2019,Food Assistance,"34,1","-0,11"
Food and Agriculture Organization,Americas,Colombia,2019-04-17,Multiple Emergencies,Latin America and the Caribbean,758967,2019,Agriculture,"43,7","-0,02"
United Nations Population Fund,Americas,Colombia,2019-04-17,Multiple Emergencies,Latin America and the Caribbean,1000000,2019,Protection; Health,"43,7","-0,02"
United Nations High Commissioner for Refugees,Americas,Colombia,2019-04-16,Multiple Emergencies,Latin America and the Caribbean,699915,2019,Protection,"43,7","-0,02"
United Nations Children’s Fund,Americas,Colombia,2019-04-20,Multiple Emergencies,Latin America and the Caribbean,903477,2019,Education,"43,7","-0,02"
United Nations Children’s Fund,Americas,Colombia,2019-04-20,Multiple Emergencies,Latin America and the Caribbean,1200000,2019,Water; Sanitation and Hygiene,"43,7","-0,02"
United Nations Office for Project Services,Americas,Colombia,2019-04-16,Multiple Emergencies,Latin America and the Caribbean,800131,2019,Protection,"43,7","-0,02"
World Food Programme,Americas,Colombia,2019-04-20,Multiple Emergencies,Latin America and the Caribbean,742038,2019,Food Assistance,"43,7","-0,02"
World Health Organization,Americas,Colombia,2019-04-20,Multiple Emergencies,Latin America and the Caribbean,887317,2019,Health,"43,7","-0,02"
United Nations Entity for Gender Equality and the Empowerment of Women,Americas,Colombia,2019-04-20,Multiple Emergencies,Latin America and the Caribbean,600000,2019,Protection,"43,7","-0,02"
United Nations Children’s Fund,Americas,Colombia,2019-04-20,Multiple Emergencies,Latin America and the Caribbean,400000,2019,Health,"43,7","-0,02"
United Nations Children’s Fund,Americas,Haiti,2019-04-30,Cholera,Latin America and the Caribbean,3400714,2019,Water; Sanitation and Hygiene,"40,6","0,21"
World Health Organization,Americas,Haiti,2019-04-16,Cholera,Latin America and the Caribbean,1617652,2019,Health,"40,6","0,21"
United Nations High Commissioner for Refugees,Africa,Democratic Republic of the Congo,2019-04-20,Multiple Emergencies,Middle Africa,1073052,2019,Protection,"18,3","0,01"
United Nations Children’s Fund,Africa,Democratic Republic of the Congo,2019-04-12,Multiple Emergencies,Middle Africa,834013,2019,Protection,"18,3","0,01"
United Nations Office for Project Services,Africa,Democratic Republic of the Congo,2019-04-17,Multiple Emergencies,Middle Africa,398807,2019,Protection,"18,3","0,01"
World Food Programme,Africa,Democratic Republic of the Congo,2019-04-12,Multiple Emergencies,Middle Africa,3386575,2019,Food Assistance,"18,3","0,01"
Food and Agriculture Organization,Africa,Democratic Republic of the Congo,2019-04-20,Multiple Emergencies,Middle Africa,1861912,2019,Agriculture,"18,3","0,01"
United Nations Children’s Fund,Africa,Democratic Republic of the Congo,2019-04-15,Multiple Emergencies,Middle Africa,4075672,2019,Nutrition,"18,3","0,01"
World Health Organization,Africa,Democratic Republic of the Congo,2019-04-30,Multiple Emergencies,Middle Africa,1153302,2019,Health,"18,3","0,01"
United Nations Population Fund,Africa,Democratic Republic of the Congo,2019-04-20,Multiple Emergencies,Middle Africa,7158021,2019,Protection; Health,"18,3","0,01"
United Nations Children’s Fund,Africa,Democratic Republic of the Congo,2019-04-20,Multiple Emergencies,Middle Africa,4550968,2019,Education,"18,3","0,01"
United Nations Children’s Fund,Africa,Democratic Republic of the Congo,2019-04-12,Multiple Emergencies,Middle Africa,1909576,2019,Water; Sanitation and Hygiene; Shelter and Non-Food Items,"18,3","0,01"
United Nations High Commissioner for Refugees,Africa,Democratic Republic of the Congo,2019-04-17,Multiple Emergencies,Middle Africa,2606532,2019,Shelter and Non-Food Items; Protection; Multi-Purpose Cash,"18,3","0,01"
World Food Programme,Africa,Democratic Republic of the Congo,2019-04-17,Multiple Emergencies,Middle Africa,2745023,2019,Common Services,"18,3","0,01"
Food and Agriculture Organization,Africa,Djibouti,2019-04-16,Multiple Emergencies,Eastern Africa,800000,2019,Agriculture,"34,2","0,08"
United Nations High Commissioner for Refugees,Africa,Djibouti,2019-04-16,Multiple Emergencies,Eastern Africa,150000,2019,Protection,"34,2","0,08"
International Organization for Migration,Africa,Djibouti,2019-04-26,Multiple Emergencies,Eastern Africa,503158,2019,Water; Sanitation and Hygiene,"34,2","0,08"
United Nations Children’s Fund,Africa,Djibouti,2019-04-20,Multiple Emergencies,Eastern Africa,210000,2019,Health,"34,2","0,08"
United Nations Children’s Fund,Africa,Djibouti,2019-04-16,Multiple Emergencies,Eastern Africa,849999,2019,Water; Sanitation and Hygiene,"34,2","0,08"
World Food Programme,Africa,Djibouti,2019-04-23,Multiple Emergencies,Eastern Africa,750000,2019,Nutrition,"34,2","0,08"
World Health Organization,Africa,Djibouti,2019-04-23,Multiple Emergencies,Eastern Africa,130000,2019,Nutrition,"34,2","0,08"
World Health Organization,Africa,Djibouti,2019-04-20,Multiple Emergencies,Eastern Africa,259968,2019,Health,"34,2","0,08"
World Health Organization,Africa,Djibouti,2019-04-23,Multiple Emergencies,Eastern Africa,350000,2019,Health,"34,2","0,08"
Food and Agriculture Organization,Asia,occupied Palestinian territory,2019-04-05,Post-conflict Needs,Western Asia,1500000,2019,Agriculture,"17,5","-0,11"
World Food Programme,Asia,occupied Palestinian territory,2019-04-05,Post-conflict Needs,Western Asia,783409,2019,Food Assistance,"17,5","-0,11"
World Health Organization,Asia,occupied Palestinian territory,2019-04-05,Post-conflict Needs,Western Asia,1100000,2019,Health,"17,5","-0,11"
United Nations Relief and Works Agency,Asia,occupied Palestinian territory,2019-04-05,Human Rights,Western Asia,758000,2019,Health,"17,5","-0,11"
United Nations Children’s Fund,Asia,occupied Palestinian territory,2019-04-16,Post-conflict Needs,Western Asia,1664310,2019,Health; Protection; Education; Water; Sanitation and Hygiene,"17,5","-0,11"
United Nations Children’s Fund,Asia,occupied Palestinian territory,2019-04-20,Post-conflict Needs,Western Asia,1000000,2019,Health; Protection; Education; Water; Sanitation and Hygiene,"17,5","-0,11"
Food and Agriculture Organization,Africa,Niger,2019-04-23,Displacement,Western Africa,900001,2019,Agriculture,"66,1","-0,06"
International Organization for Migration,Africa,Niger,2019-04-20,Displacement,Western Africa,750007,2019,Shelter and Non-Food Items,"66,1","-0,06"
United Nations Population Fund,Africa,Niger,2019-04-23,Displacement,Western Africa,899977,2019,Health; Protection,"66,1","-0,06"
United Nations High Commissioner for Refugees,Africa,Niger,2019-04-30,Displacement,Western Africa,1200000,2019,Multi-Sector Refugee Assistance; Protection,"66,1","-0,06"
United Nations Children’s Fund,Africa,Niger,2019-05-06,Displacement,Western Africa,1138628,2019,Protection; Education,"66,1","-0,06"
United Nations Children’s Fund,Africa,Niger,2019-04-23,Displacement,Western Africa,599817,2019,Nutrition,"66,1","-0,06"
United Nations Children’s Fund,Africa,Niger,2019-04-20,Displacement,Western Africa,500008,2019,Water; Sanitation and Hygiene,"66,1","-0,06"
World Food Programme,Africa,Niger,2019-04-20,Displacement,Western Africa,1251346,2019,Food Assistance; Nutrition,"66,1","-0,06"
World Health Organization,Africa,Niger,2019-04-20,Displacement,Western Africa,750003,2019,Health,"66,1","-0,06"
Food and Agriculture Organization,Africa,Uganda,2019-04-30,Displacement,Eastern Africa,2000000,2019,Agriculture,"51,6","-0,09"
International Organization for Migration,Africa,Uganda,2019-05-07,Displacement,Eastern Africa,1000000,2019,Water; Sanitation and Hygiene,"51,6","-0,09"
United Nations Entity for Gender Equality and the Empowerment of Women,Africa,Uganda,2019-05-10,Displacement,Eastern Africa,550257,2019,Protection,"51,6","-0,09"
United Nations Development Programme,Africa,Uganda,2019-05-14,Displacement,Eastern Africa,1507667,2019,Multi-Sector Refugee Assistance,"51,6","-0,09"
United Nations Population Fund,Africa,Uganda,2019-04-30,Displacement,Eastern Africa,1094874,2019,Health; Protection,"51,6","-0,09"
United Nations High Commissioner for Refugees,Africa,Uganda,2019-05-16,Displacement,Eastern Africa,5105000,2019,Multi-Sector Refugee Assistance,"51,6","-0,09"
United Nations Children’s Fund,Africa,Uganda,2019-04-25,Displacement,Eastern Africa,2660000,2019,Multi-Sector Refugee Assistance,"51,6","-0,09"
World Food Programme,Africa,Uganda,2019-04-26,Displacement,Eastern Africa,3483802,2019,Food Assistance,"51,6","-0,09"
World Health Organization,Africa,Uganda,2019-05-16,Displacement,Eastern Africa,589973,2019,Health,"51,6","-0,09"
United Nations Population Fund,Asia,occupied Palestinian territory,2019-04-05,Post-conflict Needs,Western Asia,942764,2019,Health,"17,5","-0,11"
International Organization for Migration,Africa,United Republic of Tanzania,2019-04-25,Displacement,Eastern Africa,700006,2019,Protection,"44,3","-0,23"
United Nations Population Fund,Africa,United Republic of Tanzania,2019-04-26,Displacement,Eastern Africa,300008,2019,Health,"44,3","-0,23"
United Nations High Commissioner for Refugees,Africa,United Republic of Tanzania,2019-05-14,Displacement,Eastern Africa,2500000,2019,Water; Sanitation and Hygiene; Protection; Health,"44,3","-0,23"
United Nations Children’s Fund,Africa,United Republic of Tanzania,2019-04-25,Displacement,Eastern Africa,500007,2019,Protection; Water; Sanitation and Hygiene; Health,"44,3","-0,23"
World Food Programme,Africa,United Republic of Tanzania,2019-05-14,Displacement,Eastern Africa,1989324,2019,Food Assistance,"44,3","-0,23"
Food and Agriculture Organization,Africa,Cameroon,2019-05-06,Displacement,Middle Africa,1155702,2019,Agriculture,"58,3","-0,11"
International Organization for Migration,Africa,Cameroon,2019-04-26,Displacement,Middle Africa,500024,2019,Protection,"58,3","-0,11"
United Nations Entity for Gender Equality and the Empowerment of Women,Africa,Cameroon,2019-05-01,Displacement,Middle Africa,502087,2019,Protection,"58,3","-0,11"
United Nations Development Programme,Africa,Cameroon,2019-05-02,Displacement,Middle Africa,104617,2019,Common Services,"58,3","-0,11"
United Nations Population Fund,Africa,Cameroon,2019-05-01,Displacement,Middle Africa,1229413,2019,Protection; Health,"58,3","-0,11"
United Nations High Commissioner for Refugees,Africa,Cameroon,2019-05-07,Displacement,Middle Africa,794014,2019,Protection,"58,3","-0,11"
United Nations High Commissioner for Refugees,Africa,Cameroon,2019-05-07,Displacement,Middle Africa,2499811,2019,Protection; Shelter and Non-Food Items,"58,3","-0,11"
United Nations Children’s Fund,Africa,Cameroon,2019-05-02,Displacement,Middle Africa,1500001,2019,Protection,"58,3","-0,11"
United Nations Children’s Fund,Africa,Cameroon,2019-04-26,Displacement,Middle Africa,508053,2019,Education,"58,3","-0,11"
World Food Programme,Africa,Cameroon,2019-04-26,Displacement,Middle Africa,2501436,2019,Food Assistance,"58,3","-0,11"
United Nations Children’s Fund,Africa,Eritrea,2019-09-24,Drought,Eastern Africa,599842,2019,Nutrition; Water; Sanitation and Hygiene; Health,"36,9","0,62"
Food and Agriculture Organization,Africa,Eritrea,2019-09-19,Drought,Eastern Africa,400000,2019,Agriculture,"36,9","0,62"
United Nations Population Fund,Africa,Eritrea,2019-09-24,Drought,Eastern Africa,250000,2019,Health,"36,9","0,62"
United Nations Development Programme,Africa,Eritrea,2019-09-19,Drought,Eastern Africa,500270,2019,Agriculture,"36,9","0,62"
World Health Organization,Africa,Eritrea,2019-09-13,Drought,Eastern Africa,250000,2019,Health,"36,9","0,62"
United Nations Children’s Fund,Asia,Bangladesh,2019-09-24,Displacement,Southern Asia,3500000,2019,Education,"49,7","0,11"
United Nations High Commissioner for Refugees,Asia,Bangladesh,2019-09-24,Displacement,Southern Asia,1604491,2019,Education,"49,7","0,11"
United Nations High Commissioner for Refugees,Asia,Bangladesh,2019-09-25,Displacement,Southern Asia,1366460,2019,Protection; Shelter and Non-Food Items; Water; Sanitation and Hygiene,"49,7","0,11"
International Organization for Migration,Asia,Bangladesh,2019-09-24,Displacement,Southern Asia,2080748,2019,Shelter and Non-Food Items; Health; Water; Sanitation and Hygiene,"49,7","0,11"
United Nations Population Fund,Asia,Bangladesh,2019-09-24,Displacement,Southern Asia,1552824,2019,Health; Protection,"49,7","0,11"
International Organization for Migration,Asia,Afghanistan,2019-09-23,Displacement,Southern Asia,1800001,2019,Health; Protection,"66,7","0,04"
United Nations High Commissioner for Refugees,Asia,Afghanistan,2019-09-23,Displacement,Southern Asia,200000,2019,Protection,"66,7","0,04"
United Nations Children’s Fund,Asia,Afghanistan,2019-09-24,Displacement,Southern Asia,7090682,2019,Water; Sanitation and Hygiene; Protection; Nutrition; Health,"66,7","0,04"
United Nations Office for Project Services,Asia,Afghanistan,2019-09-23,Displacement,Southern Asia,299997,2019,Protection,"66,7","0,04"
World Food Programme,Asia,Afghanistan,2019-09-23,Displacement,Southern Asia,422360,2019,Nutrition,"66,7","0,04"
World Health Organization,Asia,Afghanistan,2019-09-23,Displacement,Southern Asia,6186957,2019,Health; Nutrition,"66,7","0,04"
Food and Agriculture Organization,Africa,Mali,2019-09-16,Displacement,Western Africa,400000,2019,Agriculture,"58,2","0,13"
World Food Programme,Africa,Mali,2019-09-23,Displacement,Western Africa,2150000,2019,Food Assistance; Nutrition,"58,2","0,13"
United Nations Office for Project Services,Africa,Mali,2019-09-17,Displacement,Western Africa,200000,2019,Protection,"58,2","0,13"
United Nations Population Fund,Africa,Mali,2019-09-23,Displacement,Western Africa,599988,2019,Protection; Health,"58,2","0,13"
International Organization for Migration,Africa,Mali,2019-09-19,Displacement,Western Africa,334001,2019,Shelter and Non-Food Items; Protection,"58,2","0,13"
United Nations High Commissioner for Refugees,Africa,Mali,2019-09-16,Displacement,Western Africa,666030,2019,Protection; Shelter and Non-Food Items,"58,2","0,13"
United Nations Children’s Fund,Africa,Mali,2019-09-17,Displacement,Western Africa,450068,2019,Nutrition,"58,2","0,13"
United Nations Children’s Fund,Africa,Mali,2019-09-17,Displacement,Western Africa,1199999,2019,Education; Protection,"58,2","0,13"
International Organization for Migration,Americas,Venezuela Regional Refugee and Migration Crisis,2019-10-03,Displacement,Latin America and the Caribbean,3000000,2019,Shelter and Non-Food Items; Food Assistance; Health; Protection; Protection,39,"0,39"
United Nations High Commissioner for Refugees,Americas,Venezuela Regional Refugee and Migration Crisis,2019-09-25,Displacement,Latin America and the Caribbean,3000000,2019,Protection; Protection; Multi-Purpose Cash; Shelter and Non-Food Items,39,"0,39"
United Nations Children’s Fund,Americas,Venezuela,2019-09-27,Displacement,Latin America and the Caribbean,4529034,2019,Protection; Health; Nutrition; Water; Sanitation and Hygiene,39,"0,39"
United Nations High Commissioner for Refugees,Americas,Venezuela,2019-10-03,Displacement,Latin America and the Caribbean,769175,2019,Protection,39,"0,39"
World Health Organization,Americas,Venezuela,2019-09-27,Displacement,Latin America and the Caribbean,2804717,2019,Health,39,"0,39"
United Nations Population Fund,Americas,Venezuela,2019-10-03,Displacement,Latin America and the Caribbean,1912760,2019,Health; Protection; Water; Sanitation and Hygiene,39,"0,39"
United Nations Children’s Fund,Africa,Republic of the Sudan,2019-10-07,Multiple Emergencies,Northern Africa,5624990,2019,Health; Nutrition; Water; Sanitation and Hygiene; Education; Protection,11,"0,20"
United Nations Population Fund,Africa,Republic of the Sudan,2019-09-27,Multiple Emergencies,Northern Africa,1340070,2019,Health; Protection,11,"0,20"
Food and Agriculture Organization,Africa,Republic of the Sudan,2019-10-03,Multiple Emergencies,Northern Africa,2000000,2019,Agriculture,11,"0,20"
United Nations High Commissioner for Refugees,Africa,Republic of the Sudan,2019-11-01,Multiple Emergencies,Northern Africa,503530,2019,Protection,11,"0,20"
World Food Programme,Africa,Republic of the Sudan,2019-09-27,Multiple Emergencies,Northern Africa,1800117,2019,Nutrition,11,"0,20"
World Health Organization,Africa,Republic of the Sudan,2019-10-03,Multiple Emergencies,Northern Africa,2734887,2019,Health; Nutrition; Water; Sanitation and Hygiene,11,"0,20"
Food and Agriculture Organization,Africa,Burkina Faso,2019-10-04,Displacement,Western Africa,650000,2019,Agriculture,"37,7","0,03"
United Nations High Commissioner for Refugees,Africa,Burkina Faso,2019-09-27,Displacement,Western Africa,1600000,2019,Protection; Shelter and Non-Food Items,"37,7","0,03"
International Organization for Migration,Africa,Burkina Faso,2019-09-25,Displacement,Western Africa,699801,2019,Protection; Shelter and Non-Food Items,"37,7","0,03"
United Nations Population Fund,Africa,Burkina Faso,2019-10-03,Displacement,Western Africa,412093,2019,Protection; Health,"37,7","0,03"
United Nations Children’s Fund,Africa,Burkina Faso,2019-09-27,Displacement,Western Africa,1700000,2019,Water; Sanitation and Hygiene; Health; Protection,"37,7","0,03"
World Food Programme,Africa,Burkina Faso,2019-10-01,Displacement,Western Africa,350020,2019,Agriculture,"37,7","0,03"
World Health Organization,Africa,Burkina Faso,2019-10-07,Displacement,Western Africa,599969,2019,Health,"37,7","0,03"
United Nations Children’s Fund,Africa,Cameroon,2019-10-03,Displacement,Middle Africa,999993,2019,Education,"68,6","0,07"
United Nations Children’s Fund,Africa,Cameroon,2019-10-01,Displacement,Middle Africa,500039,2019,Nutrition,"68,6","0,07"
United Nations High Commissioner for Refugees,Africa,Cameroon,2019-10-22,Displacement,Middle Africa,500000,2019,Protection,"68,6","0,07"
United Nations Educational Scientific and Cultural Organization,Africa,Cameroon,2019-09-30,Displacement,Middle Africa,500000,2019,Education,"68,6","0,07"
World Food Programme,Africa,Cameroon,2019-09-30,Displacement,Middle Africa,1002597,2019,Multi-Purpose Cash,"68,6","0,07"
World Health Organization,Africa,Cameroon,2019-10-07,Displacement,Middle Africa,1499889,2019,Health,"68,6","0,07"
Food and Agriculture Organization,Africa,Mauritania,2020-02-28,Drought,Western Africa,800000,2020,Agriculture,"35,6","-0,03"
United Nations Children’s Fund,Africa,Mauritania,2020-02-28,Drought,Western Africa,999380,2020,Nutrition; Education; Water; Sanitation and Hygiene,"35,6","-0,03"
International Organization for Migration,Africa,Mauritania,2020-03-02,Drought,Western Africa,800000,2020,Water; Sanitation and Hygiene; Agriculture,"35,6","-0,03"
World Food Programme,Africa,Mauritania,2020-03-05,Drought,Western Africa,2200000,2020,Food Assistance; Common Services; Nutrition,"35,6","-0,03"
United Nations Population Fund,Africa,Mauritania,2020-03-05,Drought,Western Africa,600000,2020,Health; Protection,"35,6","-0,03"
United Nations High Commissioner for Refugees,Africa,Mauritania,2020-02-28,Drought,Western Africa,600000,2020,Health,"35,6","-0,03"
United Nations Population Fund,Asia,Lebanon,2020-03-05,Post-conflict Needs,Western Asia,800000,2020,Health,"29,7","0,33"
United Nations High Commissioner for Refugees,Asia,Lebanon,2020-03-05,Post-conflict Needs,Western Asia,7099562,2020,Health; Protection; Shelter and Non-Food Items,"29,7","0,33"
United Nations Children’s Fund,Asia,Lebanon,2020-03-05,Post-conflict Needs,Western Asia,1620000,2020,Education,"29,7","0,33"
United Nations Relief and Works Agency,Asia,Lebanon,2020-03-05,Post-conflict Needs,Western Asia,1976441,2020,Education; Shelter and Non-Food Items,"29,7","0,33"
World Health Organization,Asia,Lebanon,2020-03-05,Post-conflict Needs,Western Asia,1492431,2020,Health,"29,7","0,33"
Food and Agriculture Organization,Africa,Chad,2020-03-05,Displacement,Middle Africa,700000,2020,Agriculture,"59,4","0,00"
United Nations High Commissioner for Refugees,Africa,Chad,2020-03-03,Displacement,Middle Africa,2270108,2020,Protection; Shelter and Non-Food Items; Water; Sanitation and Hygiene; Camp Coordination and Camp Management; Multi-Sector Refugee Assistance,"59,4","0,00"
International Organization for Migration,Africa,Chad,2020-02-28,Displacement,Middle Africa,1000000,2020,Camp Coordination and Camp Management; Shelter and Non-Food Items,"59,4","0,00"
World Health Organization,Africa,Chad,2020-03-05,Displacement,Middle Africa,250048,2020,Health,"59,4","0,00"
World Food Programme,Africa,Chad,2020-03-09,Displacement,Middle Africa,2725005,2020,Food Assistance; Nutrition,"59,4","0,00"
United Nations Population Fund,Africa,Chad,2020-03-09,Displacement,Middle Africa,950000,2020,Multi-Sector Refugee Assistance; Protection,"59,4","0,00"
World Food Programme,Africa,Chad,2020-03-02,Displacement,Middle Africa,1000000,2020,Common Services,"59,4","0,00"
United Nations Children’s Fund,Africa,Chad,2020-03-18,Displacement,Middle Africa,3125001,2020,Nutrition; Water; Sanitation and Hygiene; Protection,"59,4","0,00"
United Nations Children’s Fund,Asia,Jordan,2020-03-10,Displacement,Western Asia,2000000,2020,Water; Sanitation and Hygiene,26,"0,31"
United Nations High Commissioner for Refugees,Asia,Jordan,2020-03-10,Displacement,Western Asia,2299210,2020,Health; Protection,26,"0,31"
United Nations Entity for Gender Equality and the Empowerment of Women,Asia,Jordan,2020-03-06,Displacement,Western Asia,400020,2020,Protection,26,"0,31"
United Nations Relief and Works Agency,Asia,Jordan,2020-03-06,Displacement,Western Asia,600000,2020,Protection,26,"0,31"
Food and Agriculture Organization,Americas,Honduras,2020-03-09,Drought,Latin America and the Caribbean,899999,2020,Agriculture,"34,8","0,14"
International Organization for Migration,Americas,Honduras,2020-03-16,Drought,Latin America and the Caribbean,100000,2020,Protection,"34,8","0,14"
United Nations Children’s Fund,Americas,Honduras,2020-03-31,Drought,Latin America and the Caribbean,1250039,2020,Protection; Water; Sanitation and Hygiene,"34,8","0,14"
World Food Programme,Americas,Honduras,2020-03-26,Drought,Latin America and the Caribbean,2050000,2020,Food Assistance,"34,8","0,14"
United Nations Population Fund,Asia,Jordan,2020-03-06,Displacement,Western Asia,301191,2020,Protection,26,"0,31"
World Health Organization,Americas,Honduras,2020-03-12,Drought,Latin America and the Caribbean,700000,2020,Health,"34,8","0,14"
United Nations Population Fund,Asia,Jordan,2020-03-06,Displacement,Western Asia,399979,2020,Health,26,"0,31"
Food and Agriculture Organization,Americas,Haiti,2020-03-12,Economic Disruption,Latin America and the Caribbean,1250000,2020,Agriculture,"57,3","0,23"
World Food Programme,Americas,Haiti,2020-03-12,Economic Disruption,Latin America and the Caribbean,1249881,2020,Food Assistance,"57,3","0,23"
World Health Organization,Americas,Haiti,2020-03-12,Economic Disruption,Latin America and the Caribbean,800126,2020,Health,"57,3","0,23"
United Nations Children’s Fund,Americas,Guatemala,2020-03-31,Drought,Latin America and the Caribbean,996545,2020,Nutrition,"37,9","-0,05"
United Nations Children’s Fund,Americas,Guatemala,2020-03-18,Drought,Latin America and the Caribbean,250000,2020,Water; Sanitation and Hygiene,"37,9","-0,05"
Food and Agriculture Organization,Americas,Guatemala,2020-03-23,Drought,Latin America and the Caribbean,600000,2020,Agriculture,"37,9","-0,05"
United Nations Population Fund,Americas,Guatemala,2020-03-23,Drought,Latin America and the Caribbean,199997,2020,Health,"37,9","-0,05"
World Health Organization,Americas,Guatemala,2020-03-30,Drought,Latin America and the Caribbean,798270,2020,Health,"37,9","-0,05"
United Nations Entity for Gender Equality and the Empowerment of Women,Americas,Guatemala,2020-03-26,Drought,Latin America and the Caribbean,150078,2020,Protection,"37,9","-0,05"
United Nations Children’s Fund,Asia,Syrian Arab Republic,2020-03-18,Displacement,Western Asia,9183202,2020,Education; Nutrition; Protection; Water; Sanitation and Hygiene,"71,3","-0,10"
Food and Agriculture Organization,Asia,Syrian Arab Republic,2020-03-16,Displacement,Western Asia,3504124,2020,Agriculture,"71,3","-0,10"
United Nations High Commissioner for Refugees,Asia,Syrian Arab Republic,2020-03-16,Displacement,Western Asia,4000000,2020,Shelter and Non-Food Items,"71,3","-0,10"
United Nations Development Programme,Asia,Syrian Arab Republic,2020-03-12,Displacement,Western Asia,2000000,2020,Early Recovery,"71,3","-0,10"
World Food Programme,Asia,Syrian Arab Republic,2020-03-16,Displacement,Western Asia,3500000,2020,Agriculture,"71,3","-0,10"
World Health Organization,Asia,Syrian Arab Republic,2020-03-13,Displacement,Western Asia,2700001,2020,Health,"71,3","-0,10"
United Nations Children’s Fund,Americas,Haiti,2020-03-12,Economic Disruption,Latin America and the Caribbean,2000002,2020,Education; Protection; Health,"57,3","0,23"
United Nations Population Fund,Americas,Haiti,2020-03-12,Economic Disruption,Latin America and the Caribbean,1699396,2020,Health; Protection,"57,3","0,23"
World Food Programme,Americas,Guatemala,2020-04-03,Drought,Latin America and the Caribbean,1998787,2020,Food Assistance,"37,9","-0,05"
Food and Agriculture Organization,Africa,Niger,2020-03-23,Displacement,Western Africa,1099350,2020,Agriculture,"51,9","0,04"
United Nations Population Fund,Africa,Niger,2020-03-23,Displacement,Western Africa,699994,2020,Protection,"51,9","0,04"
United Nations High Commissioner for Refugees,Africa,Niger,2020-03-30,Displacement,Western Africa,1400004,2020,Protection; Multi-Sector Refugee Assistance,"51,9","0,04"
International Organization for Migration,Africa,Niger,2020-03-20,Displacement,Western Africa,1100000,2020,Shelter and Non-Food Items,"51,9","0,04"
World Food Programme,Africa,Niger,2020-03-24,Displacement,Western Africa,2500000,2020,Food Assistance; Nutrition,"51,9","0,04"
World Food Programme,Africa,Niger,2020-03-26,Displacement,Western Africa,951697,2020,Common Services,"51,9","0,04"
World Health Organization,Africa,Niger,2020-03-30,Displacement,Western Africa,999997,2020,Health,"51,9","0,04"
United Nations Children’s Fund,Africa,Niger,2020-03-30,Displacement,Western Africa,2200329,2020,Nutrition; Education; Protection; Water; Sanitation and Hygiene,"51,9","0,04"
United Nations Children’s Fund,Asia,Democratic People's Republic of Korea,2020-06-04,Economic Disruption,Eastern Asia,699887,2020,Health,"20,3","-0,46"
World Health Organization,Asia,Democratic People's Republic of Korea,2020-06-04,Economic Disruption,Eastern Asia,499733,2020,Health,"20,3","-0,46"
World Food Programme,Asia,Democratic People's Republic of Korea,2020-06-04,Economic Disruption,Eastern Asia,1900000,2020,Nutrition; Food Assistance,"20,3","-0,46"
United Nations Population Fund,Asia,Democratic People's Republic of Korea,2020-06-04,Economic Disruption,Eastern Asia,700069,2020,Health,"20,3","-0,46"
Food and Agriculture Organization,Asia,Democratic People's Republic of Korea,2020-06-04,Economic Disruption,Eastern Asia,700000,2020,Agriculture,"20,3","-0,46"
United Nations Children’s Fund,Asia,Democratic People's Republic of Korea,2020-06-04,Economic Disruption,Eastern Asia,500000,2020,Water; Sanitation and Hygiene,"20,3","-0,46"
Food and Agriculture Organization,Africa,Democratic Republic of the Congo,2020-03-31,Displacement,Middle Africa,1000000,2020,Agriculture,"20,3","-0,46"
United Nations Population Fund,Africa,Democratic Republic of the Congo,2020-04-09,Displacement,Middle Africa,3684988,2020,Protection; Health,"20,3","-0,46"
International Organization for Migration,Africa,Democratic Republic of the Congo,2020-03-31,Displacement,Middle Africa,2561352,2020,Shelter and Non-Food Items; Water; Sanitation and Hygiene,"20,3","-0,46"
United Nations High Commissioner for Refugees,Africa,Democratic Republic of the Congo,2020-04-14,Displacement,Middle Africa,5429385,2020,Protection; Shelter and Non-Food Items; Protection,"20,3","-0,46"
United Nations High Commissioner for Refugees,Africa,Democratic Republic of the Congo,2020-04-01,Displacement,Middle Africa,900023,2020,Multi-Sector Refugee Assistance,"20,3","-0,46"
United Nations Children’s Fund,Africa,Democratic Republic of the Congo,2020-04-06,Displacement,Middle Africa,8703931,2020,Nutrition; Water; Sanitation and Hygiene; Education; Protection; Shelter and Non-Food Items,"20,3","-0,46"
World Food Programme,Africa,Democratic Republic of the Congo,2020-03-30,Displacement,Middle Africa,6500386,2020,Common Services; Food Assistance,"20,3","-0,46"
World Health Organization,Africa,Democratic Republic of the Congo,2020-03-30,Displacement,Middle Africa,1203825,2020,Health,"20,3","-0,46"
United Nations Children’s Fund,Asia,Bangladesh,2020-08-21,Displacement,Southern Asia,3494543,2020,Education,"50,3","0,08"
United Nations High Commissioner for Refugees,Asia,Bangladesh,2020-08-28,Displacement,Southern Asia,1395509,2020,Education,"50,3","0,08"
Food and Agriculture Organization,Africa,Mozambique,2020-10-21,Displacement,Eastern Africa,700000,2020,Agriculture,"49,9","-0,04"
International Organization for Migration,Africa,Mozambique,2020-10-27,Displacement,Eastern Africa,1300000,2020,Shelter and Non-Food Items; Camp Coordination and Camp Management; Protection; Health,"49,9","-0,04"
United Nations High Commissioner for Refugees,Africa,Mozambique,2020-10-29,Displacement,Eastern Africa,775001,2020,Protection; Shelter and Non-Food Items; Camp Coordination and Camp Management,"49,9","-0,04"
World Health Organization,Africa,Mozambique,2020-10-27,Cholera,Eastern Africa,250061,2020,Health,"49,9","-0,04"
World Food Programme,Africa,Mozambique,2020-10-21,Displacement,Eastern Africa,1499766,2020,Food Assistance,"49,9","-0,04"
United Nations Children’s Fund,Africa,Mozambique,2020-10-21,Displacement,Eastern Africa,1824999,2020,Education; Protection; Health; Water; Sanitation and Hygiene,"49,9","-0,04"
United Nations Population Fund,Africa,Mozambique,2020-10-21,Displacement,Eastern Africa,650061,2020,Health; Protection,"49,9","-0,04"
United Nations Children’s Fund,Asia,Pakistan,2020-10-20,Drought,Southern Asia,2200000,2020,Nutrition,"56,1","-0,17"
United Nations Population Fund,Asia,Pakistan,2020-10-20,Drought,Southern Asia,890001,2020,Health; Protection,"56,1","-0,17"
World Food Programme,Asia,Pakistan,2020-10-23,Drought,Southern Asia,2063958,2020,Nutrition,"56,1","-0,17"
United Nations Entity for Gender Equality and the Empowerment of Women,Asia,Pakistan,2020-10-20,Drought,Southern Asia,175001,2020,Protection,"56,1","-0,17"
World Health Organization,Asia,Pakistan,2020-11-10,Drought,Southern Asia,645314,2020,Protection; Nutrition,"56,1","-0,17"
United Nations Population Fund,Asia,Yemen,2020-11-05,Violence/Clashes,Western Asia,9999995,2020,Health,"76,1","0,00"
United Nations Children’s Fund,Asia,Yemen,2020-11-05,Violence/Clashes,Western Asia,15999941,2020,Nutrition; Water; Sanitation and Hygiene,"76,1","0,00"
World Health Organization,Asia,Yemen,2020-11-05,Violence/Clashes,Western Asia,9000001,2020,Health; Nutrition,"76,1","0,00"
United Nations Children’s Fund,Africa,Burundi,2020-11-16,Displacement,Eastern Africa,950000,2020,Water; Sanitation and Hygiene; Education; Protection,"58,5","-0,05"
United Nations High Commissioner for Refugees,Africa,Burundi,2020-11-16,Displacement,Eastern Africa,1200231,2020,Shelter and Non-Food Items; Common Services; Multi-Purpose Cash,"58,5","-0,05"
World Food Programme,Africa,Burundi,2020-11-12,Displacement,Eastern Africa,1500000,2020,Food Assistance,"58,5","-0,05"
International Organization for Migration,Africa,Burundi,2020-11-17,Displacement,Eastern Africa,650000,2020,Shelter and Non-Food Items; Camp Coordination and Camp Management,"58,5","-0,05"
United Nations Population Fund,Africa,Burundi,2020-11-12,Displacement,Eastern Africa,700000,2020,Protection,"58,5","-0,05"
Food and Agriculture Organization,Asia,Afghanistan,2020-10-29,Violence/Clashes,Southern Asia,5000000,2020,Agriculture,"70,5","0,02"
International Organization for Migration,Asia,Afghanistan,2020-10-29,Violence/Clashes,Southern Asia,500000,2020,Health,"70,5","0,02"
United Nations Population Fund,Asia,Afghanistan,2020-10-29,Violence/Clashes,Southern Asia,1000000,2020,Protection,"70,5","0,02"
United Nations Children’s Fund,Asia,Afghanistan,2020-10-30,Violence/Clashes,Southern Asia,2875000,2020,Nutrition; Water; Sanitation and Hygiene,"70,5","0,02"
World Food Programme,Asia,Afghanistan,2020-10-30,Violence/Clashes,Southern Asia,1625000,2020,Nutrition,"70,5","0,02"
World Health Organization,Asia,Afghanistan,2020-10-30,Violence/Clashes,Southern Asia,1999965,2020,Health; Nutrition; Water; Sanitation and Hygiene,"70,5","0,02"
United Nations Population Fund,Africa,Uganda,2020-11-19,Displacement,Eastern Africa,699284,2020,Health; Protection,"48,8","-0,11"
United Nations High Commissioner for Refugees,Africa,Uganda,2020-11-10,Displacement,Eastern Africa,2000000,2020,Protection; Protection; Protection,"48,8","-0,11"
United Nations Children’s Fund,Africa,Uganda,2020-11-10,Cholera,Eastern Africa,600000,2020,Nutrition,"48,8","-0,11"
World Health Organization,Africa,Uganda,2020-11-11,Displacement,Eastern Africa,499984,2020,Health,"48,8","-0,11"
United Nations Entity for Gender Equality and the Empowerment of Women,Africa,Uganda,2020-11-13,Displacement,Eastern Africa,1200068,2020,Protection; Multi-Purpose Cash,"48,8","-0,11"
United Nations Children’s Fund,Africa,Nigeria,2020-10-29,Displacement,Western Africa,4399657,2020,Education; Protection,"69,9","0,04"
United Nations Population Fund,Africa,Nigeria,2020-10-29,Displacement,Western Africa,2402289,2020,Protection,"69,9","0,04"
United Nations High Commissioner for Refugees,Africa,Nigeria,2020-10-29,Displacement,Western Africa,3800000,2020,Protection; Shelter and Non-Food Items; Camp Coordination and Camp Management,"69,9","0,04"
International Organization for Migration,Africa,Nigeria,2020-11-05,Displacement,Western Africa,2400000,2020,Camp Coordination and Camp Management; Shelter and Non-Food Items,"69,9","0,04"
United Nations Children’s Fund,Americas,Colombia,2020-12-01,Post-conflict Needs,Latin America and the Caribbean,1003631,2020,Protection; Water; Sanitation and Hygiene; Education,"40,2","-0,06"
United Nations Population Fund,Americas,Colombia,2020-11-18,Post-conflict Needs,Latin America and the Caribbean,947445,2020,Protection; Health,"40,2","-0,06"
United Nations High Commissioner for Refugees,Americas,Colombia,2020-11-24,Post-conflict Needs,Latin America and the Caribbean,743151,2020,Protection,"40,2","-0,06"
World Food Programme,Americas,Colombia,2020-11-20,Post-conflict Needs,Latin America and the Caribbean,889521,2020,Food Assistance; Agriculture,"40,2","-0,06"
World Health Organization,Americas,Colombia,2020-11-20,Post-conflict Needs,Latin America and the Caribbean,1108977,2020,Health,"40,2","-0,06"
United Nations Entity for Gender Equality and the Empowerment of Women,Americas,Colombia,2020-11-20,Post-conflict Needs,Latin America and the Caribbean,307275,2020,Protection,"40,2","-0,06"
United Nations Population Fund,Americas,Haiti,2020-11-17,Economic Disruption,Latin America and the Caribbean,1100000,2020,Protection; Health; Education,"51,4","0,09"
United Nations Children’s Fund,Americas,Haiti,2020-11-12,Economic Disruption,Latin America and the Caribbean,1250000,2020,Education; Nutrition; Protection,"51,4","0,09"
Food and Agriculture Organization,Americas,Haiti,2020-11-16,Economic Disruption,Latin America and the Caribbean,1500000,2020,Agriculture,"51,4","0,09"
International Organization for Migration,Americas,Haiti,2020-11-24,Economic Disruption,Latin America and the Caribbean,1150000,2020,Protection,"51,4","0,09"
World Food Programme,Africa,Burkina Faso,2020-11-17,Displacement,Western Africa,300000,2020,Common Services,"48,6","0,03"
United Nations Population Fund,Africa,Burkina Faso,2020-11-17,Displacement,Western Africa,750003,2020,Protection,"48,6","0,03"
World Health Organization,Africa,Burkina Faso,2020-11-17,Displacement,Western Africa,1050000,2020,Health,"48,6","0,03"
Food and Agriculture Organization,Africa,Burkina Faso,2020-11-17,Displacement,Western Africa,1500000,2020,Agriculture,"48,6","0,03"
United Nations Children’s Fund,Africa,Burkina Faso,2020-11-16,Displacement,Western Africa,901145,2020,Water; Sanitation and Hygiene; Nutrition,"48,6","0,03"
United Nations High Commissioner for Refugees,Africa,Burkina Faso,2020-11-17,Displacement,Western Africa,1500000,2020,Shelter and Non-Food Items; Camp Coordination and Camp Management,"48,6","0,03"
Food and Agriculture Organization,Africa,Chad,2021-09-01,Displacement,Middle Africa,500000,2021,Agriculture,"62,4","0,04"
International Organization for Migration,Africa,Chad,2021-08-24,Displacement,Middle Africa,600000,2021,Shelter and Non-Food Items,"62,4","0,04"
World Health Organization,Africa,Chad,2021-08-24,Displacement,Middle Africa,599975,2021,Health; Nutrition,"62,4","0,04"
United Nations Children’s Fund,Africa,Chad,2021-09-07,Displacement,Middle Africa,1599960,2021,Nutrition; Water; Sanitation and Hygiene; Protection; Health,"62,4","0,04"
United Nations Population Fund,Africa,Chad,2021-09-01,Displacement,Middle Africa,800000,2021,Health; Protection,"62,4","0,04"
World Food Programme,Africa,Chad,2021-09-07,Displacement,Middle Africa,1799979,2021,Food Assistance; Nutrition,"62,4","0,04"
World Food Programme,Africa,Chad,2021-09-08,Displacement,Middle Africa,802480,2021,Common Services,"62,4","0,04"
United Nations High Commissioner for Refugees,Africa,Chad,2021-09-01,Displacement,Middle Africa,298671,2021,Shelter and Non-Food Items,"62,4","0,04"
International Organization for Migration,Africa,Burkina Faso,2021-09-24,Displacement,Western Africa,500000,2021,Shelter and Non-Food Items,"56,3","0,12"
Food and Agriculture Organization,Africa,Madagascar,2021-08-25,Drought,Eastern Africa,1450000,2021,Agriculture,"47,6","0,03"
World Health Organization,Africa,Madagascar,2021-08-25,Drought,Eastern Africa,500000,2021,Health,"47,6","0,03"
United Nations Population Fund,Africa,Madagascar,2021-08-25,Drought,Eastern Africa,500000,2021,Health; Protection,"47,6","0,03"
World Food Programme,Africa,Madagascar,2021-08-25,Drought,Eastern Africa,4500000,2021,Food Assistance; Nutrition,"47,6","0,03"
United Nations Children’s Fund,Africa,Madagascar,2021-08-25,Drought,Eastern Africa,1050000,2021,Nutrition; Protection,"47,6","0,03"
United Nations Population Fund,Africa,Burkina Faso,2021-09-28,Displacement,Western Africa,500021,2021,Protection,"56,3","0,12"
United Nations High Commissioner for Refugees,Africa,Burkina Faso,2021-09-28,Displacement,Western Africa,1500000,2021,Shelter and Non-Food Items; Camp Coordination and Camp Management,"56,3","0,12"
World Food Programme,Africa,Burkina Faso,2021-09-28,Displacement,Western Africa,2000000,2021,Food Assistance,"56,3","0,12"
World Health Organization,Africa,Burkina Faso,2021-09-28,Displacement,Western Africa,1000000,2021,Health,"56,3","0,12"
United Nations Children’s Fund,Africa,Burkina Faso,2021-09-24,Displacement,Western Africa,1500000,2021,Protection; Water; Sanitation and Hygiene,"56,3","0,12"
United Nations Children’s Fund,Americas,Venezuela,2021-09-01,Economic Disruption,Latin America and the Caribbean,2500000,2021,Health; Protection; Nutrition; Education,"45,6","0,01"
United Nations Children’s Fund,Americas,Venezuela,2021-09-01,Economic Disruption,Latin America and the Caribbean,400000,2021,Education; Protection,"45,6","0,01"
United Nations Population Fund,Americas,Venezuela,2021-09-01,Economic Disruption,Latin America and the Caribbean,1300000,2021,Health,"45,6","0,01"
United Nations High Commissioner for Refugees,Americas,Venezuela,2021-08-23,Economic Disruption,Latin America and the Caribbean,1300000,2021,Shelter and Non-Food Items; Protection,"45,6","0,01"
International Organization for Migration,Americas,Venezuela,2021-08-23,Economic Disruption,Latin America and the Caribbean,1000000,2021,Shelter and Non-Food Items; Health; Protection; Food Assistance,"45,6","0,01"
World Food Programme,Americas,Venezuela,2021-09-02,Economic Disruption,Latin America and the Caribbean,400000,2021,Food Assistance,"45,6","0,01"
World Health Organization,Americas,Venezuela,2021-08-23,Economic Disruption,Latin America and the Caribbean,899993,2021,Health,"45,6","0,01"
International Organization for Migration,Africa,South Sudan,2021-10-21,Violence/Clashes,Eastern Africa,1500000,2021,Protection,"66,1","0,04"
United Nations High Commissioner for Refugees,Africa,South Sudan,2021-09-02,Violence/Clashes,Eastern Africa,3999937,2021,Protection,"66,1","0,04"
United Nations Children’s Fund,Africa,South Sudan,2021-09-01,Violence/Clashes,Eastern Africa,4941758,2021,Education; Protection,"66,1","0,04"
United Nations Population Fund,Africa,South Sudan,2021-09-01,Violence/Clashes,Eastern Africa,2000026,2021,Health; Protection,"66,1","0,04"
United Nations Population Fund,Americas,Venezuela,2021-09-02,Economic Disruption,Latin America and the Caribbean,200000,2021,Protection,"45,6","0,01"
World Food Programme,Asia,Afghanistan,2021-09-01,Post-conflict Needs,Southern Asia,3499990,2021,Food Assistance,"76,2","-0,13"
International Organization for Migration,Asia,Afghanistan,2021-09-07,Post-conflict Needs,Southern Asia,1500001,2021,Protection,"76,2","-0,13"
Food and Agriculture Organization,Asia,Afghanistan,2021-09-02,Post-conflict Needs,Southern Asia,2000008,2021,Agriculture,"76,2","-0,13"
Food and Agriculture Organization,Africa,Mozambique,2021-09-28,Displacement,Eastern Africa,180000,2021,Agriculture,"58,9","-0,07"
United Nations High Commissioner for Refugees,Africa,Mozambique,2021-09-28,Displacement,Eastern Africa,345000,2021,Protection; Protection; Camp Coordination and Camp Management,"58,9","-0,07"
World Health Organization,Africa,Mozambique,2021-09-28,Displacement,Eastern Africa,130861,2021,Health,"58,9","-0,07"
United Nations High Commissioner for Refugees,Asia,Afghanistan,2021-09-02,Post-conflict Needs,Southern Asia,4000000,2021,Protection; Shelter and Non-Food Items,"76,2","-0,13"
Food and Agriculture Organization,Africa,Cameroon,2021-09-15,Displacement,Middle Africa,899999,2021,Agriculture,"55,5","0,01"
International Organization for Migration,Africa,Cameroon,2021-09-15,Displacement,Middle Africa,499950,2021,Protection,"55,5","0,01"
United Nations High Commissioner for Refugees,Africa,Cameroon,2021-09-15,Displacement,Middle Africa,550000,2021,Protection,"55,5","0,01"
World Health Organization,Africa,Cameroon,2021-09-15,Displacement,Middle Africa,998973,2021,Health,"55,5","0,01"
International Organization for Migration,Africa,Mozambique,2021-09-28,Displacement,Eastern Africa,1210000,2021,Shelter and Non-Food Items; Camp Coordination and Camp Management; Protection; Health,"58,9","-0,07"
World Food Programme,Africa,Mozambique,2021-09-28,Displacement,Eastern Africa,1395000,2021,Food Assistance; Nutrition; Protection,"58,9","-0,07"
Food and Agriculture Organization,Africa,Nigeria,2021-09-17,Displacement,Western Africa,1400022,2021,Agriculture,"60,1","0,11"
United Nations High Commissioner for Refugees,Africa,Nigeria,2021-09-21,Displacement,Western Africa,1750063,2021,Protection; Shelter and Non-Food Items,"60,1","0,11"
United Nations Children’s Fund,Africa,Nigeria,2021-09-17,Displacement,Western Africa,3400000,2021,Nutrition; Health; Water; Sanitation and Hygiene,"60,1","0,11"
World Food Programme,Africa,Nigeria,2021-09-15,Displacement,Western Africa,1500000,2021,Common Services; Common Services,"60,1","0,11"
International Organization for Migration,Africa,Nigeria,2021-09-20,Displacement,Western Africa,750000,2021,Shelter and Non-Food Items,"60,1","0,11"
United Nations Population Fund,Africa,Nigeria,2021-09-20,Displacement,Western Africa,2194855,2021,Protection; Health,"60,1","0,11"
World Food Programme,Africa,Cameroon,2021-09-15,Displacement,Middle Africa,849997,2021,Food Assistance,"55,5","0,01"
United Nations Children’s Fund,Africa,Mozambique,2021-09-28,Displacement,Eastern Africa,1375000,2021,Nutrition; Protection; Health; Education; Water; Sanitation and Hygiene,"58,9","-0,07"
Food and Agriculture Organization,Asia,Syrian Arab Republic,2021-09-30,Violence/Clashes,Western Asia,2200000,2021,Agriculture,"69,7","-0,17"
United Nations Development Programme,Asia,Syrian Arab Republic,2021-09-29,Violence/Clashes,Western Asia,3000000,2021,Water; Sanitation and Hygiene,"69,7","-0,17"
United Nations High Commissioner for Refugees,Asia,Syrian Arab Republic,2021-09-29,Violence/Clashes,Western Asia,1600000,2021,Protection; Shelter and Non-Food Items,"69,7","-0,17"
United Nations Children’s Fund,Asia,Syrian Arab Republic,2021-10-01,Violence/Clashes,Western Asia,9500760,2021,Water; Sanitation and Hygiene; Health; Nutrition; Protection,"69,7","-0,17"
United Nations Population Fund,Asia,Syrian Arab Republic,2021-10-05,Violence/Clashes,Western Asia,499987,2021,Protection,"69,7","-0,17"
World Health Organization,Asia,Syrian Arab Republic,2021-09-29,Violence/Clashes,Western Asia,3200000,2021,Health,"69,7","-0,17"
United Nations Office for Project Services,Asia,Afghanistan,2021-09-29,Post-conflict Needs,Southern Asia,759903,2021,Protection,"76,2","-0,13"
World Health Organization,Asia,Afghanistan,2021-09-08,Post-conflict Needs,Southern Asia,740000,2021,Health; Water; Sanitation and Hygiene,"76,2","-0,13"
United Nations Children’s Fund,Africa,Cameroon,2021-09-15,Displacement,Middle Africa,1200000,2021,Nutrition; Water; Sanitation and Hygiene,"55,5","0,01"
Food and Agriculture Organization,Africa,Ethiopia,2021-09-30,Violence/Clashes,Eastern Africa,4000000,2021,Agriculture,"71,7","-0,01"
International Organization for Migration,Africa,Ethiopia,2021-09-29,Violence/Clashes,Eastern Africa,3000000,2021,Camp Coordination and Camp Management; Shelter and Non-Food Items,"71,7","-0,01"
United Nations High Commissioner for Refugees,Africa,Ethiopia,2021-10-12,Violence/Clashes,Eastern Africa,2000000,2021,Camp Coordination and Camp Management; Protection; Shelter and Non-Food Items; Protection,"71,7","-0,01"
World Health Organization,Africa,Ethiopia,2021-10-05,Violence/Clashes,Eastern Africa,4000000,2021,Health,"71,7","-0,01"
United Nations Population Fund,Africa,Mozambique,2021-09-28,Displacement,Eastern Africa,365040,2021,Health; Protection,"58,9","-0,07"
Food and Agriculture Organization,Africa,Democratic Republic of the Congo,2021-10-25,Violence/Clashes,Middle Africa,1000000,2021,Agriculture,12,"0,00"
International Organization for Migration,Africa,Democratic Republic of the Congo,2021-10-21,Violence/Clashes,Middle Africa,1000000,2021,Shelter and Non-Food Items,12,"0,00"
United Nations Population Fund,Africa,Democratic Republic of the Congo,2021-10-21,Violence/Clashes,Middle Africa,1859999,2021,Health; Protection,12,"0,00"
United Nations High Commissioner for Refugees,Africa,Democratic Republic of the Congo,2021-10-26,Violence/Clashes,Middle Africa,4600377,2021,Shelter and Non-Food Items; Protection; Multi-Sector Refugee Assistance,12,"0,00"
United Nations Children’s Fund,Africa,Democratic Republic of the Congo,2021-10-21,Violence/Clashes,Middle Africa,7090016,2021,Nutrition; Water; Sanitation and Hygiene; Protection; Education; Shelter and Non-Food Items,12,"0,00"
United Nations Children’s Fund,Africa,Democratic Republic of the Congo,2021-11-03,Violence/Clashes,Middle Africa,350000,2021,Common Services,12,"0,00"
World Food Programme,Africa,Democratic Republic of the Congo,2021-10-21,Violence/Clashes,Middle Africa,4300000,2021,Multi-Purpose Cash; Nutrition,12,"0,00"
World Health Organization,Africa,Democratic Republic of the Congo,2021-10-28,Violence/Clashes,Middle Africa,1857681,2021,Health,12,"0,00"
United Nations High Commissioner for Refugees,Africa,Nigeria,2021-10-22,Displacement,Western Africa,600362,2021,Camp Coordination and Camp Management; Shelter and Non-Food Items,"60,1","0,11"
United Nations Population Fund,Africa,Mozambique,2021-10-25,Displacement,Eastern Africa,75056,2021,Protection,"58,9","-0,07"
United Nations High Commissioner for Refugees,Africa,Mozambique,2021-10-21,Displacement,Eastern Africa,100000,2021,Protection,"58,9","-0,07"
United Nations Children’s Fund,Africa,Mozambique,2021-10-28,Displacement,Eastern Africa,200001,2021,Education; Protection,"58,9","-0,07"
International Organization for Migration,Africa,Mozambique,2021-10-28,Displacement,Eastern Africa,125000,2021,Camp Coordination and Camp Management; Protection; Water; Sanitation and Hygiene,"58,9","-0,07"
United Nations Children’s Fund,Africa,Nigeria,2021-10-29,Displacement,Western Africa,300000,2021,Protection,"60,1","0,11"
International Organization for Migration,Africa,Nigeria,2021-10-28,Displacement,Western Africa,600000,2021,Camp Coordination and Camp Management,"60,1","0,11"
United Nations High Commissioner for Refugees,Asia,Syrian Arab Republic,2021-11-16,Violence/Clashes,Western Asia,1200000,2021,Protection; Shelter and Non-Food Items,"69,7","-0,17"
United Nations Office for Project Services,Asia,Syrian Arab Republic,2021-11-15,Violence/Clashes,Western Asia,800000,2021,Protection,"69,7","-0,17"
Food and Agriculture Organization,Africa,Niger,2022-01-31,Drought,Western Africa,2600000,2022,Agriculture,"58,9","0,20"
United Nations Children’s Fund,Africa,Niger,2022-02-02,Drought,Western Africa,1500000,2022,Nutrition,"58,9","0,20"
United Nations Office for Project Services,Africa,Niger,2022-01-31,Drought,Western Africa,298571,2022,Protection,"58,9","0,20"
World Food Programme,Africa,Niger,2022-02-01,Drought,Western Africa,5200088,2022,Food Assistance; Nutrition,"58,9","0,20"
World Health Organization,Africa,Niger,2022-02-02,Drought,Western Africa,400000,2022,Health,"58,9","0,20"
United Nations Children’s Fund,Africa,Chad,2022-03-04,Displacement,Middle Africa,3274940,2022,Nutrition; Water; Sanitation and Hygiene; Protection; Education; Health,"62,4","0,08"
World Health Organization,Africa,Chad,2022-02-24,Displacement,Middle Africa,674433,2022,Health; Nutrition,"62,4","0,08"
Food and Agriculture Organization,Africa,Chad,2022-03-01,Displacement,Middle Africa,500001,2022,Agriculture,"62,4","0,08"
United Nations High Commissioner for Refugees,Africa,Chad,2022-03-04,Displacement,Middle Africa,1550000,2022,Protection; Shelter and Non-Food Items; Camp Coordination and Camp Management; Water; Sanitation and Hygiene,"62,4","0,08"
World Food Programme,Africa,Chad,2022-02-22,Displacement,Middle Africa,2000000,2022,Food Assistance; Nutrition,"62,4","0,08"
World Food Programme,Africa,Chad,2022-02-25,Displacement,Middle Africa,400000,2022,Common Services,"62,4","0,08"
International Organization for Migration,Africa,Chad,2022-03-02,Displacement,Middle Africa,700000,2022,Shelter and Non-Food Items; Water; Sanitation and Hygiene,"62,4","0,08"
International Organization for Migration,Asia,Lebanon,2022-03-07,Economic Disruption,Western Asia,1500000,2022,Health; Protection; Protection; Protection,"50,1","0,08"
United Nations Population Fund,Asia,Lebanon,2022-03-04,Economic Disruption,Western Asia,1500709,2022,Health; Protection,"50,1","0,08"
United Nations Children’s Fund,Asia,Lebanon,2022-03-04,Economic Disruption,Western Asia,1000004,2022,Protection,"50,1","0,08"
World Health Organization,Asia,Lebanon,2022-03-07,Economic Disruption,Western Asia,4001800,2022,Health,"50,1","0,08"
Food and Agriculture Organization,Africa,Kenya,2022-02-28,Drought,Eastern Africa,1000000,2022,Agriculture,"43,5","0,14"
United Nations Population Fund,Africa,Kenya,2022-02-25,Drought,Eastern Africa,500000,2022,Health; Protection,"43,5","0,14"
United Nations Children’s Fund,Africa,Kenya,2022-03-07,Drought,Eastern Africa,2350000,2022,Health; Nutrition; Water; Sanitation and Hygiene; Protection,"43,5","0,14"
World Food Programme,Africa,Kenya,2022-03-08,Drought,Eastern Africa,1750001,2022,Food Assistance; Nutrition,"43,5","0,14"
Food and Agriculture Organization,Americas,Haiti,2022-03-10,Earthquake,Latin America and the Caribbean,1000000,2022,Agriculture,"63,2","0,22"
International Organization for Migration,Americas,Haiti,2022-03-04,Earthquake,Latin America and the Caribbean,1600000,2022,Protection; Shelter and Non-Food Items,"63,2","0,22"
Office of the High Commissioner for Human Rights,Americas,Haiti,2022-03-07,Earthquake,Latin America and the Caribbean,499638,2022,Protection,"63,2","0,22"
United Nations Population Fund,Americas,Haiti,2022-03-08,Earthquake,Latin America and the Caribbean,1000000,2022,Health; Protection,"63,2","0,22"
United Nations Children’s Fund,Americas,Haiti,2022-03-08,Earthquake,Latin America and the Caribbean,1858248,2022,Protection; Education; Health,"63,2","0,22"
World Food Programme,Americas,Haiti,2022-02-28,Earthquake,Latin America and the Caribbean,2000000,2022,Food Assistance; Common Services,"63,2","0,22"
United Nations Children’s Fund,Africa,Angola,2022-03-08,Drought,Middle Africa,2250000,2022,Nutrition; Water; Sanitation and Hygiene; Education,"25,5","0,00"
World Health Organization,Africa,Kenya,2022-02-25,Drought,Eastern Africa,400000,2022,Health,"43,5","0,14"
World Food Programme,Africa,Angola,2022-03-09,Drought,Middle Africa,3750000,2022,Food Assistance; Nutrition,"25,5","0,00"
Food and Agriculture Organization,Americas,Honduras,2022-03-08,Economic Disruption,Latin America and the Caribbean,1494650,2022,Agriculture,"45,2","0,06"
United Nations High Commissioner for Refugees,Americas,Honduras,2022-03-08,Economic Disruption,Latin America and the Caribbean,1000000,2022,Protection,"45,2","0,06"
World Health Organization,Americas,Honduras,2022-03-08,Economic Disruption,Latin America and the Caribbean,1000000,2022,Health,"45,2","0,06"
World Food Programme,Africa,Republic of the Sudan,2022-03-16,Post-conflict Needs,Northern Africa,4100030,2022,Nutrition,"6,5","-0,07"
United Nations High Commissioner for Refugees,Africa,Republic of the Sudan,2022-03-16,Post-conflict Needs,Northern Africa,3500000,2022,Shelter and Non-Food Items,"6,5","-0,07"
United Nations Children’s Fund,Africa,Republic of the Sudan,2022-03-25,Post-conflict Needs,Northern Africa,8235047,2022,Education; Protection; Water; Sanitation and Hygiene,"6,5","-0,07"
World Health Organization,Africa,Republic of the Sudan,2022-03-17,Post-conflict Needs,Northern Africa,2405325,2022,Health,"6,5","-0,07"
United Nations Population Fund,Americas,Honduras,2022-03-07,Economic Disruption,Latin America and the Caribbean,749978,2022,Protection,"45,2","0,06"
United Nations Children’s Fund,Americas,Honduras,2022-03-08,Economic Disruption,Latin America and the Caribbean,750151,2022,Protection,"45,2","0,06"
United Nations Population Fund,Africa,Chad,2022-03-01,Displacement,Middle Africa,900001,2022,Health; Protection,"62,4","0,08"
United Nations Population Fund,Africa,Republic of the Sudan,2022-03-16,Post-conflict Needs,Northern Africa,1705350,2022,Protection,"6,5","-0,07"
United Nations Children’s Fund,Asia,Myanmar,2022-03-14,Displacement,South-Eastern Asia,1116851,2022,Protection; Protection,"57,4","0,27"
United Nations Children’s Fund,Asia,Myanmar,2022-03-15,Displacement,South-Eastern Asia,1117129,2022,Education,"57,4","0,27"
United Nations Children’s Fund,Asia,Myanmar,2022-03-14,Displacement,South-Eastern Asia,759500,2022,Health,"57,4","0,27"
United Nations Children’s Fund,Asia,Myanmar,2022-03-14,Displacement,South-Eastern Asia,894750,2022,Nutrition,"57,4","0,27"
United Nations Children’s Fund,Asia,Myanmar,2022-03-15,Displacement,South-Eastern Asia,1114440,2022,Water; Sanitation and Hygiene,"57,4","0,27"
Food and Agriculture Organization,Asia,Myanmar,2022-03-15,Displacement,South-Eastern Asia,500000,2022,Agriculture,"57,4","0,27"
United Nations Population Fund,Asia,Myanmar,2022-03-16,Displacement,South-Eastern Asia,1000000,2022,Health; Protection,"57,4","0,27"
United Nations High Commissioner for Refugees,Asia,Myanmar,2022-03-15,Displacement,South-Eastern Asia,3000000,2022,Protection; Shelter and Non-Food Items,"57,4","0,27"
World Food Programme,Asia,Myanmar,2022-03-09,Displacement,South-Eastern Asia,2500000,2022,Food Assistance,"57,4","0,27"
United Nations Children’s Fund,Africa,Democratic Republic of the Congo,2022-03-11,Displacement,Middle Africa,8849996,2022,Nutrition; Water; Sanitation and Hygiene; Protection; Protection; Education,12,"0,00"
Food and Agriculture Organization,Africa,Democratic Republic of the Congo,2022-03-17,Displacement,Middle Africa,2800000,2022,Agriculture,12,"0,00"
United Nations Population Fund,Africa,Democratic Republic of the Congo,2022-03-14,Displacement,Middle Africa,2250000,2022,Protection,12,"0,00"
United Nations High Commissioner for Refugees,Africa,Democratic Republic of the Congo,2022-03-16,Displacement,Middle Africa,2500000,2022,Protection,12,"0,00"
World Food Programme,Africa,Democratic Republic of the Congo,2022-03-11,Displacement,Middle Africa,4600000,2022,Multi-Purpose Cash; Nutrition; Common Services,12,"0,00"
World Health Organization,Africa,Democratic Republic of the Congo,2022-03-17,Displacement,Middle Africa,2007513,2022,Health,12,"0,00"
Food and Agriculture Organization,Africa,Madagascar,2022-03-29,Drought,Eastern Africa,1000000,2022,Agriculture,"47,6","0,14"
International Organization for Migration,Africa,Madagascar,2022-03-29,Drought,Eastern Africa,250000,2022,Protection,"47,6","0,14"
World Health Organization,Africa,Madagascar,2022-03-30,Drought,Eastern Africa,700000,2022,Health,"47,6","0,14"
World Food Programme,Africa,Madagascar,2022-03-30,Drought,Eastern Africa,3006156,2022,Food Assistance; Nutrition; Common Services,"47,6","0,14"
United Nations Children’s Fund,Africa,Madagascar,2022-03-28,Drought,Eastern Africa,1303437,2022,Nutrition; Water; Sanitation and Hygiene; Protection,"47,6","0,14"
United Nations Population Fund,Africa,Madagascar,2022-03-30,Drought,Eastern Africa,800003,2022,Health; Protection; Protection,"47,6","0,14"
Food and Agriculture Organization,Asia,Syrian Arab Republic,2022-04-21,Post-conflict Needs,Western Asia,2999999,2022,Agriculture,"69,7","0,02"
Office of the High Commissioner for Human Rights,Asia,Syrian Arab Republic,2022-04-21,Post-conflict Needs,Western Asia,475805,2022,Protection,"69,7","0,02"
United Nations Population Fund,Asia,Syrian Arab Republic,2022-04-22,Post-conflict Needs,Western Asia,1000000,2022,Health; Protection,"69,7","0,02"
United Nations High Commissioner for Refugees,Asia,Syrian Arab Republic,2022-04-21,Post-conflict Needs,Western Asia,5000000,2022,Shelter and Non-Food Items,"69,7","0,02"
United Nations Children’s Fund,Asia,Syrian Arab Republic,2022-04-21,Post-conflict Needs,Western Asia,5000551,2022,Water; Sanitation and Hygiene; Nutrition; Protection; Education; Multi-Purpose Cash,"69,7","0,02"
World Food Programme,Asia,Syrian Arab Republic,2022-04-21,Post-conflict Needs,Western Asia,6000000,2022,Food Assistance,"69,7","0,02"
United Nations Development Programme,Asia,Syrian Arab Republic,2022-04-21,Post-conflict Needs,Western Asia,1500000,2022,Early Recovery,"69,7","0,02"
World Health Organization,Asia,Syrian Arab Republic,2022-04-21,Post-conflict Needs,Western Asia,3000000,2022,Health,"69,7","0,02"
United Nations Children’s Fund,Africa,Burkina Faso,2022-04-28,Displacement,Western Africa,3954456,2022,Education; Water; Sanitation and Hygiene; Nutrition; Health; Protection,"56,3","-0,02"
Food and Agriculture Organization,Africa,Burkina Faso,2022-04-28,Displacement,Western Africa,1200000,2022,Agriculture,"56,3","-0,02"
United Nations Population Fund,Africa,Burkina Faso,2022-04-28,Displacement,Western Africa,428012,2022,Protection,"56,3","-0,02"
United Nations High Commissioner for Refugees,Africa,Burkina Faso,2022-04-28,Displacement,Western Africa,498231,2022,Shelter and Non-Food Items,"56,3","-0,02"
World Food Programme,Africa,Burkina Faso,2022-04-28,Displacement,Western Africa,3380405,2022,Food Assistance; Common Services,"56,3","-0,02"
United Nations Development Programme,Africa,Burkina Faso,2022-04-28,Displacement,Western Africa,260985,2022,Common Services,"56,3","-0,02"
United Nations Office for Project Services,Africa,Burkina Faso,2022-04-28,Displacement,Western Africa,400000,2022,Protection,"56,3","-0,02"
International Organization for Migration,Africa,Nigeria,2022-09-28,Displacement,Western Africa,500000,2022,Common Services,"63,8","-0,13"
United Nations Children’s Fund,Africa,Nigeria,2022-10-03,Violence/Clashes,Western Africa,8500000,2022,Nutrition; Water; Sanitation and Hygiene; Health,"63,8","-0,13"
Food and Agriculture Organization,Africa,Nigeria,2022-09-29,Violence/Clashes,Western Africa,1000000,2022,Agriculture; Nutrition,"63,8","-0,13"
United Nations High Commissioner for Refugees,Africa,Algeria,2022-11-28,Refugees,Northern Africa,922306,2022,Food Assistance,22,"0,03"
World Food Programme,Africa,Algeria,2022-11-28,Refugees,Northern Africa,2077814,2022,Food Assistance,22,"0,03"
United Nations High Commissioner for Refugees,Africa,Mozambique,2022-12-15,Displacement,Eastern Africa,320001,2022,Protection,"63,9","-0,04"
United Nations Children’s Fund,Africa,Mozambique,2022-12-16,Displacement,Eastern Africa,2609996,2022,Education; Protection; Health,"63,9","-0,04"
United Nations Population Fund,Africa,Mozambique,2022-12-16,Displacement,Eastern Africa,1400000,2022,Health; Protection,"63,9","-0,04"
World Health Organization,Africa,Mozambique,2022-12-15,Displacement,Eastern Africa,670000,2022,Health,"63,9","-0,04"
United Nations Population Fund,Africa,Uganda,2022-12-15,Refugees,Eastern Africa,970000,2022,Health; Protection,"58,8","0,08"
United Nations High Commissioner for Refugees,Africa,Uganda,2022-12-15,Refugees,Eastern Africa,3480000,2022,Multi-Sector Refugee Assistance,"58,8","0,08"
United Nations Children’s Fund,Africa,Uganda,2022-12-14,Refugees,Eastern Africa,1000000,2022,Nutrition,"58,8","0,08"
United Nations Entity for Gender Equality and the Empowerment of Women,Africa,Uganda,2022-12-15,Refugees,Eastern Africa,350000,2022,Protection,"58,8","0,08"
World Food Programme,Africa,Uganda,2022-12-14,Refugees,Eastern Africa,2200000,2022,Food Assistance,"58,8","0,08"
International Organization for Migration,Africa,Mali,2022-12-13,Displacement,Western Africa,1000000,2022,Shelter and Non-Food Items,"68,2","-0,09"
World Health Organization,Africa,Mali,2022-12-09,Displacement,Western Africa,500000,2022,Health,"68,2","-0,09"
United Nations Population Fund,Africa,Mali,2022-12-13,Displacement,Western Africa,1000009,2022,Protection; Health,"68,2","-0,09"
United Nations High Commissioner for Refugees,Africa,Mali,2022-12-09,Displacement,Western Africa,1350000,2022,Protection; Shelter and Non-Food Items,"68,2","-0,09"
United Nations Children’s Fund,Africa,Mali,2022-12-09,Displacement,Western Africa,3150000,2022,Water; Sanitation and Hygiene; Protection; Education,"68,2","-0,09"
United Nations Children’s Fund,Africa,Cameroon,2022-12-16,Displacement,Middle Africa,450000,2022,Nutrition,"61,3","-0,05"
United Nations High Commissioner for Refugees,Africa,Cameroon,2022-12-20,Displacement,Middle Africa,1300000,2022,Protection; Shelter and Non-Food Items,"61,3","-0,05"
United Nations Population Fund,Africa,Cameroon,2022-12-23,Displacement,Middle Africa,650010,2022,Protection,"61,3","-0,05"
International Organization for Migration,Africa,Cameroon,2022-12-16,Displacement,Middle Africa,450000,2022,Shelter and Non-Food Items,"61,3","-0,05"
World Food Programme,Africa,Cameroon,2022-12-27,Displacement,Middle Africa,1950099,2022,Food Assistance; Nutrition,"61,3","-0,05"
Food and Agriculture Organization,Africa,Cameroon,2022-12-16,Displacement,Middle Africa,1200000,2022,Agriculture,"61,3","-0,05"
International Organization for Migration,Asia,Bangladesh,2022-12-23,Refugees,Southern Asia,1500000,2022,Shelter and Non-Food Items,"44,2","-0,13"
United Nations Entity for Gender Equality and the Empowerment of Women,Asia,Bangladesh,2022-12-27,Refugees,Southern Asia,250000,2022,Protection,"44,2","-0,13"
United Nations High Commissioner for Refugees,Asia,Bangladesh,2022-12-16,Refugees,Southern Asia,2000000,2022,Protection; Shelter and Non-Food Items,"44,2","-0,13"
World Food Programme,Asia,Bangladesh,2022-12-20,Refugees,Southern Asia,3500000,2022,Food Assistance,"44,2","-0,13"
United Nations Children’s Fund,Asia,Bangladesh,2022-12-27,Refugees,Southern Asia,1250000,2022,Water; Sanitation and Hygiene; Protection,"44,2","-0,13"
United Nations Population Fund,Asia,Bangladesh,2022-12-27,Refugees,Southern Asia,500000,2022,Protection,"44,2","-0,13"
Food and Agriculture Organization,Asia,Myanmar,2022-12-21,Displacement,South-Eastern Asia,1200000,2022,Agriculture,"50,4","0,26"
United Nations Population Fund,Asia,Myanmar,2022-12-21,Displacement,South-Eastern Asia,650149,2022,Protection; Health,"50,4","0,26"
United Nations High Commissioner for Refugees,Asia,Myanmar,2022-12-21,Displacement,South-Eastern Asia,1525001,2022,Protection; Shelter and Non-Food Items,"50,4","0,26"
United Nations Children’s Fund,Asia,Myanmar,2022-12-20,Displacement,South-Eastern Asia,3600001,2022,Education; Nutrition; Protection; Protection; Water; Sanitation and Hygiene,"50,4","0,26"
World Food Programme,Asia,Myanmar,2022-12-22,Displacement,South-Eastern Asia,1700501,2022,Food Assistance; Nutrition,"50,4","0,26"
World Health Organization,Asia,Myanmar,2022-12-21,Displacement,South-Eastern Asia,550016,2022,Health,"50,4","0,26"
International Organization for Migration,Asia,Myanmar,2022-12-21,Displacement,South-Eastern Asia,775233,2022,Shelter and Non-Food Items; Health,"50,4","0,26"
World Health Organization,Americas,Venezuela,2022-12-29,Human Rights,Latin America and the Caribbean,720000,2022,Health; Water; Sanitation and Hygiene,"45,9","0,02"
United Nations High Commissioner for Refugees,Americas,Venezuela,2022-12-28,Human Rights,Latin America and the Caribbean,625000,2022,Protection; Shelter and Non-Food Items,"45,9","0,02"
Food and Agriculture Organization,Americas,Venezuela,2022-12-28,Human Rights,Latin America and the Caribbean,1150000,2022,Agriculture,"45,9","0,02"
International Organization for Migration,Americas,Venezuela,2022-12-29,Human Rights,Latin America and the Caribbean,625000,2022,Protection,"45,9","0,02"
United Nations Children’s Fund,Americas,Venezuela,2022-12-28,Human Rights,Latin America and the Caribbean,2778700,2022,Protection; Health; Water; Sanitation and Hygiene,"45,9","0,02"
World Food Programme,Americas,Venezuela,2022-12-30,Human Rights,Latin America and the Caribbean,1350000,2022,Food Assistance,"45,9","0,02"
United Nations Population Fund,Americas,Venezuela,2022-12-30,Human Rights,Latin America and the Caribbean,751299,2022,Protection; Health,"45,9","0,02"
United Nations High Commissioner for Refugees,Africa,South Sudan,2022-12-29,Flood,Eastern Africa,2599958,2022,Protection,70,"-0,03"
International Organization for Migration,Africa,South Sudan,2022-12-30,Flood,Eastern Africa,3900000,2022,Multi-Purpose Cash,70,"-0,03"
United Nations Children’s Fund,Africa,South Sudan,2022-12-29,Flood,Eastern Africa,1999505,2022,Water; Sanitation and Hygiene; Education,70,"-0,03"
World Food Programme,Africa,South Sudan,2022-12-29,Flood,Eastern Africa,3500001,2022,Multi-Purpose Cash,70,"-0,03"
World Health Organization,Africa,South Sudan,2022-12-31,Flood,Eastern Africa,2000000,2022,Health,70,"-0,03"
International Organization for Migration,Asia,Yemen,2022-12-31,Displacement,Western Asia,1999999,2022,Camp Coordination and Camp Management,"71,8","-0,03"
United Nations Population Fund,Asia,Yemen,2022-12-31,Displacement,Western Asia,2020892,2022,Health,"71,8","-0,03"
United Nations High Commissioner for Refugees,Asia,Yemen,2022-12-31,Displacement,Western Asia,4011429,2022,Shelter and Non-Food Items,"71,8","-0,03"
United Nations Children’s Fund,Asia,Yemen,2022-12-31,Displacement,Western Asia,6000000,2022,Water; Sanitation and Hygiene; Protection; Nutrition,"71,8","-0,03"
World Food Programme,Asia,Yemen,2022-12-31,Displacement,Western Asia,3000151,2022,Nutrition,"71,8","-0,03"
World Health Organization,Asia,Yemen,2022-12-31,Displacement,Western Asia,1000884,2022,Nutrition,"71,8","-0,03"
Food and Agriculture Organization,Asia,Yemen,2022-12-31,Displacement,Western Asia,2000000,2022,Agriculture,"71,8","-0,03"
Food and Agriculture Organization,Africa,Madagascar,2023-04-20,Storm,Eastern Africa,1500000,2023,Agriculture,49,"-0,12"
World Health Organization,Africa,Madagascar,2023-04-20,Storm,Eastern Africa,700000,2023,Health; Health,49,"-0,12"
United Nations Population Fund,Africa,Madagascar,2023-04-25,Storm,Eastern Africa,700000,2023,Protection; Health,49,"-0,12"
United Nations Children’s Fund,Africa,Madagascar,2023-04-25,Storm,Eastern Africa,1999950,2023,Education; Protection; Nutrition,49,"-0,12"
World Food Programme,Africa,Madagascar,2023-04-19,Storm,Eastern Africa,2900000,2023,Food Assistance; Nutrition; Common Services,49,"-0,12"
International Organization for Migration,Africa,Madagascar,2023-04-20,Storm,Eastern Africa,700000,2023,Shelter and Non-Food Items; Camp Coordination and Camp Management,49,"-0,12"
International Organization for Migration,Asia,Syrian Arab Republic,2023-04-27,Displacement,Western Asia,3000000,2023,Shelter and Non-Food Items,58,"-0,09"
United Nations High Commissioner for Refugees,Asia,Syrian Arab Republic,2023-04-27,Earthquake,Western Asia,5500000,2023,Shelter and Non-Food Items,58,"-0,09"
United Nations Children’s Fund,Asia,Syrian Arab Republic,2023-05-03,Earthquake,Western Asia,9000000,2023,Water; Sanitation and Hygiene; Protection; Common Services,58,"-0,09"
United Nations Relief and Works Agency,Asia,Syrian Arab Republic,2023-05-03,Earthquake,Western Asia,1000000,2023,Protection; Health; Shelter and Non-Food Items; Multi-Purpose Cash,58,"-0,09"
World Health Organization,Asia,Syrian Arab Republic,2023-05-03,Earthquake,Western Asia,6000000,2023,Health,58,"-0,09"
United Nations Population Fund,Asia,Syrian Arab Republic,2023-05-03,Earthquake,Western Asia,500000,2023,Protection,58,"-0,09"
United Nations Development Programme,Africa,Eritrea,2023-05-05,Drought,Eastern Africa,1500000,2023,Agriculture,46,"-0,21"
United Nations Population Fund,Africa,Eritrea,2023-05-15,Drought,Eastern Africa,502030,2023,Health,46,"-0,21"
United Nations Children’s Fund,Africa,Eritrea,2023-05-05,Drought,Eastern Africa,1000000,2023,Water; Sanitation and Hygiene,46,"-0,21"
World Health Organization,Africa,Eritrea,2023-05-15,Drought,Eastern Africa,500043,2023,Health,46,"-0,21"
Food and Agriculture Organization,Africa,Eritrea,2023-05-05,Drought,Eastern Africa,1500000,2023,Agriculture,46,"-0,21"
Food and Agriculture Organization,Africa,Chad,2023-05-10,Flood,Middle Africa,500000,2023,Agriculture,65,"-0,06"
United Nations High Commissioner for Refugees,Africa,Chad,2023-05-10,Flood,Middle Africa,1100187,2023,Shelter and Non-Food Items; Protection,65,"-0,06"
International Organization for Migration,Africa,Chad,2023-05-15,Flood,Middle Africa,872000,2023,Shelter and Non-Food Items; Food Assistance,65,"-0,06"
United Nations Population Fund,Africa,Chad,2023-05-19,Flood,Middle Africa,800000,2023,Protection; Health,65,"-0,06"
United Nations Children’s Fund,Africa,Chad,2023-05-10,Flood,Middle Africa,1799069,2023,Nutrition; Water; Sanitation and Hygiene; Protection,65,"-0,06"
World Food Programme,Africa,Chad,2023-05-10,Flood,Middle Africa,800096,2023,Common Services,65,"-0,06"
World Food Programme,Africa,Chad,2023-05-12,Flood,Middle Africa,2428856,2023,Food Assistance,65,"-0,06"
World Health Organization,Africa,Chad,2023-05-10,Flood,Middle Africa,700386,2023,Health; Nutrition,65,"-0,06"
Food and Agriculture Organization,Africa,Democratic Republic of the Congo,2023-05-18,Displacement,Middle Africa,1250000,2023,Agriculture,12,"0,25"
International Organization for Migration,Africa,Democratic Republic of the Congo,2023-05-15,Displacement,Middle Africa,2500000,2023,Camp Coordination and Camp Management; Shelter and Non-Food Items; Health,12,"0,25"
United Nations Population Fund,Africa,Democratic Republic of the Congo,2023-05-17,Displacement,Middle Africa,2436002,2023,Protection; Health,12,"0,25"
United Nations Children’s Fund,Africa,Democratic Republic of the Congo,2023-05-19,Displacement,Middle Africa,6473132,2023,Education; Protection; Water; Sanitation and Hygiene; Nutrition; Health,12,"0,25"
World Health Organization,Africa,Democratic Republic of the Congo,2023-05-19,Displacement,Middle Africa,2303373,2023,Health,12,"0,25"
United Nations High Commissioner for Refugees,Africa,Democratic Republic of the Congo,2023-05-18,Displacement,Middle Africa,4824000,2023,Protection; Shelter and Non-Food Items; Camp Coordination and Camp Management,12,"0,25"
World Food Programme,Africa,Democratic Republic of the Congo,2023-05-12,Displacement,Middle Africa,2226288,2023,Food Assistance; Common Services,12,"0,25"
United Nations Children’s Fund,Asia,Pakistan,2023-05-24,Flood,Southern Asia,2332100,2023,Nutrition,38,"0,16"
World Food Programme,Asia,Pakistan,2023-05-30,Flood,Southern Asia,1902123,2023,Nutrition,38,"0,16"
World Health Organization,Asia,Pakistan,2023-05-26,Flood,Southern Asia,1250066,2023,Nutrition,38,"0,16"
United Nations Population Fund,Asia,Pakistan,2023-05-25,Flood,Southern Asia,1000025,2023,Protection,38,"0,16"
World Food Programme,Africa,Republic of the Sudan,2023-05-12,Displacement,Northern Africa,3500293,2023,Common Services,7,"0,00"
World Health Organization,Americas,Honduras,2023-05-31,Economic Disruption,Latin America and the Caribbean,1000000,2023,Health,45,"0,00"
International Organization for Migration,Americas,Honduras,2023-05-27,Economic Disruption,Latin America and the Caribbean,1800000,2023,Shelter and Non-Food Items; Multi-Purpose Cash; Camp Coordination and Camp Management,45,"0,00"
United Nations Children’s Fund,Americas,Honduras,2023-05-30,Economic Disruption,Latin America and the Caribbean,1199852,2023,Nutrition,45,"0,00"
United Nations High Commissioner for Refugees,Americas,Honduras,2023-05-22,Economic Disruption,Latin America and the Caribbean,1500000,2023,Protection,45,"0,00"
United Nations Population Fund,Americas,Honduras,2023-05-31,Economic Disruption,Latin America and the Caribbean,1000000,2023,Protection,45,"0,00"
United Nations Children’s Fund,Africa,Republic of the Sudan,2023-05-18,Displacement,Northern Africa,4000000,2023,Health; Nutrition; Water; Sanitation and Hygiene; Education; Protection,7,"0,00"
World Health Organization,Africa,Republic of the Sudan,2023-05-26,Displacement,Northern Africa,1500000,2023,Health,7,"0,00"
United Nations Children’s Fund,Americas,Colombia,2023-06-14,Violence/Clashes,Latin America and the Caribbean,1293630,2023,Protection; Education; Water; Sanitation and Hygiene; Protection,44,"0,07"
United Nations High Commissioner for Refugees,Americas,Colombia,2023-06-14,Violence/Clashes,Latin America and the Caribbean,1000000,2023,Protection,44,"0,07"
United Nations Population Fund,Americas,Colombia,2023-06-14,Violence/Clashes,Latin America and the Caribbean,609343,2023,Protection; Health,44,"0,07"
United Nations Entity for Gender Equality and the Empowerment of Women,Americas,Colombia,2023-06-19,Violence/Clashes,Latin America and the Caribbean,468000,2023,Protection,44,"0,07"
World Food Programme,Americas,Colombia,2023-06-19,Violence/Clashes,Latin America and the Caribbean,800000,2023,Food Assistance,44,"0,07"
World Health Organization,Americas,Colombia,2023-06-15,Violence/Clashes,Latin America and the Caribbean,1106977,2023,Health,44,"0,07"
Food and Agriculture Organization,Americas,Colombia,2023-06-14,Violence/Clashes,Latin America and the Caribbean,1000000,2023,Agriculture,44,"0,07"
International Organization for Migration,Africa,Republic of the Sudan,2023-05-27,Displacement,Northern Africa,4500000,2023,Shelter and Non-Food Items; Water; Sanitation and Hygiene,7,"0,00"
United Nations Population Fund,Africa,Republic of the Sudan,2023-05-29,Displacement,Northern Africa,1500000,2023,Protection,7,"0,00"
United Nations Office for Project Services,Americas,Colombia,2023-06-15,Violence/Clashes,Latin America and the Caribbean,248000,2023,Protection,44,"0,07"
Food and Agriculture Organization,Africa,Republic of the Sudan,2023-05-29,Displacement,Northern Africa,500000,2023,Agriculture,7,"0,00"
United Nations High Commissioner for Refugees,Africa,Republic of the Sudan,2023-06-02,Displacement,Northern Africa,2585200,2023,Protection,7,"0,00"
International Organization for Migration,Asia,Lebanon,2023-06-15,Economic Disruption,Western Asia,1000000,2023,Health; Protection; Protection,48,"0,13"
United Nations Population Fund,Asia,Lebanon,2023-06-16,Economic Disruption,Western Asia,2000000,2023,Protection; Health,48,"0,13"
United Nations High Commissioner for Refugees,Asia,Lebanon,2023-06-02,Economic Disruption,Western Asia,2000000,2023,Protection,48,"0,13"
United Nations Children’s Fund,Asia,Lebanon,2023-06-15,Economic Disruption,Western Asia,3000000,2023,Water; Sanitation and Hygiene; Nutrition,48,"0,13"
Food and Agriculture Organization,Africa,Ethiopia,2023-06-29,Drought,Eastern Africa,4000000,2023,Agriculture; Multi-Purpose Cash,71,"-0,01"
International Organization for Migration,Africa,Ethiopia,2023-06-29,Drought,Eastern Africa,4000000,2023,Multi-Purpose Cash,71,"-0,01"
World Food Programme,Africa,Ethiopia,2023-06-29,Drought,Eastern Africa,3250000,2023,Nutrition; Common Services,71,"-0,01"
World Health Organization,Africa,Ethiopia,2023-07-03,Drought,Eastern Africa,5750000,2023,Health; Nutrition,74,"0,09"
United Nations Children’s Fund,Africa,Ethiopia,2023-06-29,Drought,Eastern Africa,6000000,2023,Nutrition; Water; Sanitation and Hygiene; Protection,71,"-0,01"
Food and Agriculture Organization,Africa,Kenya,2023-06-19,Drought,Eastern Africa,500000,2023,Agriculture,61,"-0,05"
International Organization for Migration,Africa,Kenya,2023-06-27,Drought,Eastern Africa,1201435,2023,Multi-Purpose Cash,61,"-0,05"
United Nations Population Fund,Africa,Kenya,2023-06-21,Drought,Eastern Africa,800000,2023,Protection; Health,61,"-0,05"
United Nations High Commissioner for Refugees,Africa,Kenya,2023-07-03,Drought,Eastern Africa,1000000,2023,Multi-Sector Refugee Assistance,63,"-0,05"
United Nations Children’s Fund,Africa,Kenya,2023-06-19,Drought,Eastern Africa,1000000,2023,Water; Sanitation and Hygiene,61,"-0,05"
World Food Programme,Africa,Kenya,2023-06-27,Drought,Eastern Africa,3000000,2023,Food Assistance,61,"-0,05"
World Health Organization,Africa,Kenya,2023-06-29,Drought,Eastern Africa,499911,2023,Health,61,"-0,05"
United Nations Population Fund,Asia,occupied Palestinian territory,2023-10-25,Violence/Clashes,Western Asia,700000,2023,Protection,13,"0,00"
United Nations Children’s Fund,Asia,occupied Palestinian territory,2023-10-25,Violence/Clashes,Western Asia,1300000,2023,Water; Sanitation and Hygiene; Protection; Education,13,"0,00"
United Nations Office for Project Services,Asia,occupied Palestinian territory,2023-11-07,Violence/Clashes,Western Asia,500000,2023,Protection,13,"0,00"
World Food Programme,Asia,occupied Palestinian territory,2023-10-25,Violence/Clashes,Western Asia,3000000,2023,Food Assistance,13,"0,00"
World Health Organization,Asia,occupied Palestinian territory,2023-10-25,Violence/Clashes,Western Asia,500000,2023,Health,13,"0,00"
Food and Agriculture Organization,Asia,Yemen,2023-12-05,Displacement,Western Asia,4000000,2023,Agriculture,68,"0,11"
International Organization for Migration,Asia,Yemen,2023-12-05,Displacement,Western Asia,3775000,2023,Shelter and Non-Food Items; Multi-Purpose Cash,68,"0,11"
United Nations Population Fund,Asia,Yemen,2023-12-20,Displacement,Western Asia,3350255,2023,Health; Protection,68,"0,11"
United Nations High Commissioner for Refugees,Asia,Yemen,2023-11-16,Displacement,Western Asia,3025000,2023,Shelter and Non-Food Items,68,"0,11"
United Nations Children’s Fund,Asia,Yemen,2023-12-05,Displacement,Western Asia,2700002,2023,Education; Water; Sanitation and Hygiene,68,"0,11"
World Food Programme,Asia,Yemen,2023-12-05,Displacement,Western Asia,1000000,2023,Food Assistance,68,"0,11"
World Health Organization,Asia,Yemen,2023-12-05,Displacement,Western Asia,2150012,2023,Health,68,"0,11"
International Organization for Migration,Asia,Bangladesh,2023-12-11,Displacement,Southern Asia,1400000,2023,Shelter and Non-Food Items,48,"0,50"
United Nations High Commissioner for Refugees,Asia,Bangladesh,2023-12-05,Displacement,Southern Asia,1200000,2023,Shelter and Non-Food Items,48,"0,50"
World Food Programme,Asia,Bangladesh,2023-12-11,Displacement,Southern Asia,5000000,2023,Food Assistance,48,"0,50"
United Nations Population Fund,Asia,Bangladesh,2023-12-14,Displacement,Southern Asia,400000,2023,Health,48,"0,50"
United Nations Entity for Gender Equality and the Empowerment of Women,Africa,Uganda,2023-12-22,Refugees,Eastern Africa,500001,2023,Protection,53,"0,00"
United Nations High Commissioner for Refugees,Africa,Uganda,2023-12-20,Refugees,Eastern Africa,2100000,2023,Health,53,"0,00"
United Nations Children’s Fund,Africa,Uganda,2023-12-22,Refugees,Eastern Africa,1000000,2023,Nutrition,53,"0,00"
World Food Programme,Africa,Uganda,2023-12-29,Refugees,Eastern Africa,2400000,2023,Food Assistance,53,"0,00"
United Nations Children’s Fund,Africa,Malawi,2023-12-14,Storm,Eastern Africa,2000000,2023,Water; Sanitation and Hygiene; Nutrition; Protection,47,"0,07"
World Food Programme,Africa,Malawi,2023-12-14,Storm,Eastern Africa,2000000,2023,Food Assistance; Common Services,47,"0,07"
Food and Agriculture Organization,Africa,Burkina Faso,2023-12-23,Displacement,Western Africa,750000,2023,Agriculture,65,"0,05"
United Nations High Commissioner for Refugees,Africa,Burkina Faso,2023-12-23,Displacement,Western Africa,4000000,2023,Shelter and Non-Food Items; Camp Coordination and Camp Management; Protection; Protection,65,"0,05"
United Nations Children’s Fund,Africa,Burkina Faso,2023-12-23,Displacement,Western Africa,1500008,2023,Protection; Water; Sanitation and Hygiene; Nutrition,65,"0,05"
World Food Programme,Africa,Burkina Faso,2023-12-23,Displacement,Western Africa,1250000,2023,Food Assistance; Nutrition,65,"0,05"
World Health Organization,Africa,Burkina Faso,2023-12-23,Displacement,Western Africa,1000000,2023,Health,65,"0,05"
United Nations Population Fund,Africa,Burkina Faso,2023-12-23,Displacement,Western Africa,500336,2023,Protection,65,"0,05"
International Organization for Migration,Americas,Haiti,2023-12-26,Multiple Emergencies,Latin America and the Caribbean,3300000,2023,Camp Coordination and Camp Management; Water; Sanitation and Hygiene; Shelter and Non-Food Items,67,"0,00"
World Food Programme,Americas,Haiti,2023-12-28,Multiple Emergencies,Latin America and the Caribbean,3200000,2023,Food Assistance,67,"0,00"
World Health Organization,Americas,Haiti,2023-12-28,Multiple Emergencies,Latin America and the Caribbean,500000,2023,Health,67,"0,00"
United Nations Children’s Fund,Americas,Haiti,2023-12-26,Multiple Emergencies,Latin America and the Caribbean,1000000,2023,Education,67,"0,00"
United Nations High Commissioner for Refugees,Asia,Afghanistan,2023-12-26,Multiple Emergencies,Southern Asia,3000006,2023,Shelter and Non-Food Items; Protection,67,"0,12"
International Organization for Migration,Asia,Afghanistan,2023-12-26,Multiple Emergencies,Southern Asia,1000000,2023,Shelter and Non-Food Items,67,"0,12"
World Food Programme,Africa,Mali,2023-12-22,Multiple Emergencies,Western Africa,1400031,2023,Food Assistance; Nutrition,65,"0,03"
World Health Organization,Africa,Mali,2023-12-22,Multiple Emergencies,Western Africa,1000584,2023,Health,65,"0,03"
United Nations Children’s Fund,Africa,Mali,2023-12-23,Multiple Emergencies,Western Africa,2160385,2023,Protection; Education; Nutrition,65,"0,03"
United Nations High Commissioner for Refugees,Africa,Mali,2023-12-23,Multiple Emergencies,Western Africa,1424000,2023,Education; Protection,65,"0,03"
Food and Agriculture Organization,Africa,Mali,2023-12-22,Multiple Emergencies,Western Africa,1000000,2023,Food Assistance; Agriculture,65,"0,03"
United Nations Children’s Fund,Africa,Mozambique,2023-12-22,Refugees,Eastern Africa,2200000,2023,Education; Protection,55,"0,15"
World Food Programme,Africa,Mozambique,2023-12-22,Refugees,Eastern Africa,1000000,2023,Food Assistance,55,"0,15"
United Nations High Commissioner for Refugees,Africa,Mozambique,2023-12-22,Refugees,Eastern Africa,1150000,2023,Protection; Protection; Protection,55,"0,15"
World Food Programme,Asia,Afghanistan,2023-12-26,Multiple Emergencies,Southern Asia,13000000,2023,Food Assistance,67,"0,12"
Food and Agriculture Organization,Asia,Myanmar,2023-12-21,Multiple Emergencies,South-Eastern Asia,600000,2023,Agriculture,64,"0,07"
International Organization for Migration,Asia,Myanmar,2023-12-26,Multiple Emergencies,South-Eastern Asia,500000,2023,Health,64,"0,07"
United Nations Population Fund,Asia,Myanmar,2023-12-14,Multiple Emergencies,South-Eastern Asia,750000,2023,Health; Protection,64,"0,07"
United Nations High Commissioner for Refugees,Asia,Myanmar,2023-12-21,Multiple Emergencies,South-Eastern Asia,2144611,2023,Protection; Shelter and Non-Food Items,64,"0,07"
Food and Agriculture Organization,Africa,Mozambique,2023-12-22,Refugees,Eastern Africa,1000000,2023,Agriculture,55,"0,15"
United Nations Population Fund,Asia,Afghanistan,2023-12-26,Heat/Cold Wave,Southern Asia,2000011,2023,Protection,67,"0,12"
United Nations Mine Action Service,Asia,Afghanistan,2023-12-26,Heat/Cold Wave,Southern Asia,1000000,2023,Protection,67,"0,12"
United Nations Children’s Fund,Asia,Myanmar,2023-12-21,Multiple Emergencies,South-Eastern Asia,2800000,2023,Education; Protection; Protection; Water; Sanitation and Hygiene; Health,64,"0,07"
World Food Programme,Asia,Myanmar,2023-12-26,Multiple Emergencies,South-Eastern Asia,1700000,2023,Food Assistance,64,"0,07"
World Health Organization,Asia,Myanmar,2023-12-14,Multiple Emergencies,South-Eastern Asia,499972,2023,Health,64,"0,07"
International Organization for Migration,Africa,Cameroon,2023-12-26,Multiple Emergencies,Middle Africa,500000,2023,Shelter and Non-Food Items,68,"0,13"
United Nations Population Fund,Africa,Cameroon,2023-12-26,Multiple Emergencies,Middle Africa,500000,2023,Protection,68,"0,13"
United Nations High Commissioner for Refugees,Africa,Cameroon,2023-12-26,Multiple Emergencies,Middle Africa,2200000,2023,Protection; Shelter and Non-Food Items; Multi-Sector Refugee Assistance,68,"0,13"
United Nations Children’s Fund,Africa,Cameroon,2023-12-26,Multiple Emergencies,Middle Africa,2800000,2023,Water; Sanitation and Hygiene; Nutrition; Protection,68,"0,13"
United Nations Children’s Fund,Africa,Central African Republic,2023-12-26,Multiple Emergencies,Middle Africa,2500000,2023,Nutrition; Protection; Education,66,"-0,12"
United Nations Population Fund,Africa,Central African Republic,2023-12-26,Multiple Emergencies,Middle Africa,1500000,2023,Protection,66,"-0,12"
World Food Programme,Africa,Central African Republic,2023-12-26,Multiple Emergencies,Middle Africa,2500000,2023,Food Assistance; Nutrition,66,"-0,12"
United Nations Population Fund,Africa,Mali,2023-12-22,Displacement,Western Africa,1015000,2023,Health; Protection,65,"0,03"
United Nations Population Fund,Africa,Mozambique,2023-12-22,Refugees,Eastern Africa,1150000,2023,Protection,55,"0,15"
Food and Agriculture Organization,Americas,Venezuela,2023-12-26,Multiple Emergencies,Latin America and the Caribbean,1500000,2023,Agriculture,46,"0,00"
International Organization for Migration,Americas,Venezuela,2023-12-26,Multiple Emergencies,Latin America and the Caribbean,899999,2023,Protection; Shelter and Non-Food Items; Health,46,"0,00"
United Nations High Commissioner for Refugees,Americas,Venezuela,2023-12-28,Multiple Emergencies,Latin America and the Caribbean,1050000,2023,Protection; Shelter and Non-Food Items; Protection; Protection,46,"0,00"
United Nations Children’s Fund,Americas,Venezuela,2023-12-26,Multiple Emergencies,Latin America and the Caribbean,1000000,2023,Health; Nutrition; Protection,46,"0,00"
World Food Programme,Americas,Venezuela,2023-12-26,Multiple Emergencies,Latin America and the Caribbean,1500000,2023,Food Assistance,46,"0,00"
United Nations Population Fund,Americas,Venezuela,2023-12-19,Multiple Emergencies,Latin America and the Caribbean,850003,2023,Health; Protection,46,"0,00"
World Health Organization,Americas,Venezuela,2023-12-22,Multiple Emergencies,Latin America and the Caribbean,1200000,2023,Health; Water; Sanitation and Hygiene,46,"0,00"
United Nations Office for Project Services,Asia,Afghanistan,2023-12-31,Heat/Cold Wave,Southern Asia,612107,2023,Protection,67,"0,12"
United Nations High Commissioner for Refugees,Americas,Haiti,2023-12-31,Multiple Emergencies,Latin America and the Caribbean,289993,2023,Protection,67,"0,00"
United Nations Entity for Gender Equality and the Empowerment of Women,Africa,Uganda,2023-12-31,Refugees,Eastern Africa,500000,2023,Protection,53,"0,00"
International Organization for Migration,Africa,Mozambique,2023-12-31,Refugees,Eastern Africa,300000,2023,Protection,55,"0,15"
United Nations Children’s Fund,Africa,Central African Republic,2023-12-31,Displacement,Middle Africa,500000,2023,Protection,66,"-0,12"
United Nations Population Fund,Americas,Venezuela,2023-12-31,Multiple Emergencies,Latin America and the Caribbean,245000,2023,Protection,46,"0,00"
United Nations High Commissioner for Refugees,Africa,Burkina Faso,2023-12-31,Displacement,Western Africa,641500,2023,Protection,65,"0,05"
World Food Programme,Africa,Cameroon,2023-12-31,Displacement,Middle Africa,349999,2023,Protection,68,"0,13"
United Nations Entity for Gender Equality and the Empowerment of Women,Asia,occupied Palestinian territory,2023-12-31,Violence/Clashes,Western Asia,700000,2023,Protection,13,"0,00"
International Organization for Migration,Asia,Myanmar,2023-12-31,Multiple Emergencies,South-Eastern Asia,400000,2023,Protection,64,"0,07"
International Organization for Migration,Africa,Republic of the Sudan,2024-04-16,Displacement,Northern Africa,3500000,2024,Shelter and Non-Food Items; Water; Sanitation and Hygiene,7,"0,00"
United Nations Population Fund,Africa,Republic of the Sudan,2024-04-16,Displacement,Northern Africa,3500000,2024,Protection; Health,7,"0,00"
United Nations Children’s Fund,Africa,Republic of the Sudan,2024-04-16,Displacement,Northern Africa,3500000,2024,Health; Water; Sanitation and Hygiene,7,"0,00"
World Health Organization,Africa,Republic of the Sudan,2024-04-18,Displacement,Northern Africa,1000000,2024,Health,7,"0,00"
Food and Agriculture Organization,Africa,Republic of the Sudan,2024-04-16,Displacement,Northern Africa,10000000,2024,Agriculture,7,"0,00"
United Nations High Commissioner for Refugees,Africa,Republic of the Sudan,2024-04-16,Displacement,Northern Africa,3500000,2024,Protection; Camp Coordination and Camp Management,7,"0,00"
World Health Organization,Americas,Honduras,2024-05-09,Economic Disruption,Latin America and the Caribbean,992670,2024,Health,56,"0,00"
World Food Programme,Americas,Honduras,2024-05-09,Economic Disruption,Latin America and the Caribbean,1500000,2024,Food Assistance,56,"0,00"
United Nations Children’s Fund,Americas,Honduras,2024-05-07,Economic Disruption,Latin America and the Caribbean,1500000,2024,Nutrition; Water; Sanitation and Hygiene,56,"0,00"
United Nations High Commissioner for Refugees,Americas,Honduras,2024-05-13,Economic Disruption,Latin America and the Caribbean,1000000,2024,Protection,56,"0,00"
International Organization for Migration,Americas,Honduras,2024-05-08,Economic Disruption,Latin America and the Caribbean,1000000,2024,Camp Coordination and Camp Management; Protection; Shelter and Non-Food Items,56,"0,00"
Food and Agriculture Organization,Africa,Democratic Republic of the Congo,2024-05-06,Displacement,Middle Africa,2006421,2024,Agriculture,14,"-0,13"
International Organization for Migration,Africa,Democratic Republic of the Congo,2024-05-06,Displacement,Middle Africa,2500000,2024,Camp Coordination and Camp Management; Shelter and Non-Food Items,14,"-0,13"
United Nations Population Fund,Africa,Democratic Republic of the Congo,2024-05-09,Displacement,Middle Africa,1500001,2024,Protection,14,"-0,13"
United Nations Children’s Fund,Africa,Democratic Republic of the Congo,2024-05-06,Displacement,Middle Africa,4452540,2024,Protection; Water; Sanitation and Hygiene,14,"-0,13"
United Nations High Commissioner for Refugees,Africa,Democratic Republic of the Congo,2024-05-30,Displacement,Middle Africa,5500000,2024,Shelter and Non-Food Items; Protection; Camp Coordination and Camp Management,14,"-0,13"
World Food Programme,Africa,Democratic Republic of the Congo,2024-05-06,Displacement,Middle Africa,4000000,2024,Food Assistance; Common Services; Common Services,14,"-0,13"
International Organization for Migration,Asia,Lebanon,2024-05-29,Displacement,Western Asia,700000,2024,Health; Protection; Protection; Common Services,45,"0,26"
United Nations High Commissioner for Refugees,Asia,Lebanon,2024-05-22,Displacement,Western Asia,2200001,2024,Protection; Multi-Purpose Cash; Shelter and Non-Food Items; Health,45,"0,26"
United Nations Children’s Fund,Asia,Lebanon,2024-05-22,Displacement,Western Asia,2200000,2024,Water; Sanitation and Hygiene; Nutrition; Protection,45,"0,26"
World Food Programme,Asia,Lebanon,2024-05-22,Displacement,Western Asia,2600000,2024,Multi-Purpose Cash,45,"0,26"
World Health Organization,Asia,Lebanon,2024-06-18,Displacement,Western Asia,1300000,2024,Health,45,"0,26"
World Health Organization,Africa,Chad,2024-06-04,Displacement,Middle Africa,1999236,2024,Health,63,"0,02"
World Food Programme,Africa,Chad,2024-06-11,Displacement,Middle Africa,1000000,2024,Common Services,63,"0,02"
United Nations Children’s Fund,Africa,Chad,2024-06-03,Displacement,Middle Africa,5000000,2024,Nutrition; Water; Sanitation and Hygiene,63,"0,02"
World Food Programme,Africa,Chad,2024-06-25,Displacement,Middle Africa,5000000,2024,Food Assistance,63,"0,02"
Food and Agriculture Organization,Africa,Chad,2024-06-06,Displacement,Middle Africa,2000000,2024,Agriculture,63,"0,02"
Food and Agriculture Organization,Africa,Niger,2024-06-05,Displacement,Western Africa,1100000,2024,Agriculture,57,"-0,14"
International Organization for Migration,Africa,Niger,2024-05-30,Displacement,Western Africa,2000000,2024,Shelter and Non-Food Items; Water; Sanitation and Hygiene,57,"-0,14"
United Nations Population Fund,Africa,Niger,2024-05-31,Displacement,Western Africa,600000,2024,Protection,57,"-0,14"
United Nations Children’s Fund,Africa,Niger,2024-05-30,Displacement,Western Africa,1350000,2024,Nutrition; Protection,57,"-0,14"
World Food Programme,Africa,Niger,2024-06-11,Displacement,Western Africa,3826451,2024,Food Assistance; Nutrition; Common Services,57,"-0,14"
United Nations High Commissioner for Refugees,Africa,Niger,2024-07-16,Displacement,Western Africa,800009,2024,Protection,71,"0,03"
United Nations Entity for Gender Equality and the Empowerment of Women,Africa,Niger,2024-06-05,Displacement,Western Africa,300000,2024,Agriculture,57,"-0,14"
United Nations Children’s Fund,Africa,Chad,2024-07-11,Displacement,Middle Africa,400000,2024,Protection,66,"0,02"
United Nations Children’s Fund,Africa,Republic of the Sudan,2024-08-19,Displacement,Northern Africa,1212229,2024,Protection,7,"0,00"
United Nations Children’s Fund,Africa,Democratic Republic of the Congo,2024-08-14,Displacement,Middle Africa,750000,2024,Protection,15,"-0,07"
United Nations High Commissioner for Refugees,Africa,Niger,2024-08-12,Displacement,Western Africa,600000,2024,Protection,71,"0,03"
United Nations Children’s Fund,Americas,Honduras,2024-08-06,Economic Disruption,Latin America and the Caribbean,400000,2024,Protection,48,"0,04"
Food and Agriculture Organization,Asia,Syrian Arab Republic,2024-08-06,Violence/Clashes,Western Asia,2000000,2024,Agriculture,64,"0,23"
World Food Programme,Asia,Syrian Arab Republic,2024-08-12,Violence/Clashes,Western Asia,2000000,2024,Food Assistance,64,"0,23"
World Health Organization,Asia,Syrian Arab Republic,2024-08-06,Violence/Clashes,Western Asia,5500000,2024,Health,64,"0,23"
United Nations Children’s Fund,Asia,Syrian Arab Republic,2024-08-14,Violence/Clashes,Western Asia,10500000,2024,Nutrition; Water; Sanitation and Hygiene,64,"0,23"
United Nations Population Fund,Asia,Syrian Arab Republic,2024-08-20,Violence/Clashes,Western Asia,650000,2024,Protection,64,"0,23"
World Food Programme,Africa,Burundi,2024-12-31,Flood,Eastern Africa,"2000197,8",2024,Food Assistance,48,"0,06"
United Nations High Commissioner for Refugees,Africa,Burundi,2024-12-31,Flood,Eastern Africa,"1493688,64",2024,Shelter and Non-Food Items,48,"0,06"
World Health Organization,Africa,Burundi,2024-12-27,Flood,Eastern Africa,499048,2024,Health,48,"0,06"
United Nations Entity for Gender Equality and the Empowerment of Women,Africa,Burundi,2024-12-23,Flood,Eastern Africa,"500000,04",2024,Protection,48,"0,06"
Food and Agriculture Organization,Africa,Burkina Faso,2024-12-10,Violence/Clashes,Western Africa,"1400000,01",2024,Agriculture,61,"-0,02"
United Nations Children’s Fund,Africa,Burkina Faso,2024-12-16,Violence/Clashes,Western Africa,"4399999,97",2024,Water; Sanitation and Hygiene; Nutrition; Protection,61,"-0,02"
International Organization for Migration,Africa,Burkina Faso,2024-12-10,Violence/Clashes,Western Africa,1000000,2024,Protection,61,"-0,02"
United Nations High Commissioner for Refugees,Africa,Burkina Faso,2024-12-13,Violence/Clashes,Western Africa,"2500000,45",2024,Protection; Protection; Shelter and Non-Food Items,61,"-0,02"
United Nations Population Fund,Africa,Burkina Faso,2024-12-16,Violence/Clashes,Western Africa,"1700014,76",2024,Protection,61,"-0,02"
Food and Agriculture Organization,Africa,Malawi,2024-12-23,Drought,Eastern Africa,2150000,2024,Agriculture; Multi-Purpose Cash,48,"0,02"
United Nations Children’s Fund,Africa,Malawi,2024-12-27,Drought,Eastern Africa,"1701688,36",2024,Water; Sanitation and Hygiene; Education; Nutrition,48,"0,02"
United Nations High Commissioner for Refugees,Africa,Malawi,2024-12-27,Drought,Eastern Africa,"499999,4",2024,Multi-Sector Refugee Assistance,48,"0,02"
World Health Organization,Africa,Malawi,2024-12-27,Drought,Eastern Africa,"249761,83",2024,Health,48,"0,02"
United Nations Children’s Fund,Africa,Mali,2024-12-16,Violence/Clashes,Western Africa,"4700000,18",2024,Water; Sanitation and Hygiene; Nutrition; Protection,68,"0,02"
United Nations High Commissioner for Refugees,Africa,Mali,2024-12-16,Violence/Clashes,Western Africa,"3000762,49",2024,Shelter and Non-Food Items; Protection; Protection,68,"0,02"
United Nations Population Fund,Africa,Mali,2024-12-17,Violence/Clashes,Western Africa,"1800001,08",2024,Protection; Health,68,"0,02"
World Food Programme,Africa,Mali,2024-12-18,Violence/Clashes,Western Africa,"1000000,64",2024,Nutrition,68,"0,02"
World Health Organization,Africa,Mali,2024-12-17,Violence/Clashes,Western Africa,"1499901,6",2024,Health,68,"0,02"
International Organization for Migration,Asia,Yemen,2024-11-20,Displacement/Migration,Western Asia,2200000,2024,Camp Coordination and Camp Management; Shelter and Non-Food Items; Health,68,"0,04"
World Food Programme,Asia,Yemen,2024-11-22,Displacement/Migration,Western Asia,"4000001,12",2024,Food Assistance,68,"0,04"
Food and Agriculture Organization,Asia,Yemen,2024-11-20,Displacement/Migration,Western Asia,2000000,2024,Agriculture,68,"0,04"
World Health Organization,Asia,Yemen,2024-11-20,Displacement/Migration,Western Asia,2300000,2024,Health; Nutrition,68,"0,04"
United Nations Children’s Fund,Asia,Yemen,2024-11-21,Displacement/Migration,Western Asia,"2499995,41",2024,Water; Sanitation and Hygiene; Nutrition,68,"0,04"
United Nations High Commissioner for Refugees,Asia,Yemen,2024-11-20,Displacement/Migration,Western Asia,"4499999,67",2024,Camp Coordination and Camp Management; Protection; Shelter and Non-Food Items,68,"0,04"
United Nations Population Fund,Asia,Yemen,2024-11-20,Displacement/Migration,Western Asia,"2500034,28",2024,Protection; Health,68,"0,04"
World Food Programme,Africa,Mozambique,2024-12-20,Drought,Eastern Africa,"3000000,24",2024,Food Assistance,56,"0,00"
Food and Agriculture Organization,Africa,Mozambique,2024-12-23,Drought,Eastern Africa,"2750000,02",2024,Agriculture,56,"0,00"
United Nations High Commissioner for Refugees,Africa,Mozambique,2024-12-10,Drought,Eastern Africa,"500000,49",2024,Protection,56,"0,00"
United Nations Children’s Fund,Africa,Mozambique,2024-12-10,Drought,Eastern Africa,"1900000,71",2024,Nutrition; Protection; Water; Sanitation and Hygiene,56,"0,00"
United Nations High Commissioner for Refugees,Africa,Cameroon,2024-12-19,Displacement/Migration,Middle Africa,"1500745,83",2024,Shelter and Non-Food Items; Protection; Water; Sanitation and Hygiene,59,"-0,02"
United Nations Children’s Fund,Africa,Cameroon,2024-12-23,Displacement/Migration,Middle Africa,"2293928,51",2024,Protection; Water; Sanitation and Hygiene; Nutrition,59,"-0,02"
International Organization for Migration,Africa,Cameroon,2024-12-24,Displacement/Migration,Middle Africa,700000,2024,Shelter and Non-Food Items,59,"-0,02"
United Nations Population Fund,Africa,Cameroon,2024-12-24,Displacement/Migration,Middle Africa,"1250341,73",2024,Protection; Health,59,"-0,02"
World Food Programme,Africa,Cameroon,2024-12-23,Displacement/Migration,Middle Africa,"899850,74",2024,Nutrition,59,"-0,02"
World Health Organization,Africa,Cameroon,2024-12-19,Displacement/Migration,Middle Africa,"1244997,43",2024,Health,59,"-0,02"
Food and Agriculture Organization,Africa,Burundi,2024-12-31,Flood,Eastern Africa,"500000,3",2024,Agriculture,48,"0,06"
Food and Agriculture Organization,Africa,Ethiopia,2024-12-18,Displacement/Migration,Eastern Africa,1000000,2024,Agriculture,73,"-0,12"
International Organization for Migration,Africa,Ethiopia,2024-12-31,Displacement/Migration,Eastern Africa,1000000,2024,Camp Coordination and Camp Management; Shelter and Non-Food Items,73,"-0,12"
United Nations High Commissioner for Refugees,Africa,Ethiopia,2024-12-18,Displacement/Migration,Eastern Africa,1000000,2024,Protection; Multi-Purpose Cash; Protection,73,"-0,12"
United Nations Office for Project Services,Africa,Ethiopia,2024-12-18,Displacement/Migration,Eastern Africa,1000000,2024,Early Recovery,73,"-0,12"
World Food Programme,Africa,Ethiopia,2024-12-19,Displacement/Migration,Eastern Africa,3500000,2024,Common Services; Food Assistance; Common Services,73,"-0,12"
World Health Organization,Africa,Ethiopia,2024-12-24,Displacement/Migration,Eastern Africa,"2249622,79",2024,Health,73,"-0,12"
United Nations Children’s Fund,Africa,Ethiopia,2024-12-20,Displacement/Migration,Eastern Africa,"2250000,71",2024,Health; Water; Sanitation and Hygiene; Education; Nutrition; Protection,73,"-0,12"
United Nations Population Fund,Africa,Ethiopia,2024-12-13,Displacement/Migration,Eastern Africa,"1200099,33",2024,Protection,73,"-0,12"
Office of the High Commissioner for Human Rights,Africa,Ethiopia,2024-12-20,Displacement/Migration,Eastern Africa,"499966,06",2024,Protection,73,"-0,12"
United Nations Entity for Gender Equality and the Empowerment of Women,Africa,Ethiopia,2024-12-19,Displacement/Migration,Eastern Africa,"800000,48",2024,Protection,73,"-0,12"
Food and Agriculture Organization,Asia,Myanmar,2024-12-24,Displacement/Migration,South-Eastern Asia,1000000,2024,Agriculture,68,"-0,01"
United Nations Population Fund,Asia,Myanmar,2024-12-24,Displacement/Migration,South-Eastern Asia,"999999,96",2024,Protection; Health,68,"-0,01"
World Health Organization,Asia,Myanmar,2024-12-24,Displacement/Migration,South-Eastern Asia,"2000000,34",2024,Health,68,"-0,01"
United Nations High Commissioner for Refugees,Asia,Myanmar,2024-12-27,Displacement/Migration,South-Eastern Asia,"2600000,01",2024,Shelter and Non-Food Items; Protection; Multi-Purpose Cash,68,"-0,01"
United Nations Children’s Fund,Asia,Myanmar,2024-12-31,Displacement/Migration,South-Eastern Asia,"3400000,07",2024,Water; Sanitation and Hygiene; Nutrition; Multi-Purpose Cash; Education; Protection,68,"-0,01"
World Food Programme,Asia,Myanmar,2024-12-31,Displacement/Migration,South-Eastern Asia,2000000,2024,Multi-Purpose Cash; Food Assistance,68,"-0,01"
United Nations Mine Action Service,Africa,Ethiopia,2024-12-31,Displacement/Migration,Eastern Africa,"500000,75",2024,Protection,73,"-0,12"
World Health Organization,Americas,Haiti,2024-12-31,Violence/Clashes,Latin America and the Caribbean,1350000,2024,Health; Nutrition,59,"-0,02"
United Nations Children’s Fund,Americas,Haiti,2024-12-31,Violence/Clashes,Latin America and the Caribbean,2500000,2024,Protection; Nutrition,59,"-0,02"
World Food Programme,Americas,Haiti,2024-12-31,Violence/Clashes,Latin America and the Caribbean,"1999999,28",2024,Food Assistance,59,"-0,02"
International Organization for Migration,Americas,Haiti,2024-12-31,Violence/Clashes,Latin America and the Caribbean,"900000,05",2024,Camp Coordination and Camp Management,59,"-0,02"
Office of the High Commissioner for Human Rights,Americas,Haiti,2024-12-31,Violence/Clashes,Latin America and the Caribbean,"943472,5",2024,Protection,59,"-0,02"
United Nations Population Fund,Americas,Haiti,2024-12-31,Violence/Clashes,Latin America and the Caribbean,"1300005,06",2024,Protection,59,"-0,02"
Food and Agriculture Organization,Africa,Cameroon,2024-12-17,Displacement/Migration,Middle Africa,"600000,36",2024,Agriculture,59,"-0,02"
World Food Programme,Africa,Mali,2024-12-18,Violence/Clashes,Western Africa,"750000,46",2024,Food Assistance,68,"0,02"
International Organization for Migration,Africa,Ethiopia,2024-12-31,Displacement/Migration,Eastern Africa,500000,2024,Camp Coordination and Camp Management,73,"-0,12"
Food and Agriculture Organization,Africa,Ethiopia,2024-12-31,Displacement/Migration,Eastern Africa,500000,2024,Agriculture,73,"-0,12"
Food and Agriculture Organization,Americas,Haiti,2024-12-31,Violence/Clashes,Latin America and the Caribbean,1000000,2024,Agriculture,59,"-0,02"
World Food Programme,Americas,Haiti,2024-12-26,Violence/Clashes,Latin America and the Caribbean,"500289,08",2024,Agriculture,59,"-0,02"
International Organization for Migration,Asia,Myanmar,2024-12-31,Displacement/Migration,South-Eastern Asia,500000,2024,Shelter and Non-Food Items; Water; Sanitation and Hygiene,68,"-0,01"
United Nations Children’s Fund,Asia,Myanmar,2024-12-27,Displacement/Migration,South-Eastern Asia,"500000,3",2024,Water; Sanitation and Hygiene,68,"-0,01"
Food and Agriculture Organization,Africa,Burundi,2024-12-31,Flood,Eastern Africa,"1000000,6",2024,Agriculture,48,"0,06"