file,column,distribution_type,metric,value,count,pct_non_empty
AffectedPersons__20260418_072029_UTC.csv,Year,top_value,1,2026,16,100.0
AffectedPersons__20260418_072029_UTC.csv,Year,numeric_summary,min,2026,16,100.0
AffectedPersons__20260418_072029_UTC.csv,Year,numeric_summary,p01,2026,16,100.0
AffectedPersons__20260418_072029_UTC.csv,Year,numeric_summary,p25,2026,16,100.0
AffectedPersons__20260418_072029_UTC.csv,Year,numeric_summary,p50,2026,16,100.0
AffectedPersons__20260418_072029_UTC.csv,Year,numeric_summary,p75,2026,16,100.0
AffectedPersons__20260418_072029_UTC.csv,Year,numeric_summary,p99,2026,16,100.0
AffectedPersons__20260418_072029_UTC.csv,Year,numeric_summary,max,2026,16,100.0
AffectedPersons__20260418_072029_UTC.csv,Year,numeric_summary,mean,2026,16,100.0
AffectedPersons__20260418_072029_UTC.csv,CBPF Name,top_value,1,Afghanistan,1,6.25
AffectedPersons__20260418_072029_UTC.csv,CBPF Name,top_value,2,Bangladesh (AP-RHPF),1,6.25
AffectedPersons__20260418_072029_UTC.csv,CBPF Name,top_value,3,Chad (RhPF-WCA),1,6.25
AffectedPersons__20260418_072029_UTC.csv,CBPF Name,top_value,4,DRC,1,6.25
AffectedPersons__20260418_072029_UTC.csv,CBPF Name,top_value,5,Ethiopia,1,6.25
AffectedPersons__20260418_072029_UTC.csv,CBPF Name,top_value,6,Fiji (AP-Rhpf),1,6.25
AffectedPersons__20260418_072029_UTC.csv,CBPF Name,top_value,7,Haiti (RhPF-LAC),1,6.25
AffectedPersons__20260418_072029_UTC.csv,CBPF Name,top_value,8,Kenya (ESAHF),1,6.25
AffectedPersons__20260418_072029_UTC.csv,CBPF Name,top_value,9,Lebanon,1,6.25
AffectedPersons__20260418_072029_UTC.csv,CBPF Name,top_value,10,Mozambique (RhPF),1,6.25
AffectedPersons__20260418_072029_UTC.csv,Boys (Reached),top_value,1,0,15,93.75
AffectedPersons__20260418_072029_UTC.csv,Boys (Reached),top_value,2,14513,1,6.25
AffectedPersons__20260418_072029_UTC.csv,Boys (Reached),numeric_summary,min,0,16,100.0
AffectedPersons__20260418_072029_UTC.csv,Boys (Reached),numeric_summary,p01,0,16,100.0
AffectedPersons__20260418_072029_UTC.csv,Boys (Reached),numeric_summary,p25,0,16,100.0
AffectedPersons__20260418_072029_UTC.csv,Boys (Reached),numeric_summary,p50,0,16,100.0
AffectedPersons__20260418_072029_UTC.csv,Boys (Reached),numeric_summary,p75,0,16,100.0
AffectedPersons__20260418_072029_UTC.csv,Boys (Reached),numeric_summary,p99,12336.05,16,100.0
AffectedPersons__20260418_072029_UTC.csv,Boys (Reached),numeric_summary,max,14513,16,100.0
AffectedPersons__20260418_072029_UTC.csv,Boys (Reached),numeric_summary,mean,907.06,16,100.0
AffectedPersons__20260418_072029_UTC.csv,Boys (Targeted),top_value,1,103914,1,6.25
AffectedPersons__20260418_072029_UTC.csv,Boys (Targeted),top_value,2,1066888,1,6.25
AffectedPersons__20260418_072029_UTC.csv,Boys (Targeted),top_value,3,314362,1,6.25
AffectedPersons__20260418_072029_UTC.csv,Boys (Targeted),top_value,4,877795,1,6.25
AffectedPersons__20260418_072029_UTC.csv,Boys (Targeted),top_value,5,1920814,1,6.25
AffectedPersons__20260418_072029_UTC.csv,Boys (Targeted),top_value,6,50,1,6.25
AffectedPersons__20260418_072029_UTC.csv,Boys (Targeted),top_value,7,17681,1,6.25
AffectedPersons__20260418_072029_UTC.csv,Boys (Targeted),top_value,8,731680,1,6.25
AffectedPersons__20260418_072029_UTC.csv,Boys (Targeted),top_value,9,158417,1,6.25
AffectedPersons__20260418_072029_UTC.csv,Boys (Targeted),top_value,10,464079,1,6.25
AffectedPersons__20260418_072029_UTC.csv,Boys (Targeted),numeric_summary,min,50,16,100.0
AffectedPersons__20260418_072029_UTC.csv,Boys (Targeted),numeric_summary,p01,2694.65,16,100.0
AffectedPersons__20260418_072029_UTC.csv,Boys (Targeted),numeric_summary,p25,100228.25,16,100.0
AffectedPersons__20260418_072029_UTC.csv,Boys (Targeted),numeric_summary,p50,390206.5,16,100.0
AffectedPersons__20260418_072029_UTC.csv,Boys (Targeted),numeric_summary,p75,879228.75,16,100.0
AffectedPersons__20260418_072029_UTC.csv,Boys (Targeted),numeric_summary,p99,2007398.4,16,100.0
AffectedPersons__20260418_072029_UTC.csv,Boys (Targeted),numeric_summary,max,2022678,16,100.0
AffectedPersons__20260418_072029_UTC.csv,Boys (Targeted),numeric_summary,mean,594974.31,16,100.0
AffectedPersons__20260418_072029_UTC.csv,Girls (Reached),top_value,1,0,15,93.75
AffectedPersons__20260418_072029_UTC.csv,Girls (Reached),top_value,2,15077,1,6.25
AffectedPersons__20260418_072029_UTC.csv,Girls (Reached),numeric_summary,min,0,16,100.0
AffectedPersons__20260418_072029_UTC.csv,Girls (Reached),numeric_summary,p01,0,16,100.0
AffectedPersons__20260418_072029_UTC.csv,Girls (Reached),numeric_summary,p25,0,16,100.0
AffectedPersons__20260418_072029_UTC.csv,Girls (Reached),numeric_summary,p50,0,16,100.0
AffectedPersons__20260418_072029_UTC.csv,Girls (Reached),numeric_summary,p75,0,16,100.0
AffectedPersons__20260418_072029_UTC.csv,Girls (Reached),numeric_summary,p99,12815.45,16,100.0
AffectedPersons__20260418_072029_UTC.csv,Girls (Reached),numeric_summary,max,15077,16,100.0
AffectedPersons__20260418_072029_UTC.csv,Girls (Reached),numeric_summary,mean,942.31,16,100.0
AffectedPersons__20260418_072029_UTC.csv,Girls (Targeted),top_value,1,108075,1,6.25
AffectedPersons__20260418_072029_UTC.csv,Girls (Targeted),top_value,2,1010971,1,6.25
AffectedPersons__20260418_072029_UTC.csv,Girls (Targeted),top_value,3,356770,1,6.25
AffectedPersons__20260418_072029_UTC.csv,Girls (Targeted),top_value,4,922402,1,6.25
AffectedPersons__20260418_072029_UTC.csv,Girls (Targeted),top_value,5,1979338,1,6.25
AffectedPersons__20260418_072029_UTC.csv,Girls (Targeted),top_value,6,50,1,6.25
AffectedPersons__20260418_072029_UTC.csv,Girls (Targeted),top_value,7,27059,1,6.25
AffectedPersons__20260418_072029_UTC.csv,Girls (Targeted),top_value,8,817369,1,6.25
AffectedPersons__20260418_072029_UTC.csv,Girls (Targeted),top_value,9,166570,1,6.25
AffectedPersons__20260418_072029_UTC.csv,Girls (Targeted),top_value,10,509041,1,6.25
AffectedPersons__20260418_072029_UTC.csv,Girls (Targeted),numeric_summary,min,50,16,100.0
AffectedPersons__20260418_072029_UTC.csv,Girls (Targeted),numeric_summary,p01,4101.35,16,100.0
AffectedPersons__20260418_072029_UTC.csv,Girls (Targeted),numeric_summary,p25,113157.75,16,100.0
AffectedPersons__20260418_072029_UTC.csv,Girls (Targeted),numeric_summary,p50,452258,16,100.0
AffectedPersons__20260418_072029_UTC.csv,Girls (Targeted),numeric_summary,p75,932619.25,16,100.0
AffectedPersons__20260418_072029_UTC.csv,Girls (Targeted),numeric_summary,p99,2202412.85,16,100.0
AffectedPersons__20260418_072029_UTC.csv,Girls (Targeted),numeric_summary,max,2241779,16,100.0
AffectedPersons__20260418_072029_UTC.csv,Girls (Targeted),numeric_summary,mean,637290.25,16,100.0
AffectedPersons__20260418_072029_UTC.csv,Men (Reached),top_value,1,0,15,93.75
AffectedPersons__20260418_072029_UTC.csv,Men (Reached),top_value,2,632,1,6.25
AffectedPersons__20260418_072029_UTC.csv,Men (Reached),numeric_summary,min,0,16,100.0
AffectedPersons__20260418_072029_UTC.csv,Men (Reached),numeric_summary,p01,0,16,100.0
AffectedPersons__20260418_072029_UTC.csv,Men (Reached),numeric_summary,p25,0,16,100.0
AffectedPersons__20260418_072029_UTC.csv,Men (Reached),numeric_summary,p50,0,16,100.0
AffectedPersons__20260418_072029_UTC.csv,Men (Reached),numeric_summary,p75,0,16,100.0
AffectedPersons__20260418_072029_UTC.csv,Men (Reached),numeric_summary,p99,537.2,16,100.0
AffectedPersons__20260418_072029_UTC.csv,Men (Reached),numeric_summary,max,632,16,100.0
AffectedPersons__20260418_072029_UTC.csv,Men (Reached),numeric_summary,mean,39.5,16,100.0
AffectedPersons__20260418_072029_UTC.csv,Men (Targeted),top_value,1,71420,1,6.25
AffectedPersons__20260418_072029_UTC.csv,Men (Targeted),top_value,2,861995,1,6.25
AffectedPersons__20260418_072029_UTC.csv,Men (Targeted),top_value,3,172216,1,6.25
AffectedPersons__20260418_072029_UTC.csv,Men (Targeted),top_value,4,230399,1,6.25
AffectedPersons__20260418_072029_UTC.csv,Men (Targeted),top_value,5,1006940,1,6.25
AffectedPersons__20260418_072029_UTC.csv,Men (Targeted),top_value,6,1500,1,6.25
AffectedPersons__20260418_072029_UTC.csv,Men (Targeted),top_value,7,12564,1,6.25
AffectedPersons__20260418_072029_UTC.csv,Men (Targeted),top_value,8,587764,1,6.25
AffectedPersons__20260418_072029_UTC.csv,Men (Targeted),top_value,9,177794,1,6.25
AffectedPersons__20260418_072029_UTC.csv,Men (Targeted),top_value,10,283604,1,6.25
AffectedPersons__20260418_072029_UTC.csv,Men (Targeted),numeric_summary,min,1500,16,100.0
AffectedPersons__20260418_072029_UTC.csv,Men (Targeted),numeric_summary,p01,3159.6,16,100.0
AffectedPersons__20260418_072029_UTC.csv,Men (Targeted),numeric_summary,p25,162618.25,16,100.0
AffectedPersons__20260418_072029_UTC.csv,Men (Targeted),numeric_summary,p50,257001.5,16,100.0
AffectedPersons__20260418_072029_UTC.csv,Men (Targeted),numeric_summary,p75,643681.75,16,100.0
AffectedPersons__20260418_072029_UTC.csv,Men (Targeted),numeric_summary,p99,1640147.5,16,100.0
AffectedPersons__20260418_072029_UTC.csv,Men (Targeted),numeric_summary,max,1751890,16,100.0
AffectedPersons__20260418_072029_UTC.csv,Men (Targeted),numeric_summary,mean,439408.94,16,100.0
AffectedPersons__20260418_072029_UTC.csv,Women (Reached),top_value,1,0,15,93.75
AffectedPersons__20260418_072029_UTC.csv,Women (Reached),top_value,2,1668,1,6.25
AffectedPersons__20260418_072029_UTC.csv,Women (Reached),numeric_summary,min,0,16,100.0
AffectedPersons__20260418_072029_UTC.csv,Women (Reached),numeric_summary,p01,0,16,100.0
AffectedPersons__20260418_072029_UTC.csv,Women (Reached),numeric_summary,p25,0,16,100.0
AffectedPersons__20260418_072029_UTC.csv,Women (Reached),numeric_summary,p50,0,16,100.0
AffectedPersons__20260418_072029_UTC.csv,Women (Reached),numeric_summary,p75,0,16,100.0
AffectedPersons__20260418_072029_UTC.csv,Women (Reached),numeric_summary,p99,1417.8,16,100.0
AffectedPersons__20260418_072029_UTC.csv,Women (Reached),numeric_summary,max,1668,16,100.0
AffectedPersons__20260418_072029_UTC.csv,Women (Reached),numeric_summary,mean,104.25,16,100.0
AffectedPersons__20260418_072029_UTC.csv,Women (Targeted),top_value,1,90362,1,6.25
AffectedPersons__20260418_072029_UTC.csv,Women (Targeted),top_value,2,979172,1,6.25
AffectedPersons__20260418_072029_UTC.csv,Women (Targeted),top_value,3,235719,1,6.25
AffectedPersons__20260418_072029_UTC.csv,Women (Targeted),top_value,4,287310,1,6.25
AffectedPersons__20260418_072029_UTC.csv,Women (Targeted),top_value,5,1291303,1,6.25
AffectedPersons__20260418_072029_UTC.csv,Women (Targeted),top_value,6,1500,1,6.25
AffectedPersons__20260418_072029_UTC.csv,Women (Targeted),top_value,7,17081,1,6.25
AffectedPersons__20260418_072029_UTC.csv,Women (Targeted),top_value,8,697773,1,6.25
AffectedPersons__20260418_072029_UTC.csv,Women (Targeted),top_value,9,196237,1,6.25
AffectedPersons__20260418_072029_UTC.csv,Women (Targeted),top_value,10,479398,1,6.25
AffectedPersons__20260418_072029_UTC.csv,Women (Targeted),numeric_summary,min,1500,16,100.0
AffectedPersons__20260418_072029_UTC.csv,Women (Targeted),numeric_summary,p01,3837.15,16,100.0
AffectedPersons__20260418_072029_UTC.csv,Women (Targeted),numeric_summary,p25,225848.5,16,100.0
AffectedPersons__20260418_072029_UTC.csv,Women (Targeted),numeric_summary,p50,435592.5,16,100.0
AffectedPersons__20260418_072029_UTC.csv,Women (Targeted),numeric_summary,p75,768122.75,16,100.0
AffectedPersons__20260418_072029_UTC.csv,Women (Targeted),numeric_summary,p99,2088121.05,16,100.0
AffectedPersons__20260418_072029_UTC.csv,Women (Targeted),numeric_summary,max,2228736,16,100.0
AffectedPersons__20260418_072029_UTC.csv,Women (Targeted),numeric_summary,mean,579807.88,16,100.0
AffectedPersons__20260418_072029_UTC.csv,Total (Reached),top_value,1,0,15,93.75
AffectedPersons__20260418_072029_UTC.csv,Total (Reached),top_value,2,31890,1,6.25
AffectedPersons__20260418_072029_UTC.csv,Total (Reached),numeric_summary,min,0,16,100.0
AffectedPersons__20260418_072029_UTC.csv,Total (Reached),numeric_summary,p01,0,16,100.0
AffectedPersons__20260418_072029_UTC.csv,Total (Reached),numeric_summary,p25,0,16,100.0
AffectedPersons__20260418_072029_UTC.csv,Total (Reached),numeric_summary,p50,0,16,100.0
AffectedPersons__20260418_072029_UTC.csv,Total (Reached),numeric_summary,p75,0,16,100.0
AffectedPersons__20260418_072029_UTC.csv,Total (Reached),numeric_summary,p99,27106.5,16,100.0
AffectedPersons__20260418_072029_UTC.csv,Total (Reached),numeric_summary,max,31890,16,100.0
AffectedPersons__20260418_072029_UTC.csv,Total (Reached),numeric_summary,mean,1993.12,16,100.0
AffectedPersons__20260418_072029_UTC.csv,Total (Targeted),top_value,1,373771,1,6.25
AffectedPersons__20260418_072029_UTC.csv,Total (Targeted),top_value,2,3919026,1,6.25
AffectedPersons__20260418_072029_UTC.csv,Total (Targeted),top_value,3,1079067,1,6.25
AffectedPersons__20260418_072029_UTC.csv,Total (Targeted),top_value,4,2317906,1,6.25
AffectedPersons__20260418_072029_UTC.csv,Total (Targeted),top_value,5,6198395,1,6.25
AffectedPersons__20260418_072029_UTC.csv,Total (Targeted),top_value,6,3100,1,6.25
AffectedPersons__20260418_072029_UTC.csv,Total (Targeted),top_value,7,74385,1,6.25
AffectedPersons__20260418_072029_UTC.csv,Total (Targeted),top_value,8,2834586,1,6.25
AffectedPersons__20260418_072029_UTC.csv,Total (Targeted),top_value,9,699018,1,6.25
AffectedPersons__20260418_072029_UTC.csv,Total (Targeted),top_value,10,1736122,1,6.25
AffectedPersons__20260418_072029_UTC.csv,Total (Targeted),numeric_summary,min,3100,16,100.0
AffectedPersons__20260418_072029_UTC.csv,Total (Targeted),numeric_summary,p01,13792.75,16,100.0
AffectedPersons__20260418_072029_UTC.csv,Total (Targeted),numeric_summary,p25,668146.25,16,100.0
AffectedPersons__20260418_072029_UTC.csv,Total (Targeted),numeric_summary,p50,1528429.5,16,100.0
AffectedPersons__20260418_072029_UTC.csv,Total (Targeted),numeric_summary,p75,2806297.5,16,100.0
AffectedPersons__20260418_072029_UTC.csv,Total (Targeted),numeric_summary,p99,7938079.8,16,100.0
AffectedPersons__20260418_072029_UTC.csv,Total (Targeted),numeric_summary,max,8245083,16,100.0
AffectedPersons__20260418_072029_UTC.csv,Total (Targeted),numeric_summary,mean,2251481.38,16,100.0
AllocationFlow__20260418_071755_UTC.csv,Year,top_value,1,2026,198,100.0
AllocationFlow__20260418_071755_UTC.csv,Year,numeric_summary,min,2026,198,100.0
AllocationFlow__20260418_071755_UTC.csv,Year,numeric_summary,p01,2026,198,100.0
AllocationFlow__20260418_071755_UTC.csv,Year,numeric_summary,p25,2026,198,100.0
AllocationFlow__20260418_071755_UTC.csv,Year,numeric_summary,p50,2026,198,100.0
AllocationFlow__20260418_071755_UTC.csv,Year,numeric_summary,p75,2026,198,100.0
AllocationFlow__20260418_071755_UTC.csv,Year,numeric_summary,p99,2026,198,100.0
AllocationFlow__20260418_071755_UTC.csv,Year,numeric_summary,max,2026,198,100.0
AllocationFlow__20260418_071755_UTC.csv,Year,numeric_summary,mean,2026,198,100.0
AllocationFlow__20260418_071755_UTC.csv,Fund,top_value,1,Sudan,6,3.0303
AllocationFlow__20260418_071755_UTC.csv,Fund,top_value,2,CAR,6,3.0303
AllocationFlow__20260418_071755_UTC.csv,Fund,top_value,3,South Sudan,6,3.0303
AllocationFlow__20260418_071755_UTC.csv,Fund,top_value,4,Somalia,6,3.0303
AllocationFlow__20260418_071755_UTC.csv,Fund,top_value,5,Afghanistan,6,3.0303
AllocationFlow__20260418_071755_UTC.csv,Fund,top_value,6,DRC,6,3.0303
AllocationFlow__20260418_071755_UTC.csv,Fund,top_value,7,Colombia,6,3.0303
AllocationFlow__20260418_071755_UTC.csv,Fund,top_value,8,Ethiopia,6,3.0303
AllocationFlow__20260418_071755_UTC.csv,Fund,top_value,9,Haiti,6,3.0303
AllocationFlow__20260418_071755_UTC.csv,Fund,top_value,10,Myanmar,6,3.0303
AllocationFlow__20260418_071755_UTC.csv,Partner type,top_value,1,UN Agency,33,16.6667
AllocationFlow__20260418_071755_UTC.csv,Partner type,top_value,2,International NGO,33,16.6667
AllocationFlow__20260418_071755_UTC.csv,Partner type,top_value,3,National NGO,33,16.6667
AllocationFlow__20260418_071755_UTC.csv,Partner type,top_value,4,Red Cross/Red Crescent Society,33,16.6667
AllocationFlow__20260418_071755_UTC.csv,Partner type,top_value,5,Others / Government,33,16.6667
AllocationFlow__20260418_071755_UTC.csv,Partner type,top_value,6,Private Contractor,33,16.6667
AllocationFlow__20260418_071755_UTC.csv,Direct funding,top_value,1,0,159,80.303
AllocationFlow__20260418_071755_UTC.csv,Direct funding,top_value,2,350000,2,1.0101
AllocationFlow__20260418_071755_UTC.csv,Direct funding,top_value,3,114000000.02,1,0.5051
AllocationFlow__20260418_071755_UTC.csv,Direct funding,top_value,4,92500000.01,1,0.5051
AllocationFlow__20260418_071755_UTC.csv,Direct funding,top_value,5,68219744.08,1,0.5051
AllocationFlow__20260418_071755_UTC.csv,Direct funding,top_value,6,22949646.79,1,0.5051
AllocationFlow__20260418_071755_UTC.csv,Direct funding,top_value,7,6030493.32,1,0.5051
AllocationFlow__20260418_071755_UTC.csv,Direct funding,top_value,8,4507794.83,1,0.5051
AllocationFlow__20260418_071755_UTC.csv,Direct funding,top_value,9,3979273.57,1,0.5051
AllocationFlow__20260418_071755_UTC.csv,Direct funding,top_value,10,50500000.03,1,0.5051
AllocationFlow__20260418_071755_UTC.csv,Direct funding,numeric_summary,min,0,198,100.0
AllocationFlow__20260418_071755_UTC.csv,Direct funding,numeric_summary,p01,0,198,100.0
AllocationFlow__20260418_071755_UTC.csv,Direct funding,numeric_summary,p25,0,198,100.0
AllocationFlow__20260418_071755_UTC.csv,Direct funding,numeric_summary,p50,0,198,100.0
AllocationFlow__20260418_071755_UTC.csv,Direct funding,numeric_summary,p75,0,198,100.0
AllocationFlow__20260418_071755_UTC.csv,Direct funding,numeric_summary,p99,93145000.01,198,100.0
AllocationFlow__20260418_071755_UTC.csv,Direct funding,numeric_summary,max,136349919.18,198,100.0
AllocationFlow__20260418_071755_UTC.csv,Direct funding,numeric_summary,mean,5946580.91,198,100.0
AllocationFlow__20260418_071755_UTC.csv,Net funding,top_value,1,0,149,75.2525
AllocationFlow__20260418_071755_UTC.csv,Net funding,top_value,2,350000,2,1.0101
AllocationFlow__20260418_071755_UTC.csv,Net funding,top_value,3,114000000.02,1,0.5051
AllocationFlow__20260418_071755_UTC.csv,Net funding,top_value,4,90353000.01,1,0.5051
AllocationFlow__20260418_071755_UTC.csv,Net funding,top_value,5,2147000,1,0.5051
AllocationFlow__20260418_071755_UTC.csv,Net funding,top_value,6,59024182.08,1,0.5051
AllocationFlow__20260418_071755_UTC.csv,Net funding,top_value,7,29147194.79,1,0.5051
AllocationFlow__20260418_071755_UTC.csv,Net funding,top_value,8,9028507.32,1,0.5051
AllocationFlow__20260418_071755_UTC.csv,Net funding,top_value,9,4507794.83,1,0.5051
AllocationFlow__20260418_071755_UTC.csv,Net funding,top_value,10,3979273.57,1,0.5051
AllocationFlow__20260418_071755_UTC.csv,Net funding,numeric_summary,min,0,198,100.0
AllocationFlow__20260418_071755_UTC.csv,Net funding,numeric_summary,p01,0,198,100.0
AllocationFlow__20260418_071755_UTC.csv,Net funding,numeric_summary,p25,0,198,100.0
AllocationFlow__20260418_071755_UTC.csv,Net funding,numeric_summary,p50,0,198,100.0
AllocationFlow__20260418_071755_UTC.csv,Net funding,numeric_summary,p75,0,198,100.0
AllocationFlow__20260418_071755_UTC.csv,Net funding,numeric_summary,p99,91062410.01,198,100.0
AllocationFlow__20260418_071755_UTC.csv,Net funding,numeric_summary,max,122033297.18,198,100.0
AllocationFlow__20260418_071755_UTC.csv,Net funding,numeric_summary,mean,5946580.91,198,100.0
AllocationsByOrgType__20260418_071803_UTC.csv,Year,top_value,1,2026,18,100.0
AllocationsByOrgType__20260418_071803_UTC.csv,Year,numeric_summary,min,2026,18,100.0
AllocationsByOrgType__20260418_071803_UTC.csv,Year,numeric_summary,p01,2026,18,100.0
AllocationsByOrgType__20260418_071803_UTC.csv,Year,numeric_summary,p25,2026,18,100.0
AllocationsByOrgType__20260418_071803_UTC.csv,Year,numeric_summary,p50,2026,18,100.0
AllocationsByOrgType__20260418_071803_UTC.csv,Year,numeric_summary,p75,2026,18,100.0
AllocationsByOrgType__20260418_071803_UTC.csv,Year,numeric_summary,p99,2026,18,100.0
AllocationsByOrgType__20260418_071803_UTC.csv,Year,numeric_summary,max,2026,18,100.0
AllocationsByOrgType__20260418_071803_UTC.csv,Year,numeric_summary,mean,2026,18,100.0
AllocationsByOrgType__20260418_071803_UTC.csv,CBPF Name,top_value,1,Afghanistan,1,5.5556
AllocationsByOrgType__20260418_071803_UTC.csv,CBPF Name,top_value,2,Bangladesh (AP-RHPF),1,5.5556
AllocationsByOrgType__20260418_071803_UTC.csv,CBPF Name,top_value,3,Chad (RhPF-WCA),1,5.5556
AllocationsByOrgType__20260418_071803_UTC.csv,CBPF Name,top_value,4,DRC,1,5.5556
AllocationsByOrgType__20260418_071803_UTC.csv,CBPF Name,top_value,5,Ethiopia,1,5.5556
AllocationsByOrgType__20260418_071803_UTC.csv,CBPF Name,top_value,6,Fiji (AP-Rhpf),1,5.5556
AllocationsByOrgType__20260418_071803_UTC.csv,CBPF Name,top_value,7,Haiti (RhPF-LAC),1,5.5556
AllocationsByOrgType__20260418_071803_UTC.csv,CBPF Name,top_value,8,Kenya (ESAHF),1,5.5556
AllocationsByOrgType__20260418_071803_UTC.csv,CBPF Name,top_value,9,Lebanon,1,5.5556
AllocationsByOrgType__20260418_071803_UTC.csv,CBPF Name,top_value,10,Mozambique (RhPF),1,5.5556
AllocationsByOrgType__20260418_071803_UTC.csv,Total Allocation,top_value,1,0,2,11.1111
AllocationsByOrgType__20260418_071803_UTC.csv,Total Allocation,top_value,2,8487068.4,1,5.5556
AllocationsByOrgType__20260418_071803_UTC.csv,Total Allocation,top_value,3,145896619.05,1,5.5556
AllocationsByOrgType__20260418_071803_UTC.csv,Total Allocation,top_value,4,72622999.44,1,5.5556
AllocationsByOrgType__20260418_071803_UTC.csv,Total Allocation,top_value,5,71024958.48,1,5.5556
AllocationsByOrgType__20260418_071803_UTC.csv,Total Allocation,top_value,6,96999986.87,1,5.5556
AllocationsByOrgType__20260418_071803_UTC.csv,Total Allocation,top_value,7,350000,1,5.5556
AllocationsByOrgType__20260418_071803_UTC.csv,Total Allocation,top_value,8,12360586,1,5.5556
AllocationsByOrgType__20260418_071803_UTC.csv,Total Allocation,top_value,9,48481145.28,1,5.5556
AllocationsByOrgType__20260418_071803_UTC.csv,Total Allocation,top_value,10,9718894.73,1,5.5556
AllocationsByOrgType__20260418_071803_UTC.csv,Total Allocation,numeric_summary,min,0,18,100.0
AllocationsByOrgType__20260418_071803_UTC.csv,Total Allocation,numeric_summary,p01,0,18,100.0
AllocationsByOrgType__20260418_071803_UTC.csv,Total Allocation,numeric_summary,p25,9792921.78,18,100.0
AllocationsByOrgType__20260418_071803_UTC.csv,Total Allocation,numeric_summary,p50,55390540.27,18,100.0
AllocationsByOrgType__20260418_071803_UTC.csv,Total Allocation,numeric_summary,p75,97149909.86,18,100.0
AllocationsByOrgType__20260418_071803_UTC.csv,Total Allocation,numeric_summary,p99,198141793.06,18,100.0
AllocationsByOrgType__20260418_071803_UTC.csv,Total Allocation,numeric_summary,max,206500000.03,18,100.0
AllocationsByOrgType__20260418_071803_UTC.csv,Total Allocation,numeric_summary,mean,65412390.06,18,100.0
AllocationsByOrgType__20260418_071803_UTC.csv,Allocation (INGO),top_value,1,0,2,11.1111
AllocationsByOrgType__20260418_071803_UTC.csv,Allocation (INGO),top_value,2,4507794.83,1,5.5556
AllocationsByOrgType__20260418_071803_UTC.csv,Allocation (INGO),top_value,3,9699947.87,1,5.5556
AllocationsByOrgType__20260418_071803_UTC.csv,Allocation (INGO),top_value,4,8461054.01,1,5.5556
AllocationsByOrgType__20260418_071803_UTC.csv,Allocation (INGO),top_value,5,20641427.9,1,5.5556
AllocationsByOrgType__20260418_071803_UTC.csv,Allocation (INGO),top_value,6,24086275,1,5.5556
AllocationsByOrgType__20260418_071803_UTC.csv,Allocation (INGO),top_value,7,350000,1,5.5556
AllocationsByOrgType__20260418_071803_UTC.csv,Allocation (INGO),top_value,8,11772121,1,5.5556
AllocationsByOrgType__20260418_071803_UTC.csv,Allocation (INGO),top_value,9,16771425.61,1,5.5556
AllocationsByOrgType__20260418_071803_UTC.csv,Allocation (INGO),top_value,10,4748502,1,5.5556
AllocationsByOrgType__20260418_071803_UTC.csv,Allocation (INGO),numeric_summary,min,0,18,100.0
AllocationsByOrgType__20260418_071803_UTC.csv,Allocation (INGO),numeric_summary,p01,0,18,100.0
AllocationsByOrgType__20260418_071803_UTC.csv,Allocation (INGO),numeric_summary,p25,4761376.5,18,100.0
AllocationsByOrgType__20260418_071803_UTC.csv,Allocation (INGO),numeric_summary,p50,14271773.3,18,100.0
AllocationsByOrgType__20260418_071803_UTC.csv,Allocation (INGO),numeric_summary,p75,26109851.36,18,100.0
AllocationsByOrgType__20260418_071803_UTC.csv,Allocation (INGO),numeric_summary,p99,84203603.41,18,100.0
AllocationsByOrgType__20260418_071803_UTC.csv,Allocation (INGO),numeric_summary,max,90353000.01,18,100.0
AllocationsByOrgType__20260418_071803_UTC.csv,Allocation (INGO),numeric_summary,mean,20204706.06,18,100.0
AllocationsByOrgType__20260418_071803_UTC.csv,Allocation (NNGO),top_value,1,0,4,22.2222
AllocationsByOrgType__20260418_071803_UTC.csv,Allocation (NNGO),top_value,2,3979273.57,1,5.5556
AllocationsByOrgType__20260418_071803_UTC.csv,Allocation (NNGO),top_value,3,13937203,1,5.5556
AllocationsByOrgType__20260418_071803_UTC.csv,Allocation (NNGO),top_value,4,5852012,1,5.5556
AllocationsByOrgType__20260418_071803_UTC.csv,Allocation (NNGO),top_value,5,4827200.55,1,5.5556
AllocationsByOrgType__20260418_071803_UTC.csv,Allocation (NNGO),top_value,6,13362719.84,1,5.5556
AllocationsByOrgType__20260418_071803_UTC.csv,Allocation (NNGO),top_value,7,588465,1,5.5556
AllocationsByOrgType__20260418_071803_UTC.csv,Allocation (NNGO),top_value,8,1895431,1,5.5556
AllocationsByOrgType__20260418_071803_UTC.csv,Allocation (NNGO),top_value,9,4874092.73,1,5.5556
AllocationsByOrgType__20260418_071803_UTC.csv,Allocation (NNGO),top_value,10,8563155.44,1,5.5556
AllocationsByOrgType__20260418_071803_UTC.csv,Allocation (NNGO),numeric_summary,min,0,18,100.0
AllocationsByOrgType__20260418_071803_UTC.csv,Allocation (NNGO),numeric_summary,p01,0,18,100.0
AllocationsByOrgType__20260418_071803_UTC.csv,Allocation (NNGO),numeric_summary,p25,915206.5,18,100.0
AllocationsByOrgType__20260418_071803_UTC.csv,Allocation (NNGO),numeric_summary,p50,4850646.64,18,100.0
AllocationsByOrgType__20260418_071803_UTC.csv,Allocation (NNGO),numeric_summary,p75,8912169.35,18,100.0
AllocationsByOrgType__20260418_071803_UTC.csv,Allocation (NNGO),numeric_summary,p99,62174345.17,18,100.0
AllocationsByOrgType__20260418_071803_UTC.csv,Allocation (NNGO),numeric_summary,max,63958094.99,18,100.0
AllocationsByOrgType__20260418_071803_UTC.csv,Allocation (NNGO),numeric_summary,mean,10677290.41,18,100.0
AllocationsByOrgType__20260418_071803_UTC.csv,Allocation (Red Cross),top_value,1,0,12,66.6667
AllocationsByOrgType__20260418_071803_UTC.csv,Allocation (Red Cross),top_value,2,226171,1,5.5556
AllocationsByOrgType__20260418_071803_UTC.csv,Allocation (Red Cross),top_value,3,529600,1,5.5556
AllocationsByOrgType__20260418_071803_UTC.csv,Allocation (Red Cross),top_value,4,350000,1,5.5556
AllocationsByOrgType__20260418_071803_UTC.csv,Allocation (Red Cross),top_value,5,1716761,1,5.5556
AllocationsByOrgType__20260418_071803_UTC.csv,Allocation (Red Cross),top_value,6,146426,1,5.5556
AllocationsByOrgType__20260418_071803_UTC.csv,Allocation (Red Cross),top_value,7,199080.99,1,5.5556
AllocationsByOrgType__20260418_071803_UTC.csv,Allocation (Red Cross),numeric_summary,min,0,18,100.0
AllocationsByOrgType__20260418_071803_UTC.csv,Allocation (Red Cross),numeric_summary,p01,0,18,100.0
AllocationsByOrgType__20260418_071803_UTC.csv,Allocation (Red Cross),numeric_summary,p25,0,18,100.0
AllocationsByOrgType__20260418_071803_UTC.csv,Allocation (Red Cross),numeric_summary,p50,0,18,100.0
AllocationsByOrgType__20260418_071803_UTC.csv,Allocation (Red Cross),numeric_summary,p75,185917.24,18,100.0
AllocationsByOrgType__20260418_071803_UTC.csv,Allocation (Red Cross),numeric_summary,p99,1514943.63,18,100.0
AllocationsByOrgType__20260418_071803_UTC.csv,Allocation (Red Cross),numeric_summary,max,1716761,18,100.0
AllocationsByOrgType__20260418_071803_UTC.csv,Allocation (Red Cross),numeric_summary,mean,176002.17,18,100.0
AllocationsByOrgType__20260418_071803_UTC.csv,Allocation (UN),top_value,1,0,5,27.7778
AllocationsByOrgType__20260418_071803_UTC.csv,Allocation (UN),top_value,2,122033297.18,1,5.5556
AllocationsByOrgType__20260418_071803_UTC.csv,Allocation (UN),top_value,3,57780333.43,1,5.5556
AllocationsByOrgType__20260418_071803_UTC.csv,Allocation (UN),top_value,4,45206330.03,1,5.5556
AllocationsByOrgType__20260418_071803_UTC.csv,Allocation (UN),top_value,5,59550992.03,1,5.5556
AllocationsByOrgType__20260418_071803_UTC.csv,Allocation (UN),top_value,6,28097527.67,1,5.5556
AllocationsByOrgType__20260418_071803_UTC.csv,Allocation (UN),top_value,7,96300,1,5.5556
AllocationsByOrgType__20260418_071803_UTC.csv,Allocation (UN),top_value,8,28506716.77,1,5.5556
AllocationsByOrgType__20260418_071803_UTC.csv,Allocation (UN),top_value,9,50916819.54,1,5.5556
AllocationsByOrgType__20260418_071803_UTC.csv,Allocation (UN),top_value,10,8954722.1,1,5.5556
AllocationsByOrgType__20260418_071803_UTC.csv,Allocation (UN),numeric_summary,min,0,18,100.0
AllocationsByOrgType__20260418_071803_UTC.csv,Allocation (UN),numeric_summary,p01,0,18,100.0
AllocationsByOrgType__20260418_071803_UTC.csv,Allocation (UN),numeric_summary,p25,24075,18,100.0
AllocationsByOrgType__20260418_071803_UTC.csv,Allocation (UN),numeric_summary,p50,28302122.22,18,100.0
AllocationsByOrgType__20260418_071803_UTC.csv,Allocation (UN),numeric_summary,p75,56064454.96,18,100.0
AllocationsByOrgType__20260418_071803_UTC.csv,Allocation (UN),numeric_summary,p99,120667636.66,18,100.0
AllocationsByOrgType__20260418_071803_UTC.csv,Allocation (UN),numeric_summary,max,122033297.18,18,100.0
AllocationsByOrgType__20260418_071803_UTC.csv,Allocation (UN),numeric_summary,mean,34354391.42,18,100.0
AllocationsByOrgType__20260418_071803_UTC.csv,Reserve Allocation (INGO),top_value,1,0,2,11.1111
AllocationsByOrgType__20260418_071803_UTC.csv,Reserve Allocation (INGO),top_value,2,4507794.83,1,5.5556
AllocationsByOrgType__20260418_071803_UTC.csv,Reserve Allocation (INGO),top_value,3,9699947.87,1,5.5556
AllocationsByOrgType__20260418_071803_UTC.csv,Reserve Allocation (INGO),top_value,4,8461054.01,1,5.5556
AllocationsByOrgType__20260418_071803_UTC.csv,Reserve Allocation (INGO),top_value,5,20641427.9,1,5.5556
AllocationsByOrgType__20260418_071803_UTC.csv,Reserve Allocation (INGO),top_value,6,24086275,1,5.5556
AllocationsByOrgType__20260418_071803_UTC.csv,Reserve Allocation (INGO),top_value,7,350000,1,5.5556
AllocationsByOrgType__20260418_071803_UTC.csv,Reserve Allocation (INGO),top_value,8,11772121,1,5.5556
AllocationsByOrgType__20260418_071803_UTC.csv,Reserve Allocation (INGO),top_value,9,16771425.61,1,5.5556
AllocationsByOrgType__20260418_071803_UTC.csv,Reserve Allocation (INGO),top_value,10,4748502,1,5.5556
AllocationsByOrgType__20260418_071803_UTC.csv,Reserve Allocation (INGO),numeric_summary,min,0,18,100.0
AllocationsByOrgType__20260418_071803_UTC.csv,Reserve Allocation (INGO),numeric_summary,p01,0,18,100.0
AllocationsByOrgType__20260418_071803_UTC.csv,Reserve Allocation (INGO),numeric_summary,p25,4761376.5,18,100.0
AllocationsByOrgType__20260418_071803_UTC.csv,Reserve Allocation (INGO),numeric_summary,p50,14271773.3,18,100.0
AllocationsByOrgType__20260418_071803_UTC.csv,Reserve Allocation (INGO),numeric_summary,p75,26109851.36,18,100.0
AllocationsByOrgType__20260418_071803_UTC.csv,Reserve Allocation (INGO),numeric_summary,p99,83440070.03,18,100.0
AllocationsByOrgType__20260418_071803_UTC.csv,Reserve Allocation (INGO),numeric_summary,max,90353000.01,18,100.0
AllocationsByOrgType__20260418_071803_UTC.csv,Reserve Allocation (INGO),numeric_summary,mean,19955185.34,18,100.0
AllocationsByOrgType__20260418_071803_UTC.csv,Reserve Allocation (NNGO),top_value,1,0,4,22.2222
AllocationsByOrgType__20260418_071803_UTC.csv,Reserve Allocation (NNGO),top_value,2,3979273.57,1,5.5556
AllocationsByOrgType__20260418_071803_UTC.csv,Reserve Allocation (NNGO),top_value,3,13937203,1,5.5556
AllocationsByOrgType__20260418_071803_UTC.csv,Reserve Allocation (NNGO),top_value,4,5852012,1,5.5556
AllocationsByOrgType__20260418_071803_UTC.csv,Reserve Allocation (NNGO),top_value,5,4827200.55,1,5.5556
AllocationsByOrgType__20260418_071803_UTC.csv,Reserve Allocation (NNGO),top_value,6,13362719.84,1,5.5556
AllocationsByOrgType__20260418_071803_UTC.csv,Reserve Allocation (NNGO),top_value,7,588465,1,5.5556
AllocationsByOrgType__20260418_071803_UTC.csv,Reserve Allocation (NNGO),top_value,8,1895431,1,5.5556
AllocationsByOrgType__20260418_071803_UTC.csv,Reserve Allocation (NNGO),top_value,9,4874092.73,1,5.5556
AllocationsByOrgType__20260418_071803_UTC.csv,Reserve Allocation (NNGO),top_value,10,8563155.44,1,5.5556
AllocationsByOrgType__20260418_071803_UTC.csv,Reserve Allocation (NNGO),numeric_summary,min,0,18,100.0
AllocationsByOrgType__20260418_071803_UTC.csv,Reserve Allocation (NNGO),numeric_summary,p01,0,18,100.0
AllocationsByOrgType__20260418_071803_UTC.csv,Reserve Allocation (NNGO),numeric_summary,p25,915206.5,18,100.0
AllocationsByOrgType__20260418_071803_UTC.csv,Reserve Allocation (NNGO),numeric_summary,p50,4850646.64,18,100.0
AllocationsByOrgType__20260418_071803_UTC.csv,Reserve Allocation (NNGO),numeric_summary,p75,8912169.35,18,100.0
AllocationsByOrgType__20260418_071803_UTC.csv,Reserve Allocation (NNGO),numeric_summary,p99,60561138.91,18,100.0
AllocationsByOrgType__20260418_071803_UTC.csv,Reserve Allocation (NNGO),numeric_summary,max,62014472.99,18,100.0
AllocationsByOrgType__20260418_071803_UTC.csv,Reserve Allocation (NNGO),numeric_summary,mean,10569311.41,18,100.0
AllocationsByOrgType__20260418_071803_UTC.csv,Reserve Allocation (Red Cross),top_value,1,0,13,72.2222
AllocationsByOrgType__20260418_071803_UTC.csv,Reserve Allocation (Red Cross),top_value,2,226171,1,5.5556
AllocationsByOrgType__20260418_071803_UTC.csv,Reserve Allocation (Red Cross),top_value,3,529600,1,5.5556
AllocationsByOrgType__20260418_071803_UTC.csv,Reserve Allocation (Red Cross),top_value,4,350000,1,5.5556
AllocationsByOrgType__20260418_071803_UTC.csv,Reserve Allocation (Red Cross),top_value,5,1716761,1,5.5556
AllocationsByOrgType__20260418_071803_UTC.csv,Reserve Allocation (Red Cross),top_value,6,146426,1,5.5556
AllocationsByOrgType__20260418_071803_UTC.csv,Reserve Allocation (Red Cross),numeric_summary,min,0,18,100.0
AllocationsByOrgType__20260418_071803_UTC.csv,Reserve Allocation (Red Cross),numeric_summary,p01,0,18,100.0
AllocationsByOrgType__20260418_071803_UTC.csv,Reserve Allocation (Red Cross),numeric_summary,p25,0,18,100.0
AllocationsByOrgType__20260418_071803_UTC.csv,Reserve Allocation (Red Cross),numeric_summary,p50,0,18,100.0
AllocationsByOrgType__20260418_071803_UTC.csv,Reserve Allocation (Red Cross),numeric_summary,p75,109819.5,18,100.0
AllocationsByOrgType__20260418_071803_UTC.csv,Reserve Allocation (Red Cross),numeric_summary,p99,1514943.63,18,100.0
AllocationsByOrgType__20260418_071803_UTC.csv,Reserve Allocation (Red Cross),numeric_summary,max,1716761,18,100.0
AllocationsByOrgType__20260418_071803_UTC.csv,Reserve Allocation (Red Cross),numeric_summary,mean,164942.11,18,100.0
AllocationsByOrgType__20260418_071803_UTC.csv,Reserve Allocation (UN),top_value,1,0,5,27.7778
AllocationsByOrgType__20260418_071803_UTC.csv,Reserve Allocation (UN),top_value,2,122033297.18,1,5.5556
AllocationsByOrgType__20260418_071803_UTC.csv,Reserve Allocation (UN),top_value,3,57780333.43,1,5.5556
AllocationsByOrgType__20260418_071803_UTC.csv,Reserve Allocation (UN),top_value,4,45206330.03,1,5.5556
AllocationsByOrgType__20260418_071803_UTC.csv,Reserve Allocation (UN),top_value,5,59550992.03,1,5.5556
AllocationsByOrgType__20260418_071803_UTC.csv,Reserve Allocation (UN),top_value,6,28097527.67,1,5.5556
AllocationsByOrgType__20260418_071803_UTC.csv,Reserve Allocation (UN),top_value,7,96300,1,5.5556
AllocationsByOrgType__20260418_071803_UTC.csv,Reserve Allocation (UN),top_value,8,28506716.77,1,5.5556
AllocationsByOrgType__20260418_071803_UTC.csv,Reserve Allocation (UN),top_value,9,50916819.54,1,5.5556
AllocationsByOrgType__20260418_071803_UTC.csv,Reserve Allocation (UN),top_value,10,8954722.1,1,5.5556
AllocationsByOrgType__20260418_071803_UTC.csv,Reserve Allocation (UN),numeric_summary,min,0,18,100.0
AllocationsByOrgType__20260418_071803_UTC.csv,Reserve Allocation (UN),numeric_summary,p01,0,18,100.0
AllocationsByOrgType__20260418_071803_UTC.csv,Reserve Allocation (UN),numeric_summary,p25,24075,18,100.0
AllocationsByOrgType__20260418_071803_UTC.csv,Reserve Allocation (UN),numeric_summary,p50,28302122.22,18,100.0
AllocationsByOrgType__20260418_071803_UTC.csv,Reserve Allocation (UN),numeric_summary,p75,56064454.96,18,100.0
AllocationsByOrgType__20260418_071803_UTC.csv,Reserve Allocation (UN),numeric_summary,p99,120667636.66,18,100.0
AllocationsByOrgType__20260418_071803_UTC.csv,Reserve Allocation (UN),numeric_summary,max,122033297.18,18,100.0
AllocationsByOrgType__20260418_071803_UTC.csv,Reserve Allocation (UN),numeric_summary,mean,34354391.42,18,100.0
AllocationsByOrgType__20260418_071803_UTC.csv,Standard Allocation (INGO),top_value,1,0,17,94.4444
AllocationsByOrgType__20260418_071803_UTC.csv,Standard Allocation (INGO),top_value,2,4491372.87,1,5.5556
AllocationsByOrgType__20260418_071803_UTC.csv,Standard Allocation (INGO),numeric_summary,min,0,18,100.0
AllocationsByOrgType__20260418_071803_UTC.csv,Standard Allocation (INGO),numeric_summary,p01,0,18,100.0
AllocationsByOrgType__20260418_071803_UTC.csv,Standard Allocation (INGO),numeric_summary,p25,0,18,100.0
AllocationsByOrgType__20260418_071803_UTC.csv,Standard Allocation (INGO),numeric_summary,p50,0,18,100.0
AllocationsByOrgType__20260418_071803_UTC.csv,Standard Allocation (INGO),numeric_summary,p75,0,18,100.0
AllocationsByOrgType__20260418_071803_UTC.csv,Standard Allocation (INGO),numeric_summary,p99,3727839.48,18,100.0
AllocationsByOrgType__20260418_071803_UTC.csv,Standard Allocation (INGO),numeric_summary,max,4491372.87,18,100.0
AllocationsByOrgType__20260418_071803_UTC.csv,Standard Allocation (INGO),numeric_summary,mean,249520.71,18,100.0
AllocationsByOrgType__20260418_071803_UTC.csv,Standard Allocation (NNGO),top_value,1,0,17,94.4444
AllocationsByOrgType__20260418_071803_UTC.csv,Standard Allocation (NNGO),top_value,2,1943622,1,5.5556
AllocationsByOrgType__20260418_071803_UTC.csv,Standard Allocation (NNGO),numeric_summary,min,0,18,100.0
AllocationsByOrgType__20260418_071803_UTC.csv,Standard Allocation (NNGO),numeric_summary,p01,0,18,100.0
AllocationsByOrgType__20260418_071803_UTC.csv,Standard Allocation (NNGO),numeric_summary,p25,0,18,100.0
AllocationsByOrgType__20260418_071803_UTC.csv,Standard Allocation (NNGO),numeric_summary,p50,0,18,100.0
AllocationsByOrgType__20260418_071803_UTC.csv,Standard Allocation (NNGO),numeric_summary,p75,0,18,100.0
AllocationsByOrgType__20260418_071803_UTC.csv,Standard Allocation (NNGO),numeric_summary,p99,1613206.26,18,100.0
AllocationsByOrgType__20260418_071803_UTC.csv,Standard Allocation (NNGO),numeric_summary,max,1943622,18,100.0
AllocationsByOrgType__20260418_071803_UTC.csv,Standard Allocation (NNGO),numeric_summary,mean,107979,18,100.0
AllocationsByOrgType__20260418_071803_UTC.csv,Standard Allocation (Red Cross),top_value,1,0,17,94.4444
AllocationsByOrgType__20260418_071803_UTC.csv,Standard Allocation (Red Cross),top_value,2,199080.99,1,5.5556
AllocationsByOrgType__20260418_071803_UTC.csv,Standard Allocation (Red Cross),numeric_summary,min,0,18,100.0
AllocationsByOrgType__20260418_071803_UTC.csv,Standard Allocation (Red Cross),numeric_summary,p01,0,18,100.0
AllocationsByOrgType__20260418_071803_UTC.csv,Standard Allocation (Red Cross),numeric_summary,p25,0,18,100.0
AllocationsByOrgType__20260418_071803_UTC.csv,Standard Allocation (Red Cross),numeric_summary,p50,0,18,100.0
AllocationsByOrgType__20260418_071803_UTC.csv,Standard Allocation (Red Cross),numeric_summary,p75,0,18,100.0
AllocationsByOrgType__20260418_071803_UTC.csv,Standard Allocation (Red Cross),numeric_summary,p99,165237.22,18,100.0
AllocationsByOrgType__20260418_071803_UTC.csv,Standard Allocation (Red Cross),numeric_summary,max,199080.99,18,100.0
AllocationsByOrgType__20260418_071803_UTC.csv,Standard Allocation (Red Cross),numeric_summary,mean,11060.06,18,100.0
AllocationsByOrgType__20260418_071803_UTC.csv,Standard Allocation (UN),top_value,1,0,18,100.0
AllocationsByOrgType__20260418_071803_UTC.csv,Standard Allocation (UN),numeric_summary,min,0,18,100.0
AllocationsByOrgType__20260418_071803_UTC.csv,Standard Allocation (UN),numeric_summary,p01,0,18,100.0
AllocationsByOrgType__20260418_071803_UTC.csv,Standard Allocation (UN),numeric_summary,p25,0,18,100.0
AllocationsByOrgType__20260418_071803_UTC.csv,Standard Allocation (UN),numeric_summary,p50,0,18,100.0
AllocationsByOrgType__20260418_071803_UTC.csv,Standard Allocation (UN),numeric_summary,p75,0,18,100.0
AllocationsByOrgType__20260418_071803_UTC.csv,Standard Allocation (UN),numeric_summary,p99,0,18,100.0
AllocationsByOrgType__20260418_071803_UTC.csv,Standard Allocation (UN),numeric_summary,max,0,18,100.0
AllocationsByOrgType__20260418_071803_UTC.csv,Standard Allocation (UN),numeric_summary,mean,0,18,100.0
AllocationsByOrgType__20260418_071803_UTC.csv,Total Reserve Allocation,top_value,1,0,2,11.1111
AllocationsByOrgType__20260418_071803_UTC.csv,Total Reserve Allocation,top_value,2,8487068.4,1,5.5556
AllocationsByOrgType__20260418_071803_UTC.csv,Total Reserve Allocation,top_value,3,145896619.05,1,5.5556
AllocationsByOrgType__20260418_071803_UTC.csv,Total Reserve Allocation,top_value,4,72622999.44,1,5.5556
AllocationsByOrgType__20260418_071803_UTC.csv,Total Reserve Allocation,top_value,5,71024958.48,1,5.5556
AllocationsByOrgType__20260418_071803_UTC.csv,Total Reserve Allocation,top_value,6,96999986.87,1,5.5556
AllocationsByOrgType__20260418_071803_UTC.csv,Total Reserve Allocation,top_value,7,350000,1,5.5556
AllocationsByOrgType__20260418_071803_UTC.csv,Total Reserve Allocation,top_value,8,12360586,1,5.5556
AllocationsByOrgType__20260418_071803_UTC.csv,Total Reserve Allocation,top_value,9,48481145.28,1,5.5556
AllocationsByOrgType__20260418_071803_UTC.csv,Total Reserve Allocation,top_value,10,9718894.73,1,5.5556
AllocationsByOrgType__20260418_071803_UTC.csv,Total Reserve Allocation,numeric_summary,min,0,18,100.0
AllocationsByOrgType__20260418_071803_UTC.csv,Total Reserve Allocation,numeric_summary,p01,0,18,100.0
AllocationsByOrgType__20260418_071803_UTC.csv,Total Reserve Allocation,numeric_summary,p25,9792921.78,18,100.0
AllocationsByOrgType__20260418_071803_UTC.csv,Total Reserve Allocation,numeric_summary,p50,55390540.27,18,100.0
AllocationsByOrgType__20260418_071803_UTC.csv,Total Reserve Allocation,numeric_summary,p75,97149909.86,18,100.0
AllocationsByOrgType__20260418_071803_UTC.csv,Total Reserve Allocation,numeric_summary,p99,197014000.16,18,100.0
AllocationsByOrgType__20260418_071803_UTC.csv,Total Reserve Allocation,numeric_summary,max,206500000.03,18,100.0
AllocationsByOrgType__20260418_071803_UTC.csv,Total Reserve Allocation,numeric_summary,mean,65043830.29,18,100.0
AllocationsByOrgType__20260418_071803_UTC.csv,Total Standard Allocation,top_value,1,0,17,94.4444
AllocationsByOrgType__20260418_071803_UTC.csv,Total Standard Allocation,top_value,2,6634075.86,1,5.5556
AllocationsByOrgType__20260418_071803_UTC.csv,Total Standard Allocation,numeric_summary,min,0,18,100.0
AllocationsByOrgType__20260418_071803_UTC.csv,Total Standard Allocation,numeric_summary,p01,0,18,100.0
AllocationsByOrgType__20260418_071803_UTC.csv,Total Standard Allocation,numeric_summary,p25,0,18,100.0
AllocationsByOrgType__20260418_071803_UTC.csv,Total Standard Allocation,numeric_summary,p50,0,18,100.0
AllocationsByOrgType__20260418_071803_UTC.csv,Total Standard Allocation,numeric_summary,p75,0,18,100.0
AllocationsByOrgType__20260418_071803_UTC.csv,Total Standard Allocation,numeric_summary,p99,5506282.96,18,100.0
AllocationsByOrgType__20260418_071803_UTC.csv,Total Standard Allocation,numeric_summary,max,6634075.86,18,100.0
AllocationsByOrgType__20260418_071803_UTC.csv,Total Standard Allocation,numeric_summary,mean,368559.77,18,100.0
AllocationsByOrgType__20260418_071803_UTC.csv,Total Under Approval Allocation,top_value,1,0,4,22.2222
AllocationsByOrgType__20260418_071803_UTC.csv,Total Under Approval Allocation,top_value,2,700000,1,5.5556
AllocationsByOrgType__20260418_071803_UTC.csv,Total Under Approval Allocation,top_value,3,24649707.39,1,5.5556
AllocationsByOrgType__20260418_071803_UTC.csv,Total Under Approval Allocation,top_value,4,78899999.98,1,5.5556
AllocationsByOrgType__20260418_071803_UTC.csv,Total Under Approval Allocation,top_value,5,5499207.8,1,5.5556
AllocationsByOrgType__20260418_071803_UTC.csv,Total Under Approval Allocation,top_value,6,109139414.18,1,5.5556
AllocationsByOrgType__20260418_071803_UTC.csv,Total Under Approval Allocation,top_value,7,5242199.24,1,5.5556
AllocationsByOrgType__20260418_071803_UTC.csv,Total Under Approval Allocation,top_value,8,21039451.63,1,5.5556
AllocationsByOrgType__20260418_071803_UTC.csv,Total Under Approval Allocation,top_value,9,5000000,1,5.5556
AllocationsByOrgType__20260418_071803_UTC.csv,Total Under Approval Allocation,top_value,10,74300000.43,1,5.5556
AllocationsByOrgType__20260418_071803_UTC.csv,Total Under Approval Allocation,numeric_summary,min,0,18,100.0
AllocationsByOrgType__20260418_071803_UTC.csv,Total Under Approval Allocation,numeric_summary,p01,0,18,100.0
AllocationsByOrgType__20260418_071803_UTC.csv,Total Under Approval Allocation,numeric_summary,p25,1775000,18,100.0
AllocationsByOrgType__20260418_071803_UTC.csv,Total Under Approval Allocation,numeric_summary,p50,5749962.79,18,100.0
AllocationsByOrgType__20260418_071803_UTC.csv,Total Under Approval Allocation,numeric_summary,p75,71446247.8,18,100.0
AllocationsByOrgType__20260418_071803_UTC.csv,Total Under Approval Allocation,numeric_summary,p99,116410700.41,18,100.0
AllocationsByOrgType__20260418_071803_UTC.csv,Total Under Approval Allocation,numeric_summary,max,117900000,18,100.0
AllocationsByOrgType__20260418_071803_UTC.csv,Total Under Approval Allocation,numeric_summary,mean,33077253.81,18,100.0
AllocationsByOrgType__20260418_071803_UTC.csv,Under Approval Allocation (INGO),top_value,1,0,6,33.3333
AllocationsByOrgType__20260418_071803_UTC.csv,Under Approval Allocation (INGO),top_value,2,700000,1,5.5556
AllocationsByOrgType__20260418_071803_UTC.csv,Under Approval Allocation (INGO),top_value,3,23808585.39,1,5.5556
AllocationsByOrgType__20260418_071803_UTC.csv,Under Approval Allocation (INGO),top_value,4,50273474.01,1,5.5556
AllocationsByOrgType__20260418_071803_UTC.csv,Under Approval Allocation (INGO),top_value,5,18993055,1,5.5556
AllocationsByOrgType__20260418_071803_UTC.csv,Under Approval Allocation (INGO),top_value,6,3597231.49,1,5.5556
AllocationsByOrgType__20260418_071803_UTC.csv,Under Approval Allocation (INGO),top_value,7,1122962,1,5.5556
AllocationsByOrgType__20260418_071803_UTC.csv,Under Approval Allocation (INGO),top_value,8,3576197,1,5.5556
AllocationsByOrgType__20260418_071803_UTC.csv,Under Approval Allocation (INGO),top_value,9,9252028,1,5.5556
AllocationsByOrgType__20260418_071803_UTC.csv,Under Approval Allocation (INGO),top_value,10,53651929,1,5.5556
AllocationsByOrgType__20260418_071803_UTC.csv,Under Approval Allocation (INGO),numeric_summary,min,0,18,100.0
AllocationsByOrgType__20260418_071803_UTC.csv,Under Approval Allocation (INGO),numeric_summary,p01,0,18,100.0
AllocationsByOrgType__20260418_071803_UTC.csv,Under Approval Allocation (INGO),numeric_summary,p25,0,18,100.0
AllocationsByOrgType__20260418_071803_UTC.csv,Under Approval Allocation (INGO),numeric_summary,p50,2971759.19,18,100.0
AllocationsByOrgType__20260418_071803_UTC.csv,Under Approval Allocation (INGO),numeric_summary,p75,17330415.27,18,100.0
AllocationsByOrgType__20260418_071803_UTC.csv,Under Approval Allocation (INGO),numeric_summary,p99,53077591.65,18,100.0
AllocationsByOrgType__20260418_071803_UTC.csv,Under Approval Allocation (INGO),numeric_summary,max,53651929,18,100.0
AllocationsByOrgType__20260418_071803_UTC.csv,Under Approval Allocation (INGO),numeric_summary,mean,11211833.31,18,100.0
AllocationsByOrgType__20260418_071803_UTC.csv,Under Approval Allocation (NNGO),top_value,1,0,5,27.7778
AllocationsByOrgType__20260418_071803_UTC.csv,Under Approval Allocation (NNGO),top_value,2,420561,1,5.5556
AllocationsByOrgType__20260418_071803_UTC.csv,Under Approval Allocation (NNGO),top_value,3,3653076,1,5.5556
AllocationsByOrgType__20260418_071803_UTC.csv,Under Approval Allocation (NNGO),top_value,4,5499207.8,1,5.5556
AllocationsByOrgType__20260418_071803_UTC.csv,Under Approval Allocation (NNGO),top_value,5,7676470,1,5.5556
AllocationsByOrgType__20260418_071803_UTC.csv,Under Approval Allocation (NNGO),top_value,6,1644967.75,1,5.5556
AllocationsByOrgType__20260418_071803_UTC.csv,Under Approval Allocation (NNGO),top_value,7,6304945.63,1,5.5556
AllocationsByOrgType__20260418_071803_UTC.csv,Under Approval Allocation (NNGO),top_value,8,1423803,1,5.5556
AllocationsByOrgType__20260418_071803_UTC.csv,Under Approval Allocation (NNGO),top_value,9,2885612,1,5.5556
AllocationsByOrgType__20260418_071803_UTC.csv,Under Approval Allocation (NNGO),top_value,10,1500000,1,5.5556
AllocationsByOrgType__20260418_071803_UTC.csv,Under Approval Allocation (NNGO),numeric_summary,min,0,18,100.0
AllocationsByOrgType__20260418_071803_UTC.csv,Under Approval Allocation (NNGO),numeric_summary,p01,0,18,100.0
AllocationsByOrgType__20260418_071803_UTC.csv,Under Approval Allocation (NNGO),numeric_summary,p25,105140.25,18,100.0
AllocationsByOrgType__20260418_071803_UTC.csv,Under Approval Allocation (NNGO),numeric_summary,p50,1576247.38,18,100.0
AllocationsByOrgType__20260418_071803_UTC.csv,Under Approval Allocation (NNGO),numeric_summary,p75,5037674.85,18,100.0
AllocationsByOrgType__20260418_071803_UTC.csv,Under Approval Allocation (NNGO),numeric_summary,p99,48433029.58,18,100.0
AllocationsByOrgType__20260418_071803_UTC.csv,Under Approval Allocation (NNGO),numeric_summary,max,56507952.28,18,100.0
AllocationsByOrgType__20260418_071803_UTC.csv,Under Approval Allocation (NNGO),numeric_summary,mean,5631398.59,18,100.0
AllocationsByOrgType__20260418_071803_UTC.csv,Under Approval Allocation (Red),top_value,1,0,18,100.0
AllocationsByOrgType__20260418_071803_UTC.csv,Under Approval Allocation (Red),numeric_summary,min,0,18,100.0
AllocationsByOrgType__20260418_071803_UTC.csv,Under Approval Allocation (Red),numeric_summary,p01,0,18,100.0
AllocationsByOrgType__20260418_071803_UTC.csv,Under Approval Allocation (Red),numeric_summary,p25,0,18,100.0
AllocationsByOrgType__20260418_071803_UTC.csv,Under Approval Allocation (Red),numeric_summary,p50,0,18,100.0
AllocationsByOrgType__20260418_071803_UTC.csv,Under Approval Allocation (Red),numeric_summary,p75,0,18,100.0
AllocationsByOrgType__20260418_071803_UTC.csv,Under Approval Allocation (Red),numeric_summary,p99,0,18,100.0
AllocationsByOrgType__20260418_071803_UTC.csv,Under Approval Allocation (Red),numeric_summary,max,0,18,100.0
AllocationsByOrgType__20260418_071803_UTC.csv,Under Approval Allocation (Red),numeric_summary,mean,0,18,100.0
AllocationsByOrgType__20260418_071803_UTC.csv,Under Approval Allocation (UN),top_value,1,0,11,61.1111
AllocationsByOrgType__20260418_071803_UTC.csv,Under Approval Allocation (UN),top_value,2,24973449.97,1,5.5556
AllocationsByOrgType__20260418_071803_UTC.csv,Under Approval Allocation (UN),top_value,3,82469889.18,1,5.5556
AllocationsByOrgType__20260418_071803_UTC.csv,Under Approval Allocation (UN),top_value,4,13611544,1,5.5556
AllocationsByOrgType__20260418_071803_UTC.csv,Under Approval Allocation (UN),top_value,5,62162360.43,1,5.5556
AllocationsByOrgType__20260418_071803_UTC.csv,Under Approval Allocation (UN),top_value,6,3999956.79,1,5.5556
AllocationsByOrgType__20260418_071803_UTC.csv,Under Approval Allocation (UN),top_value,7,55125734,1,5.5556
AllocationsByOrgType__20260418_071803_UTC.csv,Under Approval Allocation (UN),top_value,8,49034966.83,1,5.5556
AllocationsByOrgType__20260418_071803_UTC.csv,Under Approval Allocation (UN),numeric_summary,min,0,18,100.0
AllocationsByOrgType__20260418_071803_UTC.csv,Under Approval Allocation (UN),numeric_summary,p01,0,18,100.0
AllocationsByOrgType__20260418_071803_UTC.csv,Under Approval Allocation (UN),numeric_summary,p25,0,18,100.0
AllocationsByOrgType__20260418_071803_UTC.csv,Under Approval Allocation (UN),numeric_summary,p50,0,18,100.0
AllocationsByOrgType__20260418_071803_UTC.csv,Under Approval Allocation (UN),numeric_summary,p75,22132973.48,18,100.0
AllocationsByOrgType__20260418_071803_UTC.csv,Under Approval Allocation (UN),numeric_summary,p99,79017609.29,18,100.0
AllocationsByOrgType__20260418_071803_UTC.csv,Under Approval Allocation (UN),numeric_summary,max,82469889.18,18,100.0
AllocationsByOrgType__20260418_071803_UTC.csv,Under Approval Allocation (UN),numeric_summary,mean,16187661.18,18,100.0
AllocationsTimeline__20260418_071808_UTC.csv,AllocationSource,top_value,1,Reserve,42,85.7143
AllocationsTimeline__20260418_071808_UTC.csv,AllocationSource,top_value,2,Standard,7,14.2857
AllocationsTimeline__20260418_071808_UTC.csv,AllocationHCLastProjectApprovalDate,top_value,1,1/23/2026 12:00:00 AM,3,6.1224
AllocationsTimeline__20260418_071808_UTC.csv,AllocationHCLastProjectApprovalDate,top_value,2,3/31/2026 12:00:00 AM,3,6.1224
AllocationsTimeline__20260418_071808_UTC.csv,AllocationHCLastProjectApprovalDate,top_value,3,4/9/2026 12:00:00 AM,3,6.1224
AllocationsTimeline__20260418_071808_UTC.csv,AllocationHCLastProjectApprovalDate,top_value,4,4/29/2026 12:00:00 AM,2,4.0816
AllocationsTimeline__20260418_071808_UTC.csv,AllocationHCLastProjectApprovalDate,top_value,5,3/20/2026 12:00:00 AM,2,4.0816
AllocationsTimeline__20260418_071808_UTC.csv,AllocationHCLastProjectApprovalDate,top_value,6,12/22/2025 12:00:00 AM,2,4.0816
AllocationsTimeline__20260418_071808_UTC.csv,AllocationHCLastProjectApprovalDate,top_value,7,4/3/2026 12:00:00 AM,2,4.0816
AllocationsTimeline__20260418_071808_UTC.csv,AllocationHCLastProjectApprovalDate,top_value,8,3/15/2026 12:00:00 AM,2,4.0816
AllocationsTimeline__20260418_071808_UTC.csv,AllocationHCLastProjectApprovalDate,top_value,9,3/25/2026 12:00:00 AM,2,4.0816
AllocationsTimeline__20260418_071808_UTC.csv,AllocationHCLastProjectApprovalDate,top_value,10,4/15/2026 12:00:00 AM,2,4.0816
AllocationsTimeline__20260418_071808_UTC.csv,TotalProjectsunderApproval,top_value,1,0,26,53.0612
AllocationsTimeline__20260418_071808_UTC.csv,TotalProjectsunderApproval,top_value,2,1,6,12.2449
AllocationsTimeline__20260418_071808_UTC.csv,TotalProjectsunderApproval,top_value,3,2,3,6.1224
AllocationsTimeline__20260418_071808_UTC.csv,TotalProjectsunderApproval,top_value,4,6,2,4.0816
AllocationsTimeline__20260418_071808_UTC.csv,TotalProjectsunderApproval,top_value,5,5,2,4.0816
AllocationsTimeline__20260418_071808_UTC.csv,TotalProjectsunderApproval,top_value,6,4,2,4.0816
AllocationsTimeline__20260418_071808_UTC.csv,TotalProjectsunderApproval,top_value,7,8,1,2.0408
AllocationsTimeline__20260418_071808_UTC.csv,TotalProjectsunderApproval,top_value,8,14,1,2.0408
AllocationsTimeline__20260418_071808_UTC.csv,TotalProjectsunderApproval,top_value,9,9,1,2.0408
AllocationsTimeline__20260418_071808_UTC.csv,TotalProjectsunderApproval,top_value,10,30,1,2.0408
AllocationsTimeline__20260418_071808_UTC.csv,TotalProjectsunderApproval,numeric_summary,min,0,49,100.0
AllocationsTimeline__20260418_071808_UTC.csv,TotalProjectsunderApproval,numeric_summary,p01,0,49,100.0
AllocationsTimeline__20260418_071808_UTC.csv,TotalProjectsunderApproval,numeric_summary,p25,0,49,100.0
AllocationsTimeline__20260418_071808_UTC.csv,TotalProjectsunderApproval,numeric_summary,p50,0,49,100.0
AllocationsTimeline__20260418_071808_UTC.csv,TotalProjectsunderApproval,numeric_summary,p75,4,49,100.0
AllocationsTimeline__20260418_071808_UTC.csv,TotalProjectsunderApproval,numeric_summary,p99,27.12,49,100.0
AllocationsTimeline__20260418_071808_UTC.csv,TotalProjectsunderApproval,numeric_summary,max,30,49,100.0
AllocationsTimeline__20260418_071808_UTC.csv,TotalProjectsunderApproval,numeric_summary,mean,3.29,49,100.0
AllocationsTimeline__20260418_071808_UTC.csv,TotalUnderApprovalBudget,top_value,1,0,26,53.0612
AllocationsTimeline__20260418_071808_UTC.csv,TotalUnderApprovalBudget,top_value,2,700000,1,2.0408
AllocationsTimeline__20260418_071808_UTC.csv,TotalUnderApprovalBudget,top_value,3,300000,1,2.0408
AllocationsTimeline__20260418_071808_UTC.csv,TotalUnderApprovalBudget,top_value,4,169369,1,2.0408
AllocationsTimeline__20260418_071808_UTC.csv,TotalUnderApprovalBudget,top_value,5,78900000,1,2.0408
AllocationsTimeline__20260418_071808_UTC.csv,TotalUnderApprovalBudget,top_value,6,5499208,1,2.0408
AllocationsTimeline__20260418_071808_UTC.csv,TotalUnderApprovalBudget,top_value,7,109139400,1,2.0408
AllocationsTimeline__20260418_071808_UTC.csv,TotalUnderApprovalBudget,top_value,8,5242199,1,2.0408
AllocationsTimeline__20260418_071808_UTC.csv,TotalUnderApprovalBudget,top_value,9,5000000,1,2.0408
AllocationsTimeline__20260418_071808_UTC.csv,TotalUnderApprovalBudget,top_value,10,124596.1,1,2.0408
AllocationsTimeline__20260418_071808_UTC.csv,TotalUnderApprovalBudget,numeric_summary,min,0,49,100.0
AllocationsTimeline__20260418_071808_UTC.csv,TotalUnderApprovalBudget,numeric_summary,p01,0,49,100.0
AllocationsTimeline__20260418_071808_UTC.csv,TotalUnderApprovalBudget,numeric_summary,p25,0,49,100.0
AllocationsTimeline__20260418_071808_UTC.csv,TotalUnderApprovalBudget,numeric_summary,p50,0,49,100.0
AllocationsTimeline__20260418_071808_UTC.csv,TotalUnderApprovalBudget,numeric_summary,p75,5000000,49,100.0
AllocationsTimeline__20260418_071808_UTC.csv,TotalUnderApprovalBudget,numeric_summary,p99,113694912,49,100.0
AllocationsTimeline__20260418_071808_UTC.csv,TotalUnderApprovalBudget,numeric_summary,max,117900000,49,100.0
AllocationsTimeline__20260418_071808_UTC.csv,TotalUnderApprovalBudget,numeric_summary,mean,12781399.38,49,100.0
AllocationsTimeline__20260418_071808_UTC.csv,TotalProjectsApproved,top_value,1,0,13,26.5306
AllocationsTimeline__20260418_071808_UTC.csv,TotalProjectsApproved,top_value,2,1,6,12.2449
AllocationsTimeline__20260418_071808_UTC.csv,TotalProjectsApproved,top_value,3,14,4,8.1633
AllocationsTimeline__20260418_071808_UTC.csv,TotalProjectsApproved,top_value,4,12,2,4.0816
AllocationsTimeline__20260418_071808_UTC.csv,TotalProjectsApproved,top_value,5,5,2,4.0816
AllocationsTimeline__20260418_071808_UTC.csv,TotalProjectsApproved,top_value,6,21,2,4.0816
AllocationsTimeline__20260418_071808_UTC.csv,TotalProjectsApproved,top_value,7,4,2,4.0816
AllocationsTimeline__20260418_071808_UTC.csv,TotalProjectsApproved,top_value,8,18,2,4.0816
AllocationsTimeline__20260418_071808_UTC.csv,TotalProjectsApproved,top_value,9,13,2,4.0816
AllocationsTimeline__20260418_071808_UTC.csv,TotalProjectsApproved,top_value,10,27,2,4.0816
AllocationsTimeline__20260418_071808_UTC.csv,TotalProjectsApproved,numeric_summary,min,0,49,100.0
AllocationsTimeline__20260418_071808_UTC.csv,TotalProjectsApproved,numeric_summary,p01,0,49,100.0
AllocationsTimeline__20260418_071808_UTC.csv,TotalProjectsApproved,numeric_summary,p25,0,49,100.0
AllocationsTimeline__20260418_071808_UTC.csv,TotalProjectsApproved,numeric_summary,p50,5,49,100.0
AllocationsTimeline__20260418_071808_UTC.csv,TotalProjectsApproved,numeric_summary,p75,14,49,100.0
AllocationsTimeline__20260418_071808_UTC.csv,TotalProjectsApproved,numeric_summary,p99,35.24,49,100.0
AllocationsTimeline__20260418_071808_UTC.csv,TotalProjectsApproved,numeric_summary,max,41,49,100.0
AllocationsTimeline__20260418_071808_UTC.csv,TotalProjectsApproved,numeric_summary,mean,8.92,49,100.0
AllocationsTimeline__20260418_071808_UTC.csv,TotalApprovedBudget,top_value,1,0,13,26.5306
AllocationsTimeline__20260418_071808_UTC.csv,TotalApprovedBudget,top_value,2,12000000,2,4.0816
AllocationsTimeline__20260418_071808_UTC.csv,TotalApprovedBudget,top_value,3,8487068,1,2.0408
AllocationsTimeline__20260418_071808_UTC.csv,TotalApprovedBudget,top_value,4,350000,1,2.0408
AllocationsTimeline__20260418_071808_UTC.csv,TotalApprovedBudget,top_value,5,145896600,1,2.0408
AllocationsTimeline__20260418_071808_UTC.csv,TotalApprovedBudget,top_value,6,3000000,1,2.0408
AllocationsTimeline__20260418_071808_UTC.csv,TotalApprovedBudget,top_value,7,7100000,1,2.0408
AllocationsTimeline__20260418_071808_UTC.csv,TotalApprovedBudget,top_value,8,1232972,1,2.0408
AllocationsTimeline__20260418_071808_UTC.csv,TotalApprovedBudget,top_value,9,19999820,1,2.0408
AllocationsTimeline__20260418_071808_UTC.csv,TotalApprovedBudget,top_value,10,4024959,1,2.0408
AllocationsTimeline__20260418_071808_UTC.csv,TotalApprovedBudget,numeric_summary,min,0,49,100.0
AllocationsTimeline__20260418_071808_UTC.csv,TotalApprovedBudget,numeric_summary,p01,0,49,100.0
AllocationsTimeline__20260418_071808_UTC.csv,TotalApprovedBudget,numeric_summary,p25,0,49,100.0
AllocationsTimeline__20260418_071808_UTC.csv,TotalApprovedBudget,numeric_summary,p50,7100000,49,100.0
AllocationsTimeline__20260418_071808_UTC.csv,TotalApprovedBudget,numeric_summary,p75,22399140,49,100.0
AllocationsTimeline__20260418_071808_UTC.csv,TotalApprovedBudget,numeric_summary,p99,173476000,49,100.0
AllocationsTimeline__20260418_071808_UTC.csv,TotalApprovedBudget,numeric_summary,max,194500000,49,100.0
AllocationsTimeline__20260418_071808_UTC.csv,TotalApprovedBudget,numeric_summary,mean,27014242.3,49,100.0
AllocationsTimeline__20260418_071808_UTC.csv,AllocationTypeId,top_value,1,70,1,2.0408
AllocationsTimeline__20260418_071808_UTC.csv,AllocationTypeId,top_value,2,71,1,2.0408
AllocationsTimeline__20260418_071808_UTC.csv,AllocationTypeId,top_value,3,1548,1,2.0408
AllocationsTimeline__20260418_071808_UTC.csv,AllocationTypeId,top_value,4,1596,1,2.0408
AllocationsTimeline__20260418_071808_UTC.csv,AllocationTypeId,top_value,5,1562,1,2.0408
AllocationsTimeline__20260418_071808_UTC.csv,AllocationTypeId,top_value,6,1534,1,2.0408
AllocationsTimeline__20260418_071808_UTC.csv,AllocationTypeId,top_value,7,1535,1,2.0408
AllocationsTimeline__20260418_071808_UTC.csv,AllocationTypeId,top_value,8,1585,1,2.0408
AllocationsTimeline__20260418_071808_UTC.csv,AllocationTypeId,top_value,9,1510,1,2.0408
AllocationsTimeline__20260418_071808_UTC.csv,AllocationTypeId,top_value,10,1597,1,2.0408
AllocationsTimeline__20260418_071808_UTC.csv,AllocationTypeId,numeric_summary,min,62,49,100.0
AllocationsTimeline__20260418_071808_UTC.csv,AllocationTypeId,numeric_summary,p01,63.92,49,100.0
AllocationsTimeline__20260418_071808_UTC.csv,AllocationTypeId,numeric_summary,p25,1520,49,100.0
AllocationsTimeline__20260418_071808_UTC.csv,AllocationTypeId,numeric_summary,p50,1554,49,100.0
AllocationsTimeline__20260418_071808_UTC.csv,AllocationTypeId,numeric_summary,p75,1573,49,100.0
AllocationsTimeline__20260418_071808_UTC.csv,AllocationTypeId,numeric_summary,p99,1599.52,49,100.0
AllocationsTimeline__20260418_071808_UTC.csv,AllocationTypeId,numeric_summary,max,1600,49,100.0
AllocationsTimeline__20260418_071808_UTC.csv,AllocationTypeId,numeric_summary,mean,1402.84,49,100.0
AllocationsTimeline__20260418_071808_UTC.csv,AllocationSourceId,top_value,1,1,42,85.7143
AllocationsTimeline__20260418_071808_UTC.csv,AllocationSourceId,top_value,2,2,7,14.2857
AllocationsTimeline__20260418_071808_UTC.csv,AllocationSourceId,numeric_summary,min,1,49,100.0
AllocationsTimeline__20260418_071808_UTC.csv,AllocationSourceId,numeric_summary,p01,1,49,100.0
AllocationsTimeline__20260418_071808_UTC.csv,AllocationSourceId,numeric_summary,p25,1,49,100.0
AllocationsTimeline__20260418_071808_UTC.csv,AllocationSourceId,numeric_summary,p50,1,49,100.0
AllocationsTimeline__20260418_071808_UTC.csv,AllocationSourceId,numeric_summary,p75,1,49,100.0
AllocationsTimeline__20260418_071808_UTC.csv,AllocationSourceId,numeric_summary,p99,2,49,100.0
AllocationsTimeline__20260418_071808_UTC.csv,AllocationSourceId,numeric_summary,max,2,49,100.0
AllocationsTimeline__20260418_071808_UTC.csv,AllocationSourceId,numeric_summary,mean,1.14,49,100.0
AllocationsTimeline__20260418_071808_UTC.csv,FundTypeId,top_value,1,1,49,100.0
AllocationsTimeline__20260418_071808_UTC.csv,FundTypeId,numeric_summary,min,1,49,100.0
AllocationsTimeline__20260418_071808_UTC.csv,FundTypeId,numeric_summary,p01,1,49,100.0
AllocationsTimeline__20260418_071808_UTC.csv,FundTypeId,numeric_summary,p25,1,49,100.0
AllocationsTimeline__20260418_071808_UTC.csv,FundTypeId,numeric_summary,p50,1,49,100.0
AllocationsTimeline__20260418_071808_UTC.csv,FundTypeId,numeric_summary,p75,1,49,100.0
AllocationsTimeline__20260418_071808_UTC.csv,FundTypeId,numeric_summary,p99,1,49,100.0
AllocationsTimeline__20260418_071808_UTC.csv,FundTypeId,numeric_summary,max,1,49,100.0
AllocationsTimeline__20260418_071808_UTC.csv,FundTypeId,numeric_summary,mean,1,49,100.0
AllocationsTimeline__20260418_071808_UTC.csv,CBPF,top_value,1,South Sudan,5,10.2041
AllocationsTimeline__20260418_071808_UTC.csv,CBPF,top_value,2,Sudan,5,10.2041
AllocationsTimeline__20260418_071808_UTC.csv,CBPF,top_value,3,Mozambique (RhPF),4,8.1633
AllocationsTimeline__20260418_071808_UTC.csv,CBPF,top_value,4,CAR,3,6.1224
AllocationsTimeline__20260418_071808_UTC.csv,CBPF,top_value,5,DRC,3,6.1224
AllocationsTimeline__20260418_071808_UTC.csv,CBPF,top_value,6,Somalia,3,6.1224
AllocationsTimeline__20260418_071808_UTC.csv,CBPF,top_value,7,Afghanistan,2,4.0816
AllocationsTimeline__20260418_071808_UTC.csv,CBPF,top_value,8,Colombia (RhPF-LAC),2,4.0816
AllocationsTimeline__20260418_071808_UTC.csv,CBPF,top_value,9,Ethiopia,2,4.0816
AllocationsTimeline__20260418_071808_UTC.csv,CBPF,top_value,10,Lebanon,2,4.0816
AllocationsTimeline__20260418_071808_UTC.csv,Allocation Title,top_value,1,2026 First Reserve Allocation,2,4.0816
AllocationsTimeline__20260418_071808_UTC.csv,Allocation Title,top_value,2,1st Reserve Allocation - Anticipatory Action,1,2.0408
AllocationsTimeline__20260418_071808_UTC.csv,Allocation Title,top_value,3,2026 RA2 Reserve Allocation - Mine Action,1,2.0408
AllocationsTimeline__20260418_071808_UTC.csv,Allocation Title,top_value,4,1st Reserve Allocation: Anticipatory Action – Tropical Cyclones (Fiji),1,2.0408
AllocationsTimeline__20260418_071808_UTC.csv,Allocation Title,top_value,5,Anticipatory Action for Cyclones in Vanuatu,1,2.0408
AllocationsTimeline__20260418_071808_UTC.csv,Allocation Title,top_value,6,Fast-tracked support to JRP priortized response,1,2.0408
AllocationsTimeline__20260418_071808_UTC.csv,Allocation Title,top_value,7,2025 Fifth Réserve Allocation,1,2.0408
AllocationsTimeline__20260418_071808_UTC.csv,Allocation Title,top_value,8,2025 Sixth Réserve Allocation,1,2.0408
AllocationsTimeline__20260418_071808_UTC.csv,Allocation Title,top_value,9,2025-SA1,1,2.0408
AllocationsTimeline__20260418_071808_UTC.csv,Allocation Title,top_value,10,Lifesaving response to communities facing severe humanitarian needs in prioritized municipalities of Colombia,1,2.0408
AllocationsTimeline__20260418_071808_UTC.csv,Allocation Summary,top_value,1,"AHF launches a $10 million allocation under the joint $22 million CERF–AHF Anticipatory Action framework for drought in 2026 (CERF: $12M; AHF: $10M).  The allocation aims to:  •	Mitigate drought impacts before crisis thresholds are reached through trigger-based early financing.  •	Protect lives, livelihoods and dignity in the most climate-exposed, severity 4+ districts.  •	Deliver integrated, household-level support, centered on multipurpose cash and early warning, complemented by agriculture, WASH, nutrition, health and protection measures.  •	Enhance speed, predictability and coherence of pooled fund responses under a unified AA framework aligned with the 2026 HNRP.  Lessons applied from 2025: simplified trigger activation, tighter geographic targeting, and streamlined response packages—making anticipatory action (AA) more operational, scalable and fit-for-purpose in Afghanistan’s climate-risk context.",1,2.0408
AllocationsTimeline__20260418_071808_UTC.csv,Allocation Summary,top_value,2,"The escalation of the Afghanistan-Pakistan conflict has compounded an already critical humanitarian situation in Afghanistan, particularly in border and displacement-affected areas where insecurity, population movements, and access constraints intersect with widespread explosive ordnance contamination. In this context, the AHF is launching a US$ 1.5 million Reserve Allocation to reduce the immediate humanitarian impact of explosive ordnance on conflict-affected and displacement-affected populations through targeted mine action interventions in high-risk and underserved locations.  The allocation aims to:  •	Reduce death, injury, and psychological harm among civilians, especially children, through targeted EO risk education and community-based risk communication in high-risk areas.  •	Improve safe access to humanitarian assistance, essential services, and population movement routes through explosive ordnance survey, spot tasks, quick response, and priority clearance.  •	Restore safer access to critical civilian infrastructure and livelihood assets, including schools, health facilities, housing/public spaces, agricultural land, grazing areas, and water/irrigation access points.  •	Improved local readiness to respond to newly emerging contamination threats by empowering and funding priority to local/national NGOs.    The allocation will be delivered through multiple partners, with a strong emphasis on empowering local NGOs and reinforcing localized response capacity. 2 national NGOs and 1 international NGOs are pre-identified for this allocation for an expedited allocation process.",1,2.0408
AllocationsTimeline__20260418_071808_UTC.csv,Allocation Summary,top_value,3,"This Reserve Allocation supports timely, pre-agreed anticipatory actions triggered by forecasts under the Fiji Anticipatory Action Framework (2025–2027). It prioritizes NGO-led, community-level early actions, including early warning, cash, and WASH/NFI support, complementing CERF and other risk financing mechanisms, with flexibility to pivot to other shocks or early response as needed.",1,2.0408
AllocationsTimeline__20260418_071808_UTC.csv,Allocation Summary,top_value,4,"This Reserve Allocation enables the timely delivery of pre agreed, life saving early actions ahead of tropical cyclone impacts in Vanuatu, ensuring partners can act within the narrow window between reliable forecast and landfall. The allocation strengthens localization by prioritizing NGO implemented, community level anticipatory actions that complement nationally coordinated and UN-led interventions under the Vanuatu Anticipatory Action Framework for Tropical Cyclones.     Building on a series of national engagement – including the first national Anticipatory Action consultation convened by the National Disaster Management Office (NDMO) and OCHA on 10 December 2025—the allocation scales last mile delivery of early actions aligned with the framework’s pre agreed triggers, agreed geographic prioritization, and national coordination arrangements.     The allocation aims to strengthen operational reach across Vanuatu’s multi island geography, where remoteness and logistics constraints often delay response after impact. The allocation forms part of a layered anticipatory financing architecture for Vanuatu, complementing CERF pre arranged funding and planned contributions from bilateral donors and regional instruments. This integrated approach enables more predictable, coordinated, and cost effective humanitarian action ahead of severe cyclone impacts.",1,2.0408
AllocationsTimeline__20260418_071808_UTC.csv,Allocation Summary,top_value,5,"The Regional Humanitarian Pooled Fund for Asia and the Pacific (RHPF-AP) – Bangladesh envelope seeks US$150 million to support life-saving humanitarian assistance under the 2025–2026 Joint Response Plan (JRP) for the Rohingya Humanitarian Crisis and address emerging needs from natural disasters.    Bangladesh hosts over one million Rohingya refugees alongside vulnerable host communities in Cox’s Bazar, one of the country’s poorest and most disaster-prone districts. Continued displacement from Myanmar, including 130,000 new arrivals in 2025 and 35,000 expected in 2026, has intensified humanitarian needs. The 2026 JRP targets 1.56 million people, with financial requirements of US$698.4 million, including US$495.3 million in Priority 1 life-saving interventions. Funding shortfalls have heightened food insecurity, malnutrition, protection risks, and exposure to climate-related hazards.    Bangladesh also faces recurrent climate shocks—cyclones, floods, landslides, and disease outbreaks—affecting millions annually. Between 2015 and 2024, disasters affected an average of 9.7 million people per year. In 2024 alone, Cyclone Remal and widespread flooding affected 18 million people, compounding vulnerabilities in refugee-hosting areas.    Managed by OCHA’s Regional Office for Asia and the Pacific (ROAP) under the Resident Coordinator (RC), the RHPF-AP Bangladesh envelope provides flexible, timely financing to priority sectors identified through coordinated humanitarian processes. Allocations are determined through a transparent, consultative mechanism involving an Advisory Board of local and international NGOs, UN agencies, cluster coordinators, donors, and government counterparts. Contributions are unearmarked and allocated based on agreed priorities.    The Fund operates through two windows: (i) Standard Allocations aligned with JRP priorities, and (ii) Reserve Allocations for rapid response to unforeseen emergencies. In 2026, the Fund will focus on acute food insecurity, malnutrition, inadequate WASH services, shelter and NFI gaps, health needs, protection risks including GBV and child protection, and preparedness for climate hazards. Key priorities include:    General food assistance and fresh food vouchers, with LPG support for safe cooking;    Prevention and treatment of acute malnutrition among children under five and pregnant and breastfeeding women;    Emergency WASH, health services, and support to field hospitals;    Emergency shelter and NFI assistance;    Protection services for individuals at heightened risk.    The RHPF-AP emphasizes localization, prioritizing national and local partners and promoting humanitarian action that is “as local as possible, as international as necessary.” Consolidated regional management ensures cost-efficiency and compliance with OCHA’s Global Guidelines for CBPFs.    Monitoring and accountability are central. A risk-based approach prioritizes high-risk projects, with field visits, third-party monitoring where required, and remote monitoring in access-constrained areas. Robust due diligence, financial oversight, reporting, audits, and UN oversight ensure transparency. The Fund upholds strong Accountability to Affected Populations (AAP) standards, including feedback mechanisms and strict compliance with the UN’s zero-tolerance policy on Sexual Exploitation and Abuse (SEA).    Through predictable, flexible, and principled pooled financing, the RHPF-AP Bangladesh envelope strengthens coordinated humanitarian leadership, addresses funding gaps, empowers local actors, and enables timely, life-saving assistance to the most vulnerable refugees and host communities.",1,2.0408
AllocationsTimeline__20260418_071808_UTC.csv,Allocation Summary,top_value,6,"Face à une détérioration soudaine de la situation sécuritaire et humanitaire dans la préfecture de la Vakaga, en particulier dans la zone frontalière avec le Soudan, le Coordonnateur Humanitaire lance une allocation de réserve (RA5) d’un montant de 3 mil-lions USD afin de permettre une réponse rapide, ciblée et intégrée aux besoins humanitaires les plus critiques.    Cette allocation est déclenchée par l’escalade des violences armées observée en septembre 2025  autour d’Am-Dafock, ayant entraîné des pertes civiles, la destruction de biens et le déplacement d’environ 5 000 personnes vers des zones déjà fragiles et faiblement couvertes par l’aide humanitaire. Dans un contexte de sous-financement chronique du HNRP et de contraintes d’accès accrues liées à l’insécurité et à l’isolement géographique de la Vakaga, cette allocation vise à prévenir une détériora-tion rapide des conditions de vie des populations affectées et à réduire les risques de protection, en particulier pour les femmes et les enfants.    À l’issue de consultations avec les clusters, les partenaires humanitaires et le Comité Consultatif du FH RCA, l’allocation sou-tiendra une réponse multisectorielle et contextualisée dans les secteurs de l’Eau, Hygiène et Assainissement (EHA), de la Santé, de la Protection et de la prévention et réponse aux Violences Basées sur le Genre (VBG). Les interventions cibleront à la fois les besoins vitaux immédiats des populations déplacées, hôtes et retournées, et la continuité de services essentiels dans des zones à très faible présence humanitaire, notamment à Am-Dafock, Ouanda-Djallé et Ouandja.    Conformément aux priorités stratégiques du Fonds, un minimum de 35 % des ressources sera alloué directement aux ONG na-tionales, y compris aux organisations locales de femmes, afin de renforcer la localisation et d’assurer une réponse plus rapide, pertinente et redevable dans un environnement opérationnel contraint.",1,2.0408
AllocationsTimeline__20260418_071808_UTC.csv,Allocation Summary,top_value,7,"Cette allocation s’inscrit dans la vision 2025 du Coordonnateur Humanitaire (CH) de la RCA et de la communauté humanitaire du pays, en combinant continuité opérationnelle, localisation, réponse rapide, approche sensible au genre et redevabilité. Elle vise également à renforcer les capacités des acteurs locaux, en particulier les organisations dirigées par des femmes (WLO), tout en maintenant la possibilité de répondre rapidement aux alertes humanitaires.            Les WLO, grâce à leur ancrage communautaire et leur présence dans les zones difficiles d’accès, jouent un rôle clé pour assurer la continuité de l’assistance et des réponses sensibles au genre. Cependant, leur accès limité aux financements directs (en raison de contraintes institutionnelles ou techniques) freine souvent leur potentiel.          Pour soutenir des réponses humanitaires pertinentes tout en consolidant la localisation et en renforçant le leadership des organisations féminines, le Coordonnateur Humanitaire, après consultation du Comité Consultatif du FH RCA, lance une allocation de $8 millions (dont un minimum de 45% directement pour les ONG Nationales incluant les WLO), visant à :     Maintenir une capacité opérationnelle dans les zones prioritaires où les partenaires restent disponibles et pertinents ;     Financer directement des réponses menées par des WLO, notamment dans les zones où l’accès est limité ;     Renforcer les capacités institutionnelles et techniques des WLO, y compris via des projets portés par d’autres acteurs ;     Prioriser les zones ayant généré le plus grand nombre d’alertes humanitaires et touchant le plus grand nombre de personnes au cours des 12 derniers mois ;     Préserver une capacité de réponse rapide, permettant de traiter les besoins déjà identifiés ainsi que les nouvelles alertes.          Cette approche permettra de maintenir la présence humanitaire, de renforcer le leadership des WLO et d’assurer une allocation flexible et réactive, tout en contribuant à l’agenda de localisation et à la protection des populations.",1,2.0408
AllocationsTimeline__20260418_071808_UTC.csv,Allocation Summary,top_value,8,Réponse humanitaire ciblée pour sauver des vies dans sept sous-préfectures hyper-priorisées de la RCA,1,2.0408
AllocationsTimeline__20260418_071808_UTC.csv,Allocation Summary,top_value,9,"Colombia atraviesa una crisis humanitaria agravada en 2025 por el conflicto armado interno, desastres naturales y el aumento de la movilidad humana, especialmente de migrantes y refugiados, en medio de la expansión de Grupos Armados No Estatales que ejercen control violento sobre territorios y población civil; ante la disminución de fondos humanitarios, se prioriza fortalecer la respuesta local y avanzar hacia soluciones sostenibles, por lo que el Fondo Humanitario Regional para América Latina y el Caribe ha asignado 1.5 millones de dólares para apoyar intervenciones en zonas vulnerables, enfocadas en mecanismos de respuesta rápida y protección comunitaria, con énfasis en Guaviare, Vichada, Caquetá, Valle del Cauca y Magdalena Medio.",1,2.0408
AllocationsTimeline__20260418_071808_UTC.csv,Allocation Summary,top_value,10,"This allocation will support a six-month multisectoral response, including food security, health, water, sanitation and hygiene (WASH), protection, shelter, and nutrition. Where feasible, cash-based assistance will be prioritized to enhance flexibility, dignity, and efficiency. The allocation will also include critical enablers to support operations in hard-to-reach areas.",1,2.0408
AllocationsTimeline__20260418_071808_UTC.csv,Total,top_value,1,145900000,3,6.1224
AllocationsTimeline__20260418_071808_UTC.csv,Total,top_value,2,3000000,3,6.1224
AllocationsTimeline__20260418_071808_UTC.csv,Total,top_value,3,4000000,3,6.1224
AllocationsTimeline__20260418_071808_UTC.csv,Total,top_value,4,100000000,3,6.1224
AllocationsTimeline__20260418_071808_UTC.csv,Total,top_value,5,12000000,3,6.1224
AllocationsTimeline__20260418_071808_UTC.csv,Total,top_value,6,1500000,2,4.0816
AllocationsTimeline__20260418_071808_UTC.csv,Total,top_value,7,20000000,2,4.0816
AllocationsTimeline__20260418_071808_UTC.csv,Total,top_value,8,121500000,2,4.0816
AllocationsTimeline__20260418_071808_UTC.csv,Total,top_value,9,250000,2,4.0816
AllocationsTimeline__20260418_071808_UTC.csv,Total,top_value,10,75000000,2,4.0816
AllocationsTimeline__20260418_071808_UTC.csv,Total,numeric_summary,min,100000,49,100.0
AllocationsTimeline__20260418_071808_UTC.csv,Total,numeric_summary,p01,172000,49,100.0
AllocationsTimeline__20260418_071808_UTC.csv,Total,numeric_summary,p25,3000000,49,100.0
AllocationsTimeline__20260418_071808_UTC.csv,Total,numeric_summary,p50,12000000,49,100.0
AllocationsTimeline__20260418_071808_UTC.csv,Total,numeric_summary,p75,77800000,49,100.0
AllocationsTimeline__20260418_071808_UTC.csv,Total,numeric_summary,p99,176336000,49,100.0
AllocationsTimeline__20260418_071808_UTC.csv,Total,numeric_summary,max,200000000,49,100.0
AllocationsTimeline__20260418_071808_UTC.csv,Total,numeric_summary,mean,44401187.76,49,100.0
AllocationsTimeline__20260418_071808_UTC.csv,Start Date,top_value,1,2026-03-12T23:00:00.000Z,4,8.1633
AllocationsTimeline__20260418_071808_UTC.csv,Start Date,top_value,2,2026-02-28T23:00:00.000Z,2,4.0816
AllocationsTimeline__20260418_071808_UTC.csv,Start Date,top_value,3,2026-03-05T23:00:00.000Z,2,4.0816
AllocationsTimeline__20260418_071808_UTC.csv,Start Date,top_value,4,2026-03-11T23:00:00.000Z,2,4.0816
AllocationsTimeline__20260418_071808_UTC.csv,Start Date,top_value,5,2025-12-16T23:00:00.000Z,2,4.0816
AllocationsTimeline__20260418_071808_UTC.csv,Start Date,top_value,6,2025-12-11T23:00:00.000Z,2,4.0816
AllocationsTimeline__20260418_071808_UTC.csv,Start Date,top_value,7,2026-03-26T23:00:00.000Z,2,4.0816
AllocationsTimeline__20260418_071808_UTC.csv,Start Date,top_value,8,2026-04-18T22:00:00.000Z,1,2.0408
AllocationsTimeline__20260418_071808_UTC.csv,Start Date,top_value,9,2026-02-10T23:00:00.000Z,1,2.0408
AllocationsTimeline__20260418_071808_UTC.csv,Start Date,top_value,10,2026-04-06T22:00:00.000Z,1,2.0408
AllocationsTimeline__20260418_071808_UTC.csv,End Date,top_value,1,2026-01-22T23:00:00.000Z,3,6.1224
AllocationsTimeline__20260418_071808_UTC.csv,End Date,top_value,2,2026-03-30T22:00:00.000Z,3,6.1224
AllocationsTimeline__20260418_071808_UTC.csv,End Date,top_value,3,2026-04-08T22:00:00.000Z,3,6.1224
AllocationsTimeline__20260418_071808_UTC.csv,End Date,top_value,4,2026-04-28T22:00:00.000Z,2,4.0816
AllocationsTimeline__20260418_071808_UTC.csv,End Date,top_value,5,2026-03-19T23:00:00.000Z,2,4.0816
AllocationsTimeline__20260418_071808_UTC.csv,End Date,top_value,6,2025-12-21T23:00:00.000Z,2,4.0816
AllocationsTimeline__20260418_071808_UTC.csv,End Date,top_value,7,2026-04-02T22:00:00.000Z,2,4.0816
AllocationsTimeline__20260418_071808_UTC.csv,End Date,top_value,8,2026-03-14T23:00:00.000Z,2,4.0816
AllocationsTimeline__20260418_071808_UTC.csv,End Date,top_value,9,2026-03-24T23:00:00.000Z,2,4.0816
AllocationsTimeline__20260418_071808_UTC.csv,End Date,top_value,10,2026-04-14T22:00:00.000Z,2,4.0816
Allocations__20260418_071733_UTC.csv,Year,top_value,1,2026,33,100.0
Allocations__20260418_071733_UTC.csv,Year,numeric_summary,min,2026,33,100.0
Allocations__20260418_071733_UTC.csv,Year,numeric_summary,p01,2026,33,100.0
Allocations__20260418_071733_UTC.csv,Year,numeric_summary,p25,2026,33,100.0
Allocations__20260418_071733_UTC.csv,Year,numeric_summary,p50,2026,33,100.0
Allocations__20260418_071733_UTC.csv,Year,numeric_summary,p75,2026,33,100.0
Allocations__20260418_071733_UTC.csv,Year,numeric_summary,p99,2026,33,100.0
Allocations__20260418_071733_UTC.csv,Year,numeric_summary,max,2026,33,100.0
Allocations__20260418_071733_UTC.csv,Year,numeric_summary,mean,2026,33,100.0
Allocations__20260418_071733_UTC.csv,PooledFund,top_value,1,Mozambique (RhPF),3,9.0909
Allocations__20260418_071733_UTC.csv,PooledFund,top_value,2,South Sudan,3,9.0909
Allocations__20260418_071733_UTC.csv,PooledFund,top_value,3,Afghanistan,2,6.0606
Allocations__20260418_071733_UTC.csv,PooledFund,top_value,4,DRC,2,6.0606
Allocations__20260418_071733_UTC.csv,PooledFund,top_value,5,Ethiopia,2,6.0606
Allocations__20260418_071733_UTC.csv,PooledFund,top_value,6,Lebanon,2,6.0606
Allocations__20260418_071733_UTC.csv,PooledFund,top_value,7,Sudan,2,6.0606
Allocations__20260418_071733_UTC.csv,PooledFund,top_value,8,Ukraine,2,6.0606
Allocations__20260418_071733_UTC.csv,PooledFund,top_value,9,Fiji (AP-Rhpf),1,3.0303
Allocations__20260418_071733_UTC.csv,PooledFund,top_value,10,Pakistan (AP-RHPF),1,3.0303
Allocations__20260418_071733_UTC.csv,AllocationType,top_value,1,reserve,32,96.9697
Allocations__20260418_071733_UTC.csv,AllocationType,top_value,2,standard,1,3.0303
Allocations__20260418_071733_UTC.csv,Budget,top_value,1,145900000,3,9.0909
Allocations__20260418_071733_UTC.csv,Budget,top_value,2,100000000,3,9.0909
Allocations__20260418_071733_UTC.csv,Budget,top_value,3,4000000,2,6.0606
Allocations__20260418_071733_UTC.csv,Budget,top_value,4,121500000,2,6.0606
Allocations__20260418_071733_UTC.csv,Budget,top_value,5,75000000,2,6.0606
Allocations__20260418_071733_UTC.csv,Budget,top_value,6,10000000,1,3.0303
Allocations__20260418_071733_UTC.csv,Budget,top_value,7,1483200,1,3.0303
Allocations__20260418_071733_UTC.csv,Budget,top_value,8,350000,1,3.0303
Allocations__20260418_071733_UTC.csv,Budget,top_value,9,1300000,1,3.0303
Allocations__20260418_071733_UTC.csv,Budget,top_value,10,6725000,1,3.0303
Allocations__20260418_071733_UTC.csv,Budget,numeric_summary,min,100000,33,100.0
Allocations__20260418_071733_UTC.csv,Budget,numeric_summary,p01,180000,33,100.0
Allocations__20260418_071733_UTC.csv,Budget,numeric_summary,p25,4000000,33,100.0
Allocations__20260418_071733_UTC.csv,Budget,numeric_summary,p50,50000000,33,100.0
Allocations__20260418_071733_UTC.csv,Budget,numeric_summary,p75,100000000,33,100.0
Allocations__20260418_071733_UTC.csv,Budget,numeric_summary,p99,184224000,33,100.0
Allocations__20260418_071733_UTC.csv,Budget,numeric_summary,max,200000000,33,100.0
Allocations__20260418_071733_UTC.csv,Budget,numeric_summary,mean,60559339.39,33,100.0
CBPFcontributions__20260418_071813_UTC.csv,IsTransfer,top_value,1,0,145,100.0
CBPFcontributions__20260418_071813_UTC.csv,IsTransfer,numeric_summary,min,0,145,100.0
CBPFcontributions__20260418_071813_UTC.csv,IsTransfer,numeric_summary,p01,0,145,100.0
CBPFcontributions__20260418_071813_UTC.csv,IsTransfer,numeric_summary,p25,0,145,100.0
CBPFcontributions__20260418_071813_UTC.csv,IsTransfer,numeric_summary,p50,0,145,100.0
CBPFcontributions__20260418_071813_UTC.csv,IsTransfer,numeric_summary,p75,0,145,100.0
CBPFcontributions__20260418_071813_UTC.csv,IsTransfer,numeric_summary,p99,0,145,100.0
CBPFcontributions__20260418_071813_UTC.csv,IsTransfer,numeric_summary,max,0,145,100.0
CBPFcontributions__20260418_071813_UTC.csv,IsTransfer,numeric_summary,mean,0,145,100.0
CBPFcontributions__20260418_071813_UTC.csv,Year,top_value,1,2026,145,100.0
CBPFcontributions__20260418_071813_UTC.csv,Year,numeric_summary,min,2026,145,100.0
CBPFcontributions__20260418_071813_UTC.csv,Year,numeric_summary,p01,2026,145,100.0
CBPFcontributions__20260418_071813_UTC.csv,Year,numeric_summary,p25,2026,145,100.0
CBPFcontributions__20260418_071813_UTC.csv,Year,numeric_summary,p50,2026,145,100.0
CBPFcontributions__20260418_071813_UTC.csv,Year,numeric_summary,p75,2026,145,100.0
CBPFcontributions__20260418_071813_UTC.csv,Year,numeric_summary,p99,2026,145,100.0
CBPFcontributions__20260418_071813_UTC.csv,Year,numeric_summary,max,2026,145,100.0
CBPFcontributions__20260418_071813_UTC.csv,Year,numeric_summary,mean,2026,145,100.0
CBPFcontributions__20260418_071813_UTC.csv,Donor Name,top_value,1,Canada,20,13.7931
CBPFcontributions__20260418_071813_UTC.csv,Donor Name,top_value,2,United States,18,12.4138
CBPFcontributions__20260418_071813_UTC.csv,Donor Name,top_value,3,Sweden,14,9.6552
CBPFcontributions__20260418_071813_UTC.csv,Donor Name,top_value,4,Luxembourg,12,8.2759
CBPFcontributions__20260418_071813_UTC.csv,Donor Name,top_value,5,Germany,11,7.5862
CBPFcontributions__20260418_071813_UTC.csv,Donor Name,top_value,6,United Kingdom,9,6.2069
CBPFcontributions__20260418_071813_UTC.csv,Donor Name,top_value,7,Belgium,8,5.5172
CBPFcontributions__20260418_071813_UTC.csv,Donor Name,top_value,8,Switzerland,8,5.5172
CBPFcontributions__20260418_071813_UTC.csv,Donor Name,top_value,9,Denmark,7,4.8276
CBPFcontributions__20260418_071813_UTC.csv,Donor Name,top_value,10,Finland,5,3.4483
CBPFcontributions__20260418_071813_UTC.csv,CBPF Name,top_value,1,Lebanon,13,8.9655
CBPFcontributions__20260418_071813_UTC.csv,CBPF Name,top_value,2,Sudan,11,7.5862
CBPFcontributions__20260418_071813_UTC.csv,CBPF Name,top_value,3,Ukraine,11,7.5862
CBPFcontributions__20260418_071813_UTC.csv,CBPF Name,top_value,4,Ethiopia,9,6.2069
CBPFcontributions__20260418_071813_UTC.csv,CBPF Name,top_value,5,oPt,8,5.5172
CBPFcontributions__20260418_071813_UTC.csv,CBPF Name,top_value,6,Yemen,8,5.5172
CBPFcontributions__20260418_071813_UTC.csv,CBPF Name,top_value,7,Syria,7,4.8276
CBPFcontributions__20260418_071813_UTC.csv,CBPF Name,top_value,8,Myanmar,7,4.8276
CBPFcontributions__20260418_071813_UTC.csv,CBPF Name,top_value,9,Somalia,7,4.8276
CBPFcontributions__20260418_071813_UTC.csv,CBPF Name,top_value,10,South Sudan,7,4.8276
CBPFcontributions__20260418_071813_UTC.csv,Paid Amount,top_value,1,0,56,38.6207
CBPFcontributions__20260418_071813_UTC.csv,Paid Amount,top_value,2,2378121.28,6,4.1379
CBPFcontributions__20260418_071813_UTC.csv,Paid Amount,top_value,3,2132616.25,4,2.7586
CBPFcontributions__20260418_071813_UTC.csv,Paid Amount,top_value,4,100000000,4,2.7586
CBPFcontributions__20260418_071813_UTC.csv,Paid Amount,top_value,5,3460207.61,3,2.069
CBPFcontributions__20260418_071813_UTC.csv,Paid Amount,top_value,6,276679.84,3,2.069
CBPFcontributions__20260418_071813_UTC.csv,Paid Amount,top_value,7,150000000,3,2.069
CBPFcontributions__20260418_071813_UTC.csv,Paid Amount,top_value,8,5767012.69,2,1.3793
CBPFcontributions__20260418_071813_UTC.csv,Paid Amount,top_value,9,3567181.93,2,1.3793
CBPFcontributions__20260418_071813_UTC.csv,Paid Amount,top_value,10,2290950.74,2,1.3793
CBPFcontributions__20260418_071813_UTC.csv,Paid Amount,numeric_summary,min,0,145,100.0
CBPFcontributions__20260418_071813_UTC.csv,Paid Amount,numeric_summary,p01,0,145,100.0
CBPFcontributions__20260418_071813_UTC.csv,Paid Amount,numeric_summary,p25,0,145,100.0
CBPFcontributions__20260418_071813_UTC.csv,Paid Amount,numeric_summary,p50,846354.17,145,100.0
CBPFcontributions__20260418_071813_UTC.csv,Paid Amount,numeric_summary,p75,3567181.93,145,100.0
CBPFcontributions__20260418_071813_UTC.csv,Paid Amount,numeric_summary,p99,152800000,145,100.0
CBPFcontributions__20260418_071813_UTC.csv,Paid Amount,numeric_summary,max,200000000,145,100.0
CBPFcontributions__20260418_071813_UTC.csv,Paid Amount,numeric_summary,mean,14927046.67,145,100.0
CBPFcontributions__20260418_071813_UTC.csv,Pledged Amount,top_value,1,0,85,58.6207
CBPFcontributions__20260418_071813_UTC.csv,Pledged Amount,top_value,2,347624.57,10,6.8966
CBPFcontributions__20260418_071813_UTC.csv,Pledged Amount,top_value,3,3521126.76,3,2.069
CBPFcontributions__20260418_071813_UTC.csv,Pledged Amount,top_value,4,367647.06,2,1.3793
CBPFcontributions__20260418_071813_UTC.csv,Pledged Amount,top_value,5,108225.11,2,1.3793
CBPFcontributions__20260418_071813_UTC.csv,Pledged Amount,top_value,6,289687.14,2,1.3793
CBPFcontributions__20260418_071813_UTC.csv,Pledged Amount,top_value,7,9976525.82,1,0.6897
CBPFcontributions__20260418_071813_UTC.csv,Pledged Amount,top_value,8,2347417.84,1,0.6897
CBPFcontributions__20260418_071813_UTC.csv,Pledged Amount,top_value,9,4694835.68,1,0.6897
CBPFcontributions__20260418_071813_UTC.csv,Pledged Amount,top_value,10,2934272.3,1,0.6897
CBPFcontributions__20260418_071813_UTC.csv,Pledged Amount,numeric_summary,min,0,145,100.0
CBPFcontributions__20260418_071813_UTC.csv,Pledged Amount,numeric_summary,p01,0,145,100.0
CBPFcontributions__20260418_071813_UTC.csv,Pledged Amount,numeric_summary,p25,0,145,100.0
CBPFcontributions__20260418_071813_UTC.csv,Pledged Amount,numeric_summary,p50,0,145,100.0
CBPFcontributions__20260418_071813_UTC.csv,Pledged Amount,numeric_summary,p75,500000,145,100.0
CBPFcontributions__20260418_071813_UTC.csv,Pledged Amount,numeric_summary,p99,7821060.35,145,100.0
CBPFcontributions__20260418_071813_UTC.csv,Pledged Amount,numeric_summary,max,9976525.82,145,100.0
CBPFcontributions__20260418_071813_UTC.csv,Pledged Amount,numeric_summary,mean,708883.39,145,100.0
CBPFcontributions__20260418_071813_UTC.csv,Total Contributions,top_value,1,347624.57,10,6.8966
CBPFcontributions__20260418_071813_UTC.csv,Total Contributions,top_value,2,2378121.28,6,4.1379
CBPFcontributions__20260418_071813_UTC.csv,Total Contributions,top_value,3,2132616.25,4,2.7586
CBPFcontributions__20260418_071813_UTC.csv,Total Contributions,top_value,4,100000000,4,2.7586
CBPFcontributions__20260418_071813_UTC.csv,Total Contributions,top_value,5,3521126.76,3,2.069
CBPFcontributions__20260418_071813_UTC.csv,Total Contributions,top_value,6,3460207.61,3,2.069
CBPFcontributions__20260418_071813_UTC.csv,Total Contributions,top_value,7,276679.84,3,2.069
CBPFcontributions__20260418_071813_UTC.csv,Total Contributions,top_value,8,150000000,3,2.069
CBPFcontributions__20260418_071813_UTC.csv,Total Contributions,top_value,9,367647.06,2,1.3793
CBPFcontributions__20260418_071813_UTC.csv,Total Contributions,top_value,10,108225.11,2,1.3793
CBPFcontributions__20260418_071813_UTC.csv,Total Contributions,numeric_summary,min,300,145,100.0
CBPFcontributions__20260418_071813_UTC.csv,Total Contributions,numeric_summary,p01,10000,145,100.0
CBPFcontributions__20260418_071813_UTC.csv,Total Contributions,numeric_summary,p25,546642.9,145,100.0
CBPFcontributions__20260418_071813_UTC.csv,Total Contributions,numeric_summary,p50,2378121.28,145,100.0
CBPFcontributions__20260418_071813_UTC.csv,Total Contributions,numeric_summary,p75,4613583.14,145,100.0
CBPFcontributions__20260418_071813_UTC.csv,Total Contributions,numeric_summary,p99,152800000,145,100.0
CBPFcontributions__20260418_071813_UTC.csv,Total Contributions,numeric_summary,max,200000000,145,100.0
CBPFcontributions__20260418_071813_UTC.csv,Total Contributions,numeric_summary,mean,15635930.06,145,100.0
CBPFcontributions__20260418_071813_UTC.csv,Local Curency,top_value,1,EUR,47,32.4138
CBPFcontributions__20260418_071813_UTC.csv,Local Curency,top_value,2,USD,31,21.3793
CBPFcontributions__20260418_071813_UTC.csv,Local Curency,top_value,3,CAD,20,13.7931
CBPFcontributions__20260418_071813_UTC.csv,Local Curency,top_value,4,SEK,14,9.6552
CBPFcontributions__20260418_071813_UTC.csv,Local Curency,top_value,5,GBP,13,8.9655
CBPFcontributions__20260418_071813_UTC.csv,Local Curency,top_value,6,CHF,8,5.5172
CBPFcontributions__20260418_071813_UTC.csv,Local Curency,top_value,7,DKK,7,4.8276
CBPFcontributions__20260418_071813_UTC.csv,Local Curency,top_value,8,AUD,2,1.3793
CBPFcontributions__20260418_071813_UTC.csv,Local Curency,top_value,9,NZD,1,0.6897
CBPFcontributions__20260418_071813_UTC.csv,Local Curency,top_value,10,NOK,1,0.6897
CBPFcontributions__20260418_071813_UTC.csv,Exchange Rate,top_value,1,0.000000,56,38.6207
CBPFcontributions__20260418_071813_UTC.csv,Exchange Rate,top_value,2,1.000000,24,16.5517
CBPFcontributions__20260418_071813_UTC.csv,Exchange Rate,top_value,3,9.380000,14,9.6552
CBPFcontributions__20260418_071813_UTC.csv,Exchange Rate,top_value,4,0.840000,11,7.5862
CBPFcontributions__20260418_071813_UTC.csv,Exchange Rate,top_value,5,0.870000,9,6.2069
CBPFcontributions__20260418_071813_UTC.csv,Exchange Rate,top_value,6,6.360000,4,2.7586
CBPFcontributions__20260418_071813_UTC.csv,Exchange Rate,top_value,7,0.760000,4,2.7586
CBPFcontributions__20260418_071813_UTC.csv,Exchange Rate,top_value,8,0.740000,4,2.7586
CBPFcontributions__20260418_071813_UTC.csv,Exchange Rate,top_value,9,0.770000,3,2.069
CBPFcontributions__20260418_071813_UTC.csv,Exchange Rate,top_value,10,0.800000,2,1.3793
CBPFcontributions__20260418_071813_UTC.csv,Exchange Rate,numeric_summary,min,0,145,100.0
CBPFcontributions__20260418_071813_UTC.csv,Exchange Rate,numeric_summary,p01,0,145,100.0
CBPFcontributions__20260418_071813_UTC.csv,Exchange Rate,numeric_summary,p25,0,145,100.0
CBPFcontributions__20260418_071813_UTC.csv,Exchange Rate,numeric_summary,p50,0.8,145,100.0
CBPFcontributions__20260418_071813_UTC.csv,Exchange Rate,numeric_summary,p75,1,145,100.0
CBPFcontributions__20260418_071813_UTC.csv,Exchange Rate,numeric_summary,p99,9.38,145,100.0
CBPFcontributions__20260418_071813_UTC.csv,Exchange Rate,numeric_summary,max,9.43,145,100.0
CBPFcontributions__20260418_071813_UTC.csv,Exchange Rate,numeric_summary,mean,1.66,145,100.0
CBPFcontributions__20260418_071813_UTC.csv,Paid Amount (Local Currency),top_value,1,0,56,38.6207
CBPFcontributions__20260418_071813_UTC.csv,Paid Amount (Local Currency),top_value,2,3000000,9,6.2069
CBPFcontributions__20260418_071813_UTC.csv,Paid Amount (Local Currency),top_value,3,2000000,9,6.2069
CBPFcontributions__20260418_071813_UTC.csv,Paid Amount (Local Currency),top_value,4,19999675.21,4,2.7586
CBPFcontributions__20260418_071813_UTC.csv,Paid Amount (Local Currency),top_value,5,100000000,4,2.7586
CBPFcontributions__20260418_071813_UTC.csv,Paid Amount (Local Currency),top_value,6,5000000,3,2.069
CBPFcontributions__20260418_071813_UTC.csv,Paid Amount (Local Currency),top_value,7,210000,3,2.069
CBPFcontributions__20260418_071813_UTC.csv,Paid Amount (Local Currency),top_value,8,150000000,3,2.069
CBPFcontributions__20260418_071813_UTC.csv,Paid Amount (Local Currency),top_value,9,500000,2,1.3793
CBPFcontributions__20260418_071813_UTC.csv,Paid Amount (Local Currency),top_value,10,29999512.82,2,1.3793
CBPFcontributions__20260418_071813_UTC.csv,Paid Amount (Local Currency),numeric_summary,min,0,145,100.0
CBPFcontributions__20260418_071813_UTC.csv,Paid Amount (Local Currency),numeric_summary,p01,0,145,100.0
CBPFcontributions__20260418_071813_UTC.csv,Paid Amount (Local Currency),numeric_summary,p25,0,145,100.0
CBPFcontributions__20260418_071813_UTC.csv,Paid Amount (Local Currency),numeric_summary,p50,650000,145,100.0
CBPFcontributions__20260418_071813_UTC.csv,Paid Amount (Local Currency),numeric_summary,p75,16999723.93,145,100.0
CBPFcontributions__20260418_071813_UTC.csv,Paid Amount (Local Currency),numeric_summary,p99,152800000,145,100.0
CBPFcontributions__20260418_071813_UTC.csv,Paid Amount (Local Currency),numeric_summary,max,200000000,145,100.0
CBPFcontributions__20260418_071813_UTC.csv,Paid Amount (Local Currency),numeric_summary,mean,18337892.45,145,100.0
CBPFcontributions__20260418_071813_UTC.csv,Pledged Amount (Local Currency),top_value,1,0,85,58.6207
CBPFcontributions__20260418_071813_UTC.csv,Pledged Amount (Local Currency),top_value,2,300000,11,7.5862
CBPFcontributions__20260418_071813_UTC.csv,Pledged Amount (Local Currency),top_value,3,3000000,7,4.8276
CBPFcontributions__20260418_071813_UTC.csv,Pledged Amount (Local Currency),top_value,4,500000,4,2.7586
CBPFcontributions__20260418_071813_UTC.csv,Pledged Amount (Local Currency),top_value,5,1500000,4,2.7586
CBPFcontributions__20260418_071813_UTC.csv,Pledged Amount (Local Currency),top_value,6,2000000,3,2.069
CBPFcontributions__20260418_071813_UTC.csv,Pledged Amount (Local Currency),top_value,7,4000000,3,2.069
CBPFcontributions__20260418_071813_UTC.csv,Pledged Amount (Local Currency),top_value,8,2500000,3,2.069
CBPFcontributions__20260418_071813_UTC.csv,Pledged Amount (Local Currency),top_value,9,150000,3,2.069
CBPFcontributions__20260418_071813_UTC.csv,Pledged Amount (Local Currency),top_value,10,1000000,3,2.069
CBPFcontributions__20260418_071813_UTC.csv,Pledged Amount (Local Currency),numeric_summary,min,0,145,100.0
CBPFcontributions__20260418_071813_UTC.csv,Pledged Amount (Local Currency),numeric_summary,p01,0,145,100.0
CBPFcontributions__20260418_071813_UTC.csv,Pledged Amount (Local Currency),numeric_summary,p25,0,145,100.0
CBPFcontributions__20260418_071813_UTC.csv,Pledged Amount (Local Currency),numeric_summary,p50,0,145,100.0
CBPFcontributions__20260418_071813_UTC.csv,Pledged Amount (Local Currency),numeric_summary,p75,500000,145,100.0
CBPFcontributions__20260418_071813_UTC.csv,Pledged Amount (Local Currency),numeric_summary,p99,9340000,145,100.0
CBPFcontributions__20260418_071813_UTC.csv,Pledged Amount (Local Currency),numeric_summary,max,15000000,145,100.0
CBPFcontributions__20260418_071813_UTC.csv,Pledged Amount (Local Currency),numeric_summary,mean,824206.9,145,100.0
CBPFcontributions__20260418_071813_UTC.csv,Total Contributions (Local Currency),top_value,1,3000000,16,11.0345
CBPFcontributions__20260418_071813_UTC.csv,Total Contributions (Local Currency),top_value,2,300000,12,8.2759
CBPFcontributions__20260418_071813_UTC.csv,Total Contributions (Local Currency),top_value,3,2000000,10,6.8966
CBPFcontributions__20260418_071813_UTC.csv,Total Contributions (Local Currency),top_value,4,500000,6,4.1379
CBPFcontributions__20260418_071813_UTC.csv,Total Contributions (Local Currency),top_value,5,1500000,5,3.4483
CBPFcontributions__20260418_071813_UTC.csv,Total Contributions (Local Currency),top_value,6,4000000,4,2.7586
CBPFcontributions__20260418_071813_UTC.csv,Total Contributions (Local Currency),top_value,7,2500000,4,2.7586
CBPFcontributions__20260418_071813_UTC.csv,Total Contributions (Local Currency),top_value,8,5000000,4,2.7586
CBPFcontributions__20260418_071813_UTC.csv,Total Contributions (Local Currency),top_value,9,19999675.21,4,2.7586
CBPFcontributions__20260418_071813_UTC.csv,Total Contributions (Local Currency),top_value,10,100000000,4,2.7586
CBPFcontributions__20260418_071813_UTC.csv,Total Contributions (Local Currency),numeric_summary,min,300,145,100.0
CBPFcontributions__20260418_071813_UTC.csv,Total Contributions (Local Currency),numeric_summary,p01,10000,145,100.0
CBPFcontributions__20260418_071813_UTC.csv,Total Contributions (Local Currency),numeric_summary,p25,500000,145,100.0
CBPFcontributions__20260418_071813_UTC.csv,Total Contributions (Local Currency),numeric_summary,p50,3000000,145,100.0
CBPFcontributions__20260418_071813_UTC.csv,Total Contributions (Local Currency),numeric_summary,p75,16999723.93,145,100.0
CBPFcontributions__20260418_071813_UTC.csv,Total Contributions (Local Currency),numeric_summary,p99,152800000,145,100.0
CBPFcontributions__20260418_071813_UTC.csv,Total Contributions (Local Currency),numeric_summary,max,200000000,145,100.0
CBPFcontributions__20260418_071813_UTC.csv,Total Contributions (Local Currency),numeric_summary,mean,19162099.35,145,100.0
ContributionTrends__20260418_071819_UTC.csv,Year,top_value,1,2026,30,7.874
ContributionTrends__20260418_071819_UTC.csv,Year,top_value,2,2025,26,6.8241
ContributionTrends__20260418_071819_UTC.csv,Year,top_value,3,2024,23,6.0367
ContributionTrends__20260418_071819_UTC.csv,Year,top_value,4,2021,21,5.5118
ContributionTrends__20260418_071819_UTC.csv,Year,top_value,5,2022,20,5.2493
ContributionTrends__20260418_071819_UTC.csv,Year,top_value,6,2023,19,4.9869
ContributionTrends__20260418_071819_UTC.csv,Year,top_value,7,2020,19,4.9869
ContributionTrends__20260418_071819_UTC.csv,Year,top_value,8,2019,18,4.7244
ContributionTrends__20260418_071819_UTC.csv,Year,top_value,9,2017,18,4.7244
ContributionTrends__20260418_071819_UTC.csv,Year,top_value,10,2015,18,4.7244
ContributionTrends__20260418_071819_UTC.csv,Year,numeric_summary,min,1999,381,100.0
ContributionTrends__20260418_071819_UTC.csv,Year,numeric_summary,p01,2001.8,381,100.0
ContributionTrends__20260418_071819_UTC.csv,Year,numeric_summary,p25,2012,381,100.0
ContributionTrends__20260418_071819_UTC.csv,Year,numeric_summary,p50,2018,381,100.0
ContributionTrends__20260418_071819_UTC.csv,Year,numeric_summary,p75,2023,381,100.0
ContributionTrends__20260418_071819_UTC.csv,Year,numeric_summary,p99,2027,381,100.0
ContributionTrends__20260418_071819_UTC.csv,Year,numeric_summary,max,2028,381,100.0
ContributionTrends__20260418_071819_UTC.csv,Year,numeric_summary,mean,2017.32,381,100.0
ContributionTrends__20260418_071819_UTC.csv,Donor Name,top_value,1,All Donors,381,100.0
ContributionTrends__20260418_071819_UTC.csv,CBPF Name,top_value,1,Ethiopia,21,5.5118
ContributionTrends__20260418_071819_UTC.csv,CBPF Name,top_value,2,oPt,20,5.2493
ContributionTrends__20260418_071819_UTC.csv,CBPF Name,top_value,3,CAR,19,4.9869
ContributionTrends__20260418_071819_UTC.csv,CBPF Name,top_value,4,Myanmar,19,4.9869
ContributionTrends__20260418_071819_UTC.csv,CBPF Name,top_value,5,Yemen,18,4.7244
ContributionTrends__20260418_071819_UTC.csv,CBPF Name,top_value,6,DRC,18,4.7244
ContributionTrends__20260418_071819_UTC.csv,CBPF Name,top_value,7,Sudan,18,4.7244
ContributionTrends__20260418_071819_UTC.csv,CBPF Name,top_value,8,Somalia,17,4.4619
ContributionTrends__20260418_071819_UTC.csv,CBPF Name,top_value,9,South Sudan,16,4.1995
ContributionTrends__20260418_071819_UTC.csv,CBPF Name,top_value,10,Lebanon,15,3.937
ContributionTrends__20260418_071819_UTC.csv,Paid Amount,top_value,1,0,6,1.5748
ContributionTrends__20260418_071819_UTC.csv,Paid Amount,top_value,2,100000000,2,0.5249
ContributionTrends__20260418_071819_UTC.csv,Paid Amount,top_value,3,13864860.55,1,0.2625
ContributionTrends__20260418_071819_UTC.csv,Paid Amount,top_value,4,150000000,1,0.2625
ContributionTrends__20260418_071819_UTC.csv,Paid Amount,top_value,5,4510737.529999999,1,0.2625
ContributionTrends__20260418_071819_UTC.csv,Paid Amount,top_value,6,6727059.18,1,0.2625
ContributionTrends__20260418_071819_UTC.csv,Paid Amount,top_value,7,155577045.66,1,0.2625
ContributionTrends__20260418_071819_UTC.csv,Paid Amount,top_value,8,25000000,1,0.2625
ContributionTrends__20260418_071819_UTC.csv,Paid Amount,top_value,9,114804848.49,1,0.2625
ContributionTrends__20260418_071819_UTC.csv,Paid Amount,top_value,10,60000000,1,0.2625
ContributionTrends__20260418_071819_UTC.csv,Paid Amount,numeric_summary,min,0,381,100.0
ContributionTrends__20260418_071819_UTC.csv,Paid Amount,numeric_summary,p01,0,381,100.0
ContributionTrends__20260418_071819_UTC.csv,Paid Amount,numeric_summary,p25,4928879.9,381,100.0
ContributionTrends__20260418_071819_UTC.csv,Paid Amount,numeric_summary,p50,22247079.29,381,100.0
ContributionTrends__20260418_071819_UTC.csv,Paid Amount,numeric_summary,p75,58974936.93,381,100.0
ContributionTrends__20260418_071819_UTC.csv,Paid Amount,numeric_summary,p99,223661801.1,381,100.0
ContributionTrends__20260418_071819_UTC.csv,Paid Amount,numeric_summary,max,326995744.92,381,100.0
ContributionTrends__20260418_071819_UTC.csv,Paid Amount,numeric_summary,mean,40380507.46,381,100.0
ContributionTrends__20260418_071819_UTC.csv,Pledged Amount,top_value,1,0,352,92.3885
ContributionTrends__20260418_071819_UTC.csv,Pledged Amount,top_value,2,1111111.11,2,0.5249
ContributionTrends__20260418_071819_UTC.csv,Pledged Amount,top_value,3,280748.66,2,0.5249
ContributionTrends__20260418_071819_UTC.csv,Pledged Amount,top_value,4,367647.06,2,0.5249
ContributionTrends__20260418_071819_UTC.csv,Pledged Amount,top_value,5,1000000,2,0.5249
ContributionTrends__20260418_071819_UTC.csv,Pledged Amount,top_value,6,3363518.76,1,0.2625
ContributionTrends__20260418_071819_UTC.csv,Pledged Amount,top_value,7,1321650.54,1,0.2625
ContributionTrends__20260418_071819_UTC.csv,Pledged Amount,top_value,8,4067769.6599999997,1,0.2625
ContributionTrends__20260418_071819_UTC.csv,Pledged Amount,top_value,9,1985571.79,1,0.2625
ContributionTrends__20260418_071819_UTC.csv,Pledged Amount,top_value,10,12139626.58,1,0.2625
ContributionTrends__20260418_071819_UTC.csv,Pledged Amount,numeric_summary,min,0,381,100.0
ContributionTrends__20260418_071819_UTC.csv,Pledged Amount,numeric_summary,p01,0,381,100.0
ContributionTrends__20260418_071819_UTC.csv,Pledged Amount,numeric_summary,p25,0,381,100.0
ContributionTrends__20260418_071819_UTC.csv,Pledged Amount,numeric_summary,p50,0,381,100.0
ContributionTrends__20260418_071819_UTC.csv,Pledged Amount,numeric_summary,p75,0,381,100.0
ContributionTrends__20260418_071819_UTC.csv,Pledged Amount,numeric_summary,p99,7292049.02,381,100.0
ContributionTrends__20260418_071819_UTC.csv,Pledged Amount,numeric_summary,max,17835202.29,381,100.0
ContributionTrends__20260418_071819_UTC.csv,Pledged Amount,numeric_summary,mean,292627,381,100.0
ContributionTrends__20260418_071819_UTC.csv,Total Contributions,top_value,1,1111111.11,2,0.5249
ContributionTrends__20260418_071819_UTC.csv,Total Contributions,top_value,2,280748.66,2,0.5249
ContributionTrends__20260418_071819_UTC.csv,Total Contributions,top_value,3,3363518.76,1,0.2625
ContributionTrends__20260418_071819_UTC.csv,Total Contributions,top_value,4,15186511.09,1,0.2625
ContributionTrends__20260418_071819_UTC.csv,Total Contributions,top_value,5,367647.06,1,0.2625
ContributionTrends__20260418_071819_UTC.csv,Total Contributions,top_value,6,150000000,1,0.2625
ContributionTrends__20260418_071819_UTC.csv,Total Contributions,top_value,7,8578507.19,1,0.2625
ContributionTrends__20260418_071819_UTC.csv,Total Contributions,top_value,8,8712630.969999999,1,0.2625
ContributionTrends__20260418_071819_UTC.csv,Total Contributions,top_value,9,100000000,1,0.2625
ContributionTrends__20260418_071819_UTC.csv,Total Contributions,top_value,10,100367647.06,1,0.2625
ContributionTrends__20260418_071819_UTC.csv,Total Contributions,numeric_summary,min,65,381,100.0
ContributionTrends__20260418_071819_UTC.csv,Total Contributions,numeric_summary,p01,222651,381,100.0
ContributionTrends__20260418_071819_UTC.csv,Total Contributions,numeric_summary,p25,5304236.58,381,100.0
ContributionTrends__20260418_071819_UTC.csv,Total Contributions,numeric_summary,p50,22761469.3,381,100.0
ContributionTrends__20260418_071819_UTC.csv,Total Contributions,numeric_summary,p75,58974936.93,381,100.0
ContributionTrends__20260418_071819_UTC.csv,Total Contributions,numeric_summary,p99,233640529.32,381,100.0
ContributionTrends__20260418_071819_UTC.csv,Total Contributions,numeric_summary,max,326995744.92,381,100.0
ContributionTrends__20260418_071819_UTC.csv,Total Contributions,numeric_summary,mean,40673134.46,381,100.0
ContributionTrends__20260418_071819_UTC.csv,Paid Amount (Local Currency),top_value,1,n/a,381,100.0
ContributionTrends__20260418_071819_UTC.csv,Pledged Amount (Local Currency),top_value,1,n/a,381,100.0
ContributionTrends__20260418_071819_UTC.csv,Total Contributions (Local Currency),top_value,1,n/a,381,100.0
ContributionTrends__20260418_071819_UTC.csv,Exchange Rate,top_value,1,n/a,381,100.0
ContributionTrends__20260418_071819_UTC.csv,Local Currency,top_value,1,n/a,381,100.0
ContributionsFlow__20260418_071825_UTC.csv,IsTransfer,top_value,1,0,145,100.0
ContributionsFlow__20260418_071825_UTC.csv,IsTransfer,numeric_summary,min,0,145,100.0
ContributionsFlow__20260418_071825_UTC.csv,IsTransfer,numeric_summary,p01,0,145,100.0
ContributionsFlow__20260418_071825_UTC.csv,IsTransfer,numeric_summary,p25,0,145,100.0
ContributionsFlow__20260418_071825_UTC.csv,IsTransfer,numeric_summary,p50,0,145,100.0
ContributionsFlow__20260418_071825_UTC.csv,IsTransfer,numeric_summary,p75,0,145,100.0
ContributionsFlow__20260418_071825_UTC.csv,IsTransfer,numeric_summary,p99,0,145,100.0
ContributionsFlow__20260418_071825_UTC.csv,IsTransfer,numeric_summary,max,0,145,100.0
ContributionsFlow__20260418_071825_UTC.csv,IsTransfer,numeric_summary,mean,0,145,100.0
ContributionsFlow__20260418_071825_UTC.csv,Year,top_value,1,2026,145,100.0
ContributionsFlow__20260418_071825_UTC.csv,Year,numeric_summary,min,2026,145,100.0
ContributionsFlow__20260418_071825_UTC.csv,Year,numeric_summary,p01,2026,145,100.0
ContributionsFlow__20260418_071825_UTC.csv,Year,numeric_summary,p25,2026,145,100.0
ContributionsFlow__20260418_071825_UTC.csv,Year,numeric_summary,p50,2026,145,100.0
ContributionsFlow__20260418_071825_UTC.csv,Year,numeric_summary,p75,2026,145,100.0
ContributionsFlow__20260418_071825_UTC.csv,Year,numeric_summary,p99,2026,145,100.0
ContributionsFlow__20260418_071825_UTC.csv,Year,numeric_summary,max,2026,145,100.0
ContributionsFlow__20260418_071825_UTC.csv,Year,numeric_summary,mean,2026,145,100.0
ContributionsFlow__20260418_071825_UTC.csv,Donor Name,top_value,1,Canada,20,13.7931
ContributionsFlow__20260418_071825_UTC.csv,Donor Name,top_value,2,United States,18,12.4138
ContributionsFlow__20260418_071825_UTC.csv,Donor Name,top_value,3,Sweden,14,9.6552
ContributionsFlow__20260418_071825_UTC.csv,Donor Name,top_value,4,Luxembourg,12,8.2759
ContributionsFlow__20260418_071825_UTC.csv,Donor Name,top_value,5,Germany,11,7.5862
ContributionsFlow__20260418_071825_UTC.csv,Donor Name,top_value,6,United Kingdom,9,6.2069
ContributionsFlow__20260418_071825_UTC.csv,Donor Name,top_value,7,Belgium,8,5.5172
ContributionsFlow__20260418_071825_UTC.csv,Donor Name,top_value,8,Switzerland,8,5.5172
ContributionsFlow__20260418_071825_UTC.csv,Donor Name,top_value,9,Denmark,7,4.8276
ContributionsFlow__20260418_071825_UTC.csv,Donor Name,top_value,10,Finland,5,3.4483
ContributionsFlow__20260418_071825_UTC.csv,CBPF Name,top_value,1,Lebanon,13,8.9655
ContributionsFlow__20260418_071825_UTC.csv,CBPF Name,top_value,2,Sudan,11,7.5862
ContributionsFlow__20260418_071825_UTC.csv,CBPF Name,top_value,3,Ukraine,11,7.5862
ContributionsFlow__20260418_071825_UTC.csv,CBPF Name,top_value,4,Ethiopia,9,6.2069
ContributionsFlow__20260418_071825_UTC.csv,CBPF Name,top_value,5,oPt,8,5.5172
ContributionsFlow__20260418_071825_UTC.csv,CBPF Name,top_value,6,Yemen,8,5.5172
ContributionsFlow__20260418_071825_UTC.csv,CBPF Name,top_value,7,Syria,7,4.8276
ContributionsFlow__20260418_071825_UTC.csv,CBPF Name,top_value,8,Myanmar,7,4.8276
ContributionsFlow__20260418_071825_UTC.csv,CBPF Name,top_value,9,Somalia,7,4.8276
ContributionsFlow__20260418_071825_UTC.csv,CBPF Name,top_value,10,South Sudan,7,4.8276
ContributionsFlow__20260418_071825_UTC.csv,Paid Amount,top_value,1,0,56,38.6207
ContributionsFlow__20260418_071825_UTC.csv,Paid Amount,top_value,2,2378121.28,6,4.1379
ContributionsFlow__20260418_071825_UTC.csv,Paid Amount,top_value,3,2132616.25,4,2.7586
ContributionsFlow__20260418_071825_UTC.csv,Paid Amount,top_value,4,100000000,4,2.7586
ContributionsFlow__20260418_071825_UTC.csv,Paid Amount,top_value,5,3460207.61,3,2.069
ContributionsFlow__20260418_071825_UTC.csv,Paid Amount,top_value,6,276679.84,3,2.069
ContributionsFlow__20260418_071825_UTC.csv,Paid Amount,top_value,7,150000000,3,2.069
ContributionsFlow__20260418_071825_UTC.csv,Paid Amount,top_value,8,5767012.69,2,1.3793
ContributionsFlow__20260418_071825_UTC.csv,Paid Amount,top_value,9,3567181.93,2,1.3793
ContributionsFlow__20260418_071825_UTC.csv,Paid Amount,top_value,10,2290950.74,2,1.3793
ContributionsFlow__20260418_071825_UTC.csv,Paid Amount,numeric_summary,min,0,145,100.0
ContributionsFlow__20260418_071825_UTC.csv,Paid Amount,numeric_summary,p01,0,145,100.0
ContributionsFlow__20260418_071825_UTC.csv,Paid Amount,numeric_summary,p25,0,145,100.0
ContributionsFlow__20260418_071825_UTC.csv,Paid Amount,numeric_summary,p50,846354.17,145,100.0
ContributionsFlow__20260418_071825_UTC.csv,Paid Amount,numeric_summary,p75,3567181.93,145,100.0
ContributionsFlow__20260418_071825_UTC.csv,Paid Amount,numeric_summary,p99,152800000,145,100.0
ContributionsFlow__20260418_071825_UTC.csv,Paid Amount,numeric_summary,max,200000000,145,100.0
ContributionsFlow__20260418_071825_UTC.csv,Paid Amount,numeric_summary,mean,14927046.67,145,100.0
ContributionsFlow__20260418_071825_UTC.csv,Pledged Amount,top_value,1,0,85,58.6207
ContributionsFlow__20260418_071825_UTC.csv,Pledged Amount,top_value,2,347624.57,10,6.8966
ContributionsFlow__20260418_071825_UTC.csv,Pledged Amount,top_value,3,3521126.76,3,2.069
ContributionsFlow__20260418_071825_UTC.csv,Pledged Amount,top_value,4,367647.06,2,1.3793
ContributionsFlow__20260418_071825_UTC.csv,Pledged Amount,top_value,5,108225.11,2,1.3793
ContributionsFlow__20260418_071825_UTC.csv,Pledged Amount,top_value,6,289687.14,2,1.3793
ContributionsFlow__20260418_071825_UTC.csv,Pledged Amount,top_value,7,9976525.82,1,0.6897
ContributionsFlow__20260418_071825_UTC.csv,Pledged Amount,top_value,8,2347417.84,1,0.6897
ContributionsFlow__20260418_071825_UTC.csv,Pledged Amount,top_value,9,4694835.68,1,0.6897
ContributionsFlow__20260418_071825_UTC.csv,Pledged Amount,top_value,10,2934272.3,1,0.6897
ContributionsFlow__20260418_071825_UTC.csv,Pledged Amount,numeric_summary,min,0,145,100.0
ContributionsFlow__20260418_071825_UTC.csv,Pledged Amount,numeric_summary,p01,0,145,100.0
ContributionsFlow__20260418_071825_UTC.csv,Pledged Amount,numeric_summary,p25,0,145,100.0
ContributionsFlow__20260418_071825_UTC.csv,Pledged Amount,numeric_summary,p50,0,145,100.0
ContributionsFlow__20260418_071825_UTC.csv,Pledged Amount,numeric_summary,p75,500000,145,100.0
ContributionsFlow__20260418_071825_UTC.csv,Pledged Amount,numeric_summary,p99,7821060.35,145,100.0
ContributionsFlow__20260418_071825_UTC.csv,Pledged Amount,numeric_summary,max,9976525.82,145,100.0
ContributionsFlow__20260418_071825_UTC.csv,Pledged Amount,numeric_summary,mean,708883.39,145,100.0
ContributionsFlow__20260418_071825_UTC.csv,Total Contributions,top_value,1,347624.57,10,6.8966
ContributionsFlow__20260418_071825_UTC.csv,Total Contributions,top_value,2,2378121.28,6,4.1379
ContributionsFlow__20260418_071825_UTC.csv,Total Contributions,top_value,3,2132616.25,4,2.7586
ContributionsFlow__20260418_071825_UTC.csv,Total Contributions,top_value,4,100000000,4,2.7586
ContributionsFlow__20260418_071825_UTC.csv,Total Contributions,top_value,5,3521126.76,3,2.069
ContributionsFlow__20260418_071825_UTC.csv,Total Contributions,top_value,6,3460207.61,3,2.069
ContributionsFlow__20260418_071825_UTC.csv,Total Contributions,top_value,7,276679.84,3,2.069
ContributionsFlow__20260418_071825_UTC.csv,Total Contributions,top_value,8,150000000,3,2.069
ContributionsFlow__20260418_071825_UTC.csv,Total Contributions,top_value,9,367647.06,2,1.3793
ContributionsFlow__20260418_071825_UTC.csv,Total Contributions,top_value,10,108225.11,2,1.3793
ContributionsFlow__20260418_071825_UTC.csv,Total Contributions,numeric_summary,min,300,145,100.0
ContributionsFlow__20260418_071825_UTC.csv,Total Contributions,numeric_summary,p01,10000,145,100.0
ContributionsFlow__20260418_071825_UTC.csv,Total Contributions,numeric_summary,p25,546642.9,145,100.0
ContributionsFlow__20260418_071825_UTC.csv,Total Contributions,numeric_summary,p50,2378121.28,145,100.0
ContributionsFlow__20260418_071825_UTC.csv,Total Contributions,numeric_summary,p75,4613583.14,145,100.0
ContributionsFlow__20260418_071825_UTC.csv,Total Contributions,numeric_summary,p99,152800000,145,100.0
ContributionsFlow__20260418_071825_UTC.csv,Total Contributions,numeric_summary,max,200000000,145,100.0
ContributionsFlow__20260418_071825_UTC.csv,Total Contributions,numeric_summary,mean,15635930.06,145,100.0
ContributionsFlow__20260418_071825_UTC.csv,Local Curency,top_value,1,EUR,47,32.4138
ContributionsFlow__20260418_071825_UTC.csv,Local Curency,top_value,2,USD,31,21.3793
ContributionsFlow__20260418_071825_UTC.csv,Local Curency,top_value,3,CAD,20,13.7931
ContributionsFlow__20260418_071825_UTC.csv,Local Curency,top_value,4,SEK,14,9.6552
ContributionsFlow__20260418_071825_UTC.csv,Local Curency,top_value,5,GBP,13,8.9655
ContributionsFlow__20260418_071825_UTC.csv,Local Curency,top_value,6,CHF,8,5.5172
ContributionsFlow__20260418_071825_UTC.csv,Local Curency,top_value,7,DKK,7,4.8276
ContributionsFlow__20260418_071825_UTC.csv,Local Curency,top_value,8,AUD,2,1.3793
ContributionsFlow__20260418_071825_UTC.csv,Local Curency,top_value,9,NZD,1,0.6897
ContributionsFlow__20260418_071825_UTC.csv,Local Curency,top_value,10,NOK,1,0.6897
ContributionsFlow__20260418_071825_UTC.csv,Exchange Rate,top_value,1,0.000000,56,38.6207
ContributionsFlow__20260418_071825_UTC.csv,Exchange Rate,top_value,2,1.000000,24,16.5517
ContributionsFlow__20260418_071825_UTC.csv,Exchange Rate,top_value,3,9.380000,14,9.6552
ContributionsFlow__20260418_071825_UTC.csv,Exchange Rate,top_value,4,0.840000,11,7.5862
ContributionsFlow__20260418_071825_UTC.csv,Exchange Rate,top_value,5,0.870000,9,6.2069
ContributionsFlow__20260418_071825_UTC.csv,Exchange Rate,top_value,6,6.360000,4,2.7586
ContributionsFlow__20260418_071825_UTC.csv,Exchange Rate,top_value,7,0.760000,4,2.7586
ContributionsFlow__20260418_071825_UTC.csv,Exchange Rate,top_value,8,0.740000,4,2.7586
ContributionsFlow__20260418_071825_UTC.csv,Exchange Rate,top_value,9,0.770000,3,2.069
ContributionsFlow__20260418_071825_UTC.csv,Exchange Rate,top_value,10,0.800000,2,1.3793
ContributionsFlow__20260418_071825_UTC.csv,Exchange Rate,numeric_summary,min,0,145,100.0
ContributionsFlow__20260418_071825_UTC.csv,Exchange Rate,numeric_summary,p01,0,145,100.0
ContributionsFlow__20260418_071825_UTC.csv,Exchange Rate,numeric_summary,p25,0,145,100.0
ContributionsFlow__20260418_071825_UTC.csv,Exchange Rate,numeric_summary,p50,0.8,145,100.0
ContributionsFlow__20260418_071825_UTC.csv,Exchange Rate,numeric_summary,p75,1,145,100.0
ContributionsFlow__20260418_071825_UTC.csv,Exchange Rate,numeric_summary,p99,9.38,145,100.0
ContributionsFlow__20260418_071825_UTC.csv,Exchange Rate,numeric_summary,max,9.43,145,100.0
ContributionsFlow__20260418_071825_UTC.csv,Exchange Rate,numeric_summary,mean,1.66,145,100.0
ContributionsFlow__20260418_071825_UTC.csv,Paid Amount (Local Currency),top_value,1,0,56,38.6207
ContributionsFlow__20260418_071825_UTC.csv,Paid Amount (Local Currency),top_value,2,3000000,9,6.2069
ContributionsFlow__20260418_071825_UTC.csv,Paid Amount (Local Currency),top_value,3,2000000,9,6.2069
ContributionsFlow__20260418_071825_UTC.csv,Paid Amount (Local Currency),top_value,4,19999675.21,4,2.7586
ContributionsFlow__20260418_071825_UTC.csv,Paid Amount (Local Currency),top_value,5,100000000,4,2.7586
ContributionsFlow__20260418_071825_UTC.csv,Paid Amount (Local Currency),top_value,6,5000000,3,2.069
ContributionsFlow__20260418_071825_UTC.csv,Paid Amount (Local Currency),top_value,7,210000,3,2.069
ContributionsFlow__20260418_071825_UTC.csv,Paid Amount (Local Currency),top_value,8,150000000,3,2.069
ContributionsFlow__20260418_071825_UTC.csv,Paid Amount (Local Currency),top_value,9,500000,2,1.3793
ContributionsFlow__20260418_071825_UTC.csv,Paid Amount (Local Currency),top_value,10,29999512.82,2,1.3793
ContributionsFlow__20260418_071825_UTC.csv,Paid Amount (Local Currency),numeric_summary,min,0,145,100.0
ContributionsFlow__20260418_071825_UTC.csv,Paid Amount (Local Currency),numeric_summary,p01,0,145,100.0
ContributionsFlow__20260418_071825_UTC.csv,Paid Amount (Local Currency),numeric_summary,p25,0,145,100.0
ContributionsFlow__20260418_071825_UTC.csv,Paid Amount (Local Currency),numeric_summary,p50,650000,145,100.0
ContributionsFlow__20260418_071825_UTC.csv,Paid Amount (Local Currency),numeric_summary,p75,16999723.93,145,100.0
ContributionsFlow__20260418_071825_UTC.csv,Paid Amount (Local Currency),numeric_summary,p99,152800000,145,100.0
ContributionsFlow__20260418_071825_UTC.csv,Paid Amount (Local Currency),numeric_summary,max,200000000,145,100.0
ContributionsFlow__20260418_071825_UTC.csv,Paid Amount (Local Currency),numeric_summary,mean,18337892.45,145,100.0
ContributionsFlow__20260418_071825_UTC.csv,Pledged Amount (Local Currency),top_value,1,0,85,58.6207
ContributionsFlow__20260418_071825_UTC.csv,Pledged Amount (Local Currency),top_value,2,300000,11,7.5862
ContributionsFlow__20260418_071825_UTC.csv,Pledged Amount (Local Currency),top_value,3,3000000,7,4.8276
ContributionsFlow__20260418_071825_UTC.csv,Pledged Amount (Local Currency),top_value,4,500000,4,2.7586
ContributionsFlow__20260418_071825_UTC.csv,Pledged Amount (Local Currency),top_value,5,1500000,4,2.7586
ContributionsFlow__20260418_071825_UTC.csv,Pledged Amount (Local Currency),top_value,6,2000000,3,2.069
ContributionsFlow__20260418_071825_UTC.csv,Pledged Amount (Local Currency),top_value,7,4000000,3,2.069
ContributionsFlow__20260418_071825_UTC.csv,Pledged Amount (Local Currency),top_value,8,2500000,3,2.069
ContributionsFlow__20260418_071825_UTC.csv,Pledged Amount (Local Currency),top_value,9,150000,3,2.069
ContributionsFlow__20260418_071825_UTC.csv,Pledged Amount (Local Currency),top_value,10,1000000,3,2.069
ContributionsFlow__20260418_071825_UTC.csv,Pledged Amount (Local Currency),numeric_summary,min,0,145,100.0
ContributionsFlow__20260418_071825_UTC.csv,Pledged Amount (Local Currency),numeric_summary,p01,0,145,100.0
ContributionsFlow__20260418_071825_UTC.csv,Pledged Amount (Local Currency),numeric_summary,p25,0,145,100.0
ContributionsFlow__20260418_071825_UTC.csv,Pledged Amount (Local Currency),numeric_summary,p50,0,145,100.0
ContributionsFlow__20260418_071825_UTC.csv,Pledged Amount (Local Currency),numeric_summary,p75,500000,145,100.0
ContributionsFlow__20260418_071825_UTC.csv,Pledged Amount (Local Currency),numeric_summary,p99,9340000,145,100.0
ContributionsFlow__20260418_071825_UTC.csv,Pledged Amount (Local Currency),numeric_summary,max,15000000,145,100.0
ContributionsFlow__20260418_071825_UTC.csv,Pledged Amount (Local Currency),numeric_summary,mean,824206.9,145,100.0
ContributionsFlow__20260418_071825_UTC.csv,Total Contributions (Local Currency),top_value,1,3000000,16,11.0345
ContributionsFlow__20260418_071825_UTC.csv,Total Contributions (Local Currency),top_value,2,300000,12,8.2759
ContributionsFlow__20260418_071825_UTC.csv,Total Contributions (Local Currency),top_value,3,2000000,10,6.8966
ContributionsFlow__20260418_071825_UTC.csv,Total Contributions (Local Currency),top_value,4,500000,6,4.1379
ContributionsFlow__20260418_071825_UTC.csv,Total Contributions (Local Currency),top_value,5,1500000,5,3.4483
ContributionsFlow__20260418_071825_UTC.csv,Total Contributions (Local Currency),top_value,6,4000000,4,2.7586
ContributionsFlow__20260418_071825_UTC.csv,Total Contributions (Local Currency),top_value,7,2500000,4,2.7586
ContributionsFlow__20260418_071825_UTC.csv,Total Contributions (Local Currency),top_value,8,5000000,4,2.7586
ContributionsFlow__20260418_071825_UTC.csv,Total Contributions (Local Currency),top_value,9,19999675.21,4,2.7586
ContributionsFlow__20260418_071825_UTC.csv,Total Contributions (Local Currency),top_value,10,100000000,4,2.7586
ContributionsFlow__20260418_071825_UTC.csv,Total Contributions (Local Currency),numeric_summary,min,300,145,100.0
ContributionsFlow__20260418_071825_UTC.csv,Total Contributions (Local Currency),numeric_summary,p01,10000,145,100.0
ContributionsFlow__20260418_071825_UTC.csv,Total Contributions (Local Currency),numeric_summary,p25,500000,145,100.0
ContributionsFlow__20260418_071825_UTC.csv,Total Contributions (Local Currency),numeric_summary,p50,3000000,145,100.0
ContributionsFlow__20260418_071825_UTC.csv,Total Contributions (Local Currency),numeric_summary,p75,16999723.93,145,100.0
ContributionsFlow__20260418_071825_UTC.csv,Total Contributions (Local Currency),numeric_summary,p99,152800000,145,100.0
ContributionsFlow__20260418_071825_UTC.csv,Total Contributions (Local Currency),numeric_summary,max,200000000,145,100.0
ContributionsFlow__20260418_071825_UTC.csv,Total Contributions (Local Currency),numeric_summary,mean,19162099.35,145,100.0
GenderAgeMarker__20260418_072032_UTC.csv,PooledFundId,top_value,1,19,4,11.4286
GenderAgeMarker__20260418_072032_UTC.csv,PooledFundId,top_value,2,15,4,11.4286
GenderAgeMarker__20260418_072032_UTC.csv,PooledFundId,top_value,3,23,3,8.5714
GenderAgeMarker__20260418_072032_UTC.csv,PooledFundId,top_value,4,24,3,8.5714
GenderAgeMarker__20260418_072032_UTC.csv,PooledFundId,top_value,5,71,3,8.5714
GenderAgeMarker__20260418_072032_UTC.csv,PooledFundId,top_value,6,59,3,8.5714
GenderAgeMarker__20260418_072032_UTC.csv,PooledFundId,top_value,7,90,2,5.7143
GenderAgeMarker__20260418_072032_UTC.csv,PooledFundId,top_value,8,53,2,5.7143
GenderAgeMarker__20260418_072032_UTC.csv,PooledFundId,top_value,9,89,2,5.7143
GenderAgeMarker__20260418_072032_UTC.csv,PooledFundId,top_value,10,75,2,5.7143
GenderAgeMarker__20260418_072032_UTC.csv,PooledFundId,numeric_summary,min,15,35,100.0
GenderAgeMarker__20260418_072032_UTC.csv,PooledFundId,numeric_summary,p01,15,35,100.0
GenderAgeMarker__20260418_072032_UTC.csv,PooledFundId,numeric_summary,p25,23,35,100.0
GenderAgeMarker__20260418_072032_UTC.csv,PooledFundId,numeric_summary,p50,59,35,100.0
GenderAgeMarker__20260418_072032_UTC.csv,PooledFundId,numeric_summary,p75,84.5,35,100.0
GenderAgeMarker__20260418_072032_UTC.csv,PooledFundId,numeric_summary,p99,511.66,35,100.0
GenderAgeMarker__20260418_072032_UTC.csv,PooledFundId,numeric_summary,max,512,35,100.0
GenderAgeMarker__20260418_072032_UTC.csv,PooledFundId,numeric_summary,mean,78.49,35,100.0
GenderAgeMarker__20260418_072032_UTC.csv,PooledFundName,top_value,1,South Sudan,4,11.4286
GenderAgeMarker__20260418_072032_UTC.csv,PooledFundName,top_value,2,Sudan,4,11.4286
GenderAgeMarker__20260418_072032_UTC.csv,PooledFundName,top_value,3,Afghanistan,3,8.5714
GenderAgeMarker__20260418_072032_UTC.csv,PooledFundName,top_value,4,DRC,3,8.5714
GenderAgeMarker__20260418_072032_UTC.csv,PooledFundName,top_value,5,Lebanon,3,8.5714
GenderAgeMarker__20260418_072032_UTC.csv,PooledFundName,top_value,6,Myanmar,3,8.5714
GenderAgeMarker__20260418_072032_UTC.csv,PooledFundName,top_value,7,Chad (RhPF-WCA),2,5.7143
GenderAgeMarker__20260418_072032_UTC.csv,PooledFundName,top_value,8,Ethiopia,2,5.7143
GenderAgeMarker__20260418_072032_UTC.csv,PooledFundName,top_value,9,Mozambique (RhPF),2,5.7143
GenderAgeMarker__20260418_072032_UTC.csv,PooledFundName,top_value,10,Nigeria,2,5.7143
GenderAgeMarker__20260418_072032_UTC.csv,AllocationYear,top_value,1,2026,35,100.0
GenderAgeMarker__20260418_072032_UTC.csv,AllocationYear,numeric_summary,min,2026,35,100.0
GenderAgeMarker__20260418_072032_UTC.csv,AllocationYear,numeric_summary,p01,2026,35,100.0
GenderAgeMarker__20260418_072032_UTC.csv,AllocationYear,numeric_summary,p25,2026,35,100.0
GenderAgeMarker__20260418_072032_UTC.csv,AllocationYear,numeric_summary,p50,2026,35,100.0
GenderAgeMarker__20260418_072032_UTC.csv,AllocationYear,numeric_summary,p75,2026,35,100.0
GenderAgeMarker__20260418_072032_UTC.csv,AllocationYear,numeric_summary,p99,2026,35,100.0
GenderAgeMarker__20260418_072032_UTC.csv,AllocationYear,numeric_summary,max,2026,35,100.0
GenderAgeMarker__20260418_072032_UTC.csv,AllocationYear,numeric_summary,mean,2026,35,100.0
GenderAgeMarker__20260418_072032_UTC.csv,GenderMarkerGroup,top_value,1,GAM,35,100.0
GenderAgeMarker__20260418_072032_UTC.csv,GenderMarkerCode,top_value,1,4,14,40.0
GenderAgeMarker__20260418_072032_UTC.csv,GenderMarkerCode,top_value,2,3,9,25.7143
GenderAgeMarker__20260418_072032_UTC.csv,GenderMarkerCode,top_value,3,2,7,20.0
GenderAgeMarker__20260418_072032_UTC.csv,GenderMarkerCode,top_value,4,0,3,8.5714
GenderAgeMarker__20260418_072032_UTC.csv,GenderMarkerCode,top_value,5,1,2,5.7143
GenderAgeMarker__20260418_072032_UTC.csv,GenderMarkerCode,numeric_summary,min,0,35,100.0
GenderAgeMarker__20260418_072032_UTC.csv,GenderMarkerCode,numeric_summary,p01,0,35,100.0
GenderAgeMarker__20260418_072032_UTC.csv,GenderMarkerCode,numeric_summary,p25,2,35,100.0
GenderAgeMarker__20260418_072032_UTC.csv,GenderMarkerCode,numeric_summary,p50,3,35,100.0
GenderAgeMarker__20260418_072032_UTC.csv,GenderMarkerCode,numeric_summary,p75,4,35,100.0
GenderAgeMarker__20260418_072032_UTC.csv,GenderMarkerCode,numeric_summary,p99,4,35,100.0
GenderAgeMarker__20260418_072032_UTC.csv,GenderMarkerCode,numeric_summary,max,4,35,100.0
GenderAgeMarker__20260418_072032_UTC.csv,GenderMarkerCode,numeric_summary,mean,2.83,35,100.0
GenderAgeMarker__20260418_072032_UTC.csv,TotalProjects,top_value,1,1,17,48.5714
GenderAgeMarker__20260418_072032_UTC.csv,TotalProjects,top_value,2,2,3,8.5714
GenderAgeMarker__20260418_072032_UTC.csv,TotalProjects,top_value,3,11,3,8.5714
GenderAgeMarker__20260418_072032_UTC.csv,TotalProjects,top_value,4,3,2,5.7143
GenderAgeMarker__20260418_072032_UTC.csv,TotalProjects,top_value,5,14,2,5.7143
GenderAgeMarker__20260418_072032_UTC.csv,TotalProjects,top_value,6,7,1,2.8571
GenderAgeMarker__20260418_072032_UTC.csv,TotalProjects,top_value,7,6,1,2.8571
GenderAgeMarker__20260418_072032_UTC.csv,TotalProjects,top_value,8,17,1,2.8571
GenderAgeMarker__20260418_072032_UTC.csv,TotalProjects,top_value,9,9,1,2.8571
GenderAgeMarker__20260418_072032_UTC.csv,TotalProjects,top_value,10,12,1,2.8571
GenderAgeMarker__20260418_072032_UTC.csv,TotalProjects,numeric_summary,min,1,35,100.0
GenderAgeMarker__20260418_072032_UTC.csv,TotalProjects,numeric_summary,p01,1,35,100.0
GenderAgeMarker__20260418_072032_UTC.csv,TotalProjects,numeric_summary,p25,1,35,100.0
GenderAgeMarker__20260418_072032_UTC.csv,TotalProjects,numeric_summary,p50,2,35,100.0
GenderAgeMarker__20260418_072032_UTC.csv,TotalProjects,numeric_summary,p75,11,35,100.0
GenderAgeMarker__20260418_072032_UTC.csv,TotalProjects,numeric_summary,p99,17.66,35,100.0
GenderAgeMarker__20260418_072032_UTC.csv,TotalProjects,numeric_summary,max,18,35,100.0
GenderAgeMarker__20260418_072032_UTC.csv,TotalProjects,numeric_summary,mean,5.37,35,100.0
GenderAgeMarker__20260418_072032_UTC.csv,TotalBeneficiaries,top_value,1,217494,1,2.8571
GenderAgeMarker__20260418_072032_UTC.csv,TotalBeneficiaries,top_value,2,76368,1,2.8571
GenderAgeMarker__20260418_072032_UTC.csv,TotalBeneficiaries,top_value,3,79909,1,2.8571
GenderAgeMarker__20260418_072032_UTC.csv,TotalBeneficiaries,top_value,4,3919026,1,2.8571
GenderAgeMarker__20260418_072032_UTC.csv,TotalBeneficiaries,top_value,5,91000,1,2.8571
GenderAgeMarker__20260418_072032_UTC.csv,TotalBeneficiaries,top_value,6,988067,1,2.8571
GenderAgeMarker__20260418_072032_UTC.csv,TotalBeneficiaries,top_value,7,33000,1,2.8571
GenderAgeMarker__20260418_072032_UTC.csv,TotalBeneficiaries,top_value,8,538139,1,2.8571
GenderAgeMarker__20260418_072032_UTC.csv,TotalBeneficiaries,top_value,9,1746767,1,2.8571
GenderAgeMarker__20260418_072032_UTC.csv,TotalBeneficiaries,top_value,10,502500,1,2.8571
GenderAgeMarker__20260418_072032_UTC.csv,TotalBeneficiaries,numeric_summary,min,1000,35,100.0
GenderAgeMarker__20260418_072032_UTC.csv,TotalBeneficiaries,numeric_summary,p01,1194.14,35,100.0
GenderAgeMarker__20260418_072032_UTC.csv,TotalBeneficiaries,numeric_summary,p25,75683.5,35,100.0
GenderAgeMarker__20260418_072032_UTC.csv,TotalBeneficiaries,numeric_summary,p50,502500,35,100.0
GenderAgeMarker__20260418_072032_UTC.csv,TotalBeneficiaries,numeric_summary,p75,1148603,35,100.0
GenderAgeMarker__20260418_072032_UTC.csv,TotalBeneficiaries,numeric_summary,p99,5328209.48,35,100.0
GenderAgeMarker__20260418_072032_UTC.csv,TotalBeneficiaries,numeric_summary,max,5695895,35,100.0
GenderAgeMarker__20260418_072032_UTC.csv,TotalBeneficiaries,numeric_summary,mean,1018848.63,35,100.0
GenderAgeMarker__20260418_072032_UTC.csv,TotalBudget,top_value,1,4457577.24,1,2.8571
GenderAgeMarker__20260418_072032_UTC.csv,TotalBudget,top_value,2,2481014.92,1,2.8571
GenderAgeMarker__20260418_072032_UTC.csv,TotalBudget,top_value,3,1548476.24,1,2.8571
GenderAgeMarker__20260418_072032_UTC.csv,TotalBudget,top_value,4,145896619.05,1,2.8571
GenderAgeMarker__20260418_072032_UTC.csv,TotalBudget,top_value,5,20146999.37,1,2.8571
GenderAgeMarker__20260418_072032_UTC.csv,TotalBudget,top_value,6,52476000.07,1,2.8571
GenderAgeMarker__20260418_072032_UTC.csv,TotalBudget,top_value,7,300000,1,2.8571
GenderAgeMarker__20260418_072032_UTC.csv,TotalBudget,top_value,8,40000000.02,1,2.8571
GenderAgeMarker__20260418_072032_UTC.csv,TotalBudget,top_value,9,30724958.46,1,2.8571
GenderAgeMarker__20260418_072032_UTC.csv,TotalBudget,top_value,10,9650000,1,2.8571
GenderAgeMarker__20260418_072032_UTC.csv,TotalBudget,numeric_summary,min,199080.99,35,100.0
GenderAgeMarker__20260418_072032_UTC.csv,TotalBudget,numeric_summary,p01,233393.45,35,100.0
GenderAgeMarker__20260418_072032_UTC.csv,TotalBudget,numeric_summary,p25,2507709.46,35,100.0
GenderAgeMarker__20260418_072032_UTC.csv,TotalBudget,numeric_summary,p50,11501750,35,100.0
GenderAgeMarker__20260418_072032_UTC.csv,TotalBudget,numeric_summary,p75,43295012.76,35,100.0
GenderAgeMarker__20260418_072032_UTC.csv,TotalBudget,numeric_summary,p99,163645898.53,35,100.0
GenderAgeMarker__20260418_072032_UTC.csv,TotalBudget,numeric_summary,max,167000000.01,35,100.0
GenderAgeMarker__20260418_072032_UTC.csv,TotalBudget,numeric_summary,mean,32926372.03,35,100.0
SectorsOverview__20260418_071833_UTC.csv,Year,top_value,1,2026,97,100.0
SectorsOverview__20260418_071833_UTC.csv,Year,numeric_summary,min,2026,97,100.0
SectorsOverview__20260418_071833_UTC.csv,Year,numeric_summary,p01,2026,97,100.0
SectorsOverview__20260418_071833_UTC.csv,Year,numeric_summary,p25,2026,97,100.0
SectorsOverview__20260418_071833_UTC.csv,Year,numeric_summary,p50,2026,97,100.0
SectorsOverview__20260418_071833_UTC.csv,Year,numeric_summary,p75,2026,97,100.0
SectorsOverview__20260418_071833_UTC.csv,Year,numeric_summary,p99,2026,97,100.0
SectorsOverview__20260418_071833_UTC.csv,Year,numeric_summary,max,2026,97,100.0
SectorsOverview__20260418_071833_UTC.csv,Year,numeric_summary,mean,2026,97,100.0
SectorsOverview__20260418_071833_UTC.csv,CBPF Name,top_value,1,Sudan,9,9.2784
SectorsOverview__20260418_071833_UTC.csv,CBPF Name,top_value,2,Ethiopia,8,8.2474
SectorsOverview__20260418_071833_UTC.csv,CBPF Name,top_value,3,Myanmar,8,8.2474
SectorsOverview__20260418_071833_UTC.csv,CBPF Name,top_value,4,Bangladesh (AP-RHPF),7,7.2165
SectorsOverview__20260418_071833_UTC.csv,CBPF Name,top_value,5,DRC,7,7.2165
SectorsOverview__20260418_071833_UTC.csv,CBPF Name,top_value,6,Lebanon,7,7.2165
SectorsOverview__20260418_071833_UTC.csv,CBPF Name,top_value,7,Mozambique (RhPF),7,7.2165
SectorsOverview__20260418_071833_UTC.csv,CBPF Name,top_value,8,South Sudan,7,7.2165
SectorsOverview__20260418_071833_UTC.csv,CBPF Name,top_value,9,Chad (RhPF-WCA),6,6.1856
SectorsOverview__20260418_071833_UTC.csv,CBPF Name,top_value,10,Kenya (ESAHF),6,6.1856
SectorsOverview__20260418_071833_UTC.csv,Cluster,top_value,1,Health,14,14.433
SectorsOverview__20260418_071833_UTC.csv,Cluster,top_value,2,Nutrition,14,14.433
SectorsOverview__20260418_071833_UTC.csv,Cluster,top_value,3,"Water, Sanitation and Hygiene",14,14.433
SectorsOverview__20260418_071833_UTC.csv,Cluster,top_value,4,Food Security,13,13.4021
SectorsOverview__20260418_071833_UTC.csv,Cluster,top_value,5,Protection,13,13.4021
SectorsOverview__20260418_071833_UTC.csv,Cluster,top_value,6,Emergency Shelter and NFI,11,11.3402
SectorsOverview__20260418_071833_UTC.csv,Cluster,top_value,7,Multi-purpose CASH,7,7.2165
SectorsOverview__20260418_071833_UTC.csv,Cluster,top_value,8,Camp Coordination / Management,3,3.0928
SectorsOverview__20260418_071833_UTC.csv,Cluster,top_value,9,Coordination and Support Services,3,3.0928
SectorsOverview__20260418_071833_UTC.csv,Cluster,top_value,10,Logistics,3,3.0928
SectorsOverview__20260418_071833_UTC.csv,Total Allocations,top_value,1,1048437.21,1,1.0309
SectorsOverview__20260418_071833_UTC.csv,Total Allocations,top_value,2,1290583.05,1,1.0309
SectorsOverview__20260418_071833_UTC.csv,Total Allocations,top_value,3,4042261.8899999997,1,1.0309
SectorsOverview__20260418_071833_UTC.csv,Total Allocations,top_value,4,673387.87,1,1.0309
SectorsOverview__20260418_071833_UTC.csv,Total Allocations,top_value,5,1432398.38,1,1.0309
SectorsOverview__20260418_071833_UTC.csv,Total Allocations,top_value,6,6643448.340000001,1,1.0309
SectorsOverview__20260418_071833_UTC.csv,Total Allocations,top_value,7,16542483.44,1,1.0309
SectorsOverview__20260418_071833_UTC.csv,Total Allocations,top_value,8,94080000,1,1.0309
SectorsOverview__20260418_071833_UTC.csv,Total Allocations,top_value,9,5065205.57,1,1.0309
SectorsOverview__20260418_071833_UTC.csv,Total Allocations,top_value,10,3031500.04,1,1.0309
SectorsOverview__20260418_071833_UTC.csv,Total Allocations,numeric_summary,min,96300,97,100.0
SectorsOverview__20260418_071833_UTC.csv,Total Allocations,numeric_summary,p01,106555.02,97,100.0
SectorsOverview__20260418_071833_UTC.csv,Total Allocations,numeric_summary,p25,2303929.86,97,100.0
SectorsOverview__20260418_071833_UTC.csv,Total Allocations,numeric_summary,p50,6819138.34,97,100.0
SectorsOverview__20260418_071833_UTC.csv,Total Allocations,numeric_summary,p75,15775000,97,100.0
SectorsOverview__20260418_071833_UTC.csv,Total Allocations,numeric_summary,p99,93758325.81,97,100.0
SectorsOverview__20260418_071833_UTC.csv,Total Allocations,numeric_summary,max,94080000,97,100.0
SectorsOverview__20260418_071833_UTC.csv,Total Allocations,numeric_summary,mean,12138381.66,97,100.0
SectorsOverview__20260418_071833_UTC.csv,Targeted People,top_value,1,42471,1,1.0309
SectorsOverview__20260418_071833_UTC.csv,Targeted People,top_value,2,92295,1,1.0309
SectorsOverview__20260418_071833_UTC.csv,Targeted People,top_value,3,124966,1,1.0309
SectorsOverview__20260418_071833_UTC.csv,Targeted People,top_value,4,48935,1,1.0309
SectorsOverview__20260418_071833_UTC.csv,Targeted People,top_value,5,65100,1,1.0309
SectorsOverview__20260418_071833_UTC.csv,Targeted People,top_value,6,345066,1,1.0309
SectorsOverview__20260418_071833_UTC.csv,Targeted People,top_value,7,857253,1,1.0309
SectorsOverview__20260418_071833_UTC.csv,Targeted People,top_value,8,1225196,1,1.0309
SectorsOverview__20260418_071833_UTC.csv,Targeted People,top_value,9,218815,1,1.0309
SectorsOverview__20260418_071833_UTC.csv,Targeted People,top_value,10,106405,1,1.0309
SectorsOverview__20260418_071833_UTC.csv,Targeted People,numeric_summary,min,1000,97,100.0
SectorsOverview__20260418_071833_UTC.csv,Targeted People,numeric_summary,p01,1088.32,97,100.0
SectorsOverview__20260418_071833_UTC.csv,Targeted People,numeric_summary,p25,76748,97,100.0
SectorsOverview__20260418_071833_UTC.csv,Targeted People,numeric_summary,p50,186531,97,100.0
SectorsOverview__20260418_071833_UTC.csv,Targeted People,numeric_summary,p75,520100,97,100.0
SectorsOverview__20260418_071833_UTC.csv,Targeted People,numeric_summary,p99,2116334.36,97,100.0
SectorsOverview__20260418_071833_UTC.csv,Targeted People,numeric_summary,max,2272319,97,100.0
SectorsOverview__20260418_071833_UTC.csv,Targeted People,numeric_summary,mean,371376.76,97,100.0
SectorsOverview__20260418_071833_UTC.csv,Reached People,top_value,1,0,93,95.8763
SectorsOverview__20260418_071833_UTC.csv,Reached People,top_value,2,11149,1,1.0309
SectorsOverview__20260418_071833_UTC.csv,Reached People,top_value,3,2745,1,1.0309
SectorsOverview__20260418_071833_UTC.csv,Reached People,top_value,4,11769,1,1.0309
SectorsOverview__20260418_071833_UTC.csv,Reached People,top_value,5,6224,1,1.0309
SectorsOverview__20260418_071833_UTC.csv,Reached People,numeric_summary,min,0,97,100.0
SectorsOverview__20260418_071833_UTC.csv,Reached People,numeric_summary,p01,0,97,100.0
SectorsOverview__20260418_071833_UTC.csv,Reached People,numeric_summary,p25,0,97,100.0
SectorsOverview__20260418_071833_UTC.csv,Reached People,numeric_summary,p50,0,97,100.0
SectorsOverview__20260418_071833_UTC.csv,Reached People,numeric_summary,p75,0,97,100.0
SectorsOverview__20260418_071833_UTC.csv,Reached People,numeric_summary,p99,11173.8,97,100.0
SectorsOverview__20260418_071833_UTC.csv,Reached People,numeric_summary,max,11769,97,100.0
SectorsOverview__20260418_071833_UTC.csv,Reached People,numeric_summary,mean,328.73,97,100.0
cod_population_admin0.csv,ISO3,top_value,1,BDI,114,1.6959
cod_population_admin0.csv,ISO3,top_value,2,TJK,69,1.0265
cod_population_admin0.csv,ISO3,top_value,3,ARG,66,0.9819
cod_population_admin0.csv,ISO3,top_value,4,BRA,66,0.9819
cod_population_admin0.csv,ISO3,top_value,5,COL,66,0.9819
cod_population_admin0.csv,ISO3,top_value,6,CUB,66,0.9819
cod_population_admin0.csv,ISO3,top_value,7,HUN,66,0.9819
cod_population_admin0.csv,ISO3,top_value,8,IRN,66,0.9819
cod_population_admin0.csv,ISO3,top_value,9,KEN,66,0.9819
cod_population_admin0.csv,ISO3,top_value,10,PAN,66,0.9819
cod_population_admin0.csv,Country,top_value,1,Burundi,114,1.6959
cod_population_admin0.csv,Country,top_value,2,Tajikistan,69,1.0265
cod_population_admin0.csv,Country,top_value,3,Argentina,66,0.9819
cod_population_admin0.csv,Country,top_value,4,Brazil,66,0.9819
cod_population_admin0.csv,Country,top_value,5,Colombia,66,0.9819
cod_population_admin0.csv,Country,top_value,6,Cuba,66,0.9819
cod_population_admin0.csv,Country,top_value,7,Hungary,66,0.9819
cod_population_admin0.csv,Country,top_value,8,Iran (Islamic Republic of),66,0.9819
cod_population_admin0.csv,Country,top_value,9,Kenya,66,0.9819
cod_population_admin0.csv,Country,top_value,10,Panama,66,0.9819
cod_population_admin0.csv,Population_group,top_value,1,T_TL,139,2.0678
cod_population_admin0.csv,Population_group,top_value,2,F_TL,134,1.9935
cod_population_admin0.csv,Population_group,top_value,3,M_TL,134,1.9935
cod_population_admin0.csv,Population_group,top_value,4,T_00_04,121,1.8001
cod_population_admin0.csv,Population_group,top_value,5,T_10_14,121,1.8001
cod_population_admin0.csv,Population_group,top_value,6,T_15_19,121,1.8001
cod_population_admin0.csv,Population_group,top_value,7,T_20_24,121,1.8001
cod_population_admin0.csv,Population_group,top_value,8,T_25_29,121,1.8001
cod_population_admin0.csv,Population_group,top_value,9,T_30_34,121,1.8001
cod_population_admin0.csv,Population_group,top_value,10,T_35_39,121,1.8001
cod_population_admin0.csv,Gender,top_value,1,all,2253,33.5168
cod_population_admin0.csv,Gender,top_value,2,m,2235,33.249
cod_population_admin0.csv,Gender,top_value,3,f,2234,33.2342
cod_population_admin0.csv,Age_range,top_value,1,all,407,6.0547
cod_population_admin0.csv,Age_range,top_value,2,20-24,364,5.4151
cod_population_admin0.csv,Age_range,top_value,3,25-29,364,5.4151
cod_population_admin0.csv,Age_range,top_value,4,30-34,364,5.4151
cod_population_admin0.csv,Age_range,top_value,5,35-39,364,5.4151
cod_population_admin0.csv,Age_range,top_value,6,0-4,362,5.3853
cod_population_admin0.csv,Age_range,top_value,7,10-14,362,5.3853
cod_population_admin0.csv,Age_range,top_value,8,15-19,362,5.3853
cod_population_admin0.csv,Age_range,top_value,9,40-44,362,5.3853
cod_population_admin0.csv,Age_range,top_value,10,45-49,362,5.3853
cod_population_admin0.csv,Age_min,top_value,1,0,379,6.0016
cod_population_admin0.csv,Age_min,top_value,2,15,373,5.9066
cod_population_admin0.csv,Age_min,top_value,3,5,370,5.8591
cod_population_admin0.csv,Age_min,top_value,4,10,365,5.7799
cod_population_admin0.csv,Age_min,top_value,5,60,365,5.7799
cod_population_admin0.csv,Age_min,top_value,6,20,364,5.7641
cod_population_admin0.csv,Age_min,top_value,7,25,364,5.7641
cod_population_admin0.csv,Age_min,top_value,8,30,364,5.7641
cod_population_admin0.csv,Age_min,top_value,9,35,364,5.7641
cod_population_admin0.csv,Age_min,top_value,10,40,364,5.7641
cod_population_admin0.csv,Age_min,numeric_summary,min,0,6315,100.0
cod_population_admin0.csv,Age_min,numeric_summary,p01,0,6315,100.0
cod_population_admin0.csv,Age_min,numeric_summary,p25,20,6315,100.0
cod_population_admin0.csv,Age_min,numeric_summary,p50,40,6315,100.0
cod_population_admin0.csv,Age_min,numeric_summary,p75,60,6315,100.0
cod_population_admin0.csv,Age_min,numeric_summary,p99,95,6315,100.0
cod_population_admin0.csv,Age_min,numeric_summary,max,100,6315,100.0
cod_population_admin0.csv,Age_min,numeric_summary,mean,40.19,6315,100.0
cod_population_admin0.csv,Age_max,top_value,1,19,373,6.2752
cod_population_admin0.csv,Age_max,top_value,2,4,371,6.2416
cod_population_admin0.csv,Age_max,top_value,3,14,370,6.2248
cod_population_admin0.csv,Age_max,top_value,4,9,365,6.1406
cod_population_admin0.csv,Age_max,top_value,5,59,365,6.1406
cod_population_admin0.csv,Age_max,top_value,6,64,365,6.1406
cod_population_admin0.csv,Age_max,top_value,7,24,364,6.1238
cod_population_admin0.csv,Age_max,top_value,8,29,364,6.1238
cod_population_admin0.csv,Age_max,top_value,9,34,364,6.1238
cod_population_admin0.csv,Age_max,top_value,10,39,364,6.1238
cod_population_admin0.csv,Age_max,numeric_summary,min,0,5944,100.0
cod_population_admin0.csv,Age_max,numeric_summary,p01,4,5944,100.0
cod_population_admin0.csv,Age_max,numeric_summary,p25,19,5944,100.0
cod_population_admin0.csv,Age_max,numeric_summary,p50,39,5944,100.0
cod_population_admin0.csv,Age_max,numeric_summary,p75,59.25,5944,100.0
cod_population_admin0.csv,Age_max,numeric_summary,p99,94,5944,100.0
cod_population_admin0.csv,Age_max,numeric_summary,max,99,5944,100.0
cod_population_admin0.csv,Age_max,numeric_summary,mean,41.74,5944,100.0
cod_population_admin0.csv,Population,top_value,1,569,5,0.0744
cod_population_admin0.csv,Population,top_value,2,41,5,0.0744
cod_population_admin0.csv,Population,top_value,3,131,4,0.0595
cod_population_admin0.csv,Population,top_value,4,1134,3,0.0446
cod_population_admin0.csv,Population,top_value,5,7517,3,0.0446
cod_population_admin0.csv,Population,top_value,6,53,3,0.0446
cod_population_admin0.csv,Population,top_value,7,1461,3,0.0446
cod_population_admin0.csv,Population,top_value,8,432,3,0.0446
cod_population_admin0.csv,Population,top_value,9,406,3,0.0446
cod_population_admin0.csv,Population,top_value,10,172,3,0.0446
cod_population_admin0.csv,Population,numeric_summary,min,0,6722,100.0
cod_population_admin0.csv,Population,numeric_summary,p01,64.21,6722,100.0
cod_population_admin0.csv,Population,numeric_summary,p25,15115,6722,100.0
cod_population_admin0.csv,Population,numeric_summary,p50,159803.5,6722,100.0
cod_population_admin0.csv,Population,numeric_summary,p75,935322.5,6722,100.0
cod_population_admin0.csv,Population,numeric_summary,p99,26627253.77,6722,100.0
cod_population_admin0.csv,Population,numeric_summary,max,269603430,6722,100.0
cod_population_admin0.csv,Population,numeric_summary,mean,1834614.5,6722,100.0
cod_population_admin0.csv,Reference_year,top_value,1,2022,1848,27.4918
cod_population_admin0.csv,Reference_year,top_value,2,2023,1044,15.5311
cod_population_admin0.csv,Reference_year,top_value,3,2024,1038,15.4418
cod_population_admin0.csv,Reference_year,top_value,4,2021,723,10.7557
cod_population_admin0.csv,Reference_year,top_value,5,2020,626,9.3127
cod_population_admin0.csv,Reference_year,top_value,6,2016,291,4.3291
cod_population_admin0.csv,Reference_year,top_value,7,2010,249,3.7043
cod_population_admin0.csv,Reference_year,top_value,8,2025,228,3.3918
cod_population_admin0.csv,Reference_year,top_value,9,2011,228,3.3918
cod_population_admin0.csv,Reference_year,top_value,10,2019,158,2.3505
cod_population_admin0.csv,Reference_year,numeric_summary,min,2001,6722,100.0
cod_population_admin0.csv,Reference_year,numeric_summary,p01,2010,6722,100.0
cod_population_admin0.csv,Reference_year,numeric_summary,p25,2020,6722,100.0
cod_population_admin0.csv,Reference_year,numeric_summary,p50,2022,6722,100.0
cod_population_admin0.csv,Reference_year,numeric_summary,p75,2023,6722,100.0
cod_population_admin0.csv,Reference_year,numeric_summary,p99,2025,6722,100.0
cod_population_admin0.csv,Reference_year,numeric_summary,max,2025,6722,100.0
cod_population_admin0.csv,Reference_year,numeric_summary,mean,2020.85,6722,100.0
cod_population_admin0.csv,Source,top_value,1,UNFPA,549,8.1672
cod_population_admin0.csv,Source,top_value,2,Eurostat,189,2.8117
cod_population_admin0.csv,Source,top_value,3,Institut national de la statistique et des études économiques,135,2.0083
cod_population_admin0.csv,Source,top_value,4,UNFPA and ISTEEBU,114,1.6959
cod_population_admin0.csv,Source,top_value,5,Instituto Nacional de Estadística (INE),93,1.3835
cod_population_admin0.csv,Source,top_value,6,UNFPA and Statistics Agency under the President - Republic of Tajikistan,69,1.0265
cod_population_admin0.csv,Source,top_value,7,Projected by UNFPA from El Instituto Nacional de Estadística y Censos de la República Argentina (INDEC) data,66,0.9819
cod_population_admin0.csv,Source,top_value,8,Instituto Brasileiro de Geografia e Estatística (IBGE),66,0.9819
cod_population_admin0.csv,Source,top_value,9,Departamento Administrativo Nacional de Estadística (DANE),66,0.9819
cod_population_admin0.csv,Source,top_value,10,UNFPA and Oficina Oficial de Estadistica y Informazion,66,0.9819
cod_population_admin0.csv,Contributor,top_value,1,UNFPA,5443,80.9729
cod_population_admin0.csv,Contributor,top_value,2,OCHA Latin America and the Caribbean (ROLAC),651,9.6846
cod_population_admin0.csv,Contributor,top_value,3,OCHA Regional Office for Asia and the Pacific (ROAP),171,2.5439
cod_population_admin0.csv,Contributor,top_value,4,OCHA Field Information Services Section (FISS),114,1.6959
cod_population_admin0.csv,Contributor,top_value,5,OCHA Middle East and North Africa (ROMENA),66,0.9819
cod_population_admin0.csv,Contributor,top_value,6,OCHA West and Central Africa (ROWCA),60,0.8926
cod_population_admin0.csv,Contributor,top_value,7,OCHA Afghanistan,54,0.8033
cod_population_admin0.csv,Contributor,top_value,8,OCHA Ethiopia,51,0.7587
cod_population_admin0.csv,Contributor,top_value,9,OCHA Office of the Pacific Islands,48,0.7141
cod_population_admin0.csv,Contributor,top_value,10,OCHA Venezuela,45,0.6694
cod_population_admin1.csv,ISO3,top_value,1,TUR,4860,5.3132
cod_population_admin1.csv,ISO3,top_value,2,THA,4158,4.5457
cod_population_admin1.csv,ISO3,top_value,3,VNM,3402,3.7192
cod_population_admin1.csv,ISO3,top_value,4,KEN,3102,3.3912
cod_population_admin1.csv,ISO3,top_value,5,COL,2178,2.3811
cod_population_admin1.csv,ISO3,top_value,6,BDI,2052,2.2433
cod_population_admin1.csv,ISO3,top_value,7,IRN,2046,2.2368
cod_population_admin1.csv,ISO3,top_value,8,NGA,1998,2.1843
cod_population_admin1.csv,ISO3,top_value,9,MEX,1824,1.9941
cod_population_admin1.csv,ISO3,top_value,10,MDA,1785,1.9514
cod_population_admin1.csv,Country,top_value,1,Türkiye,4860,5.3132
cod_population_admin1.csv,Country,top_value,2,Thailand,4158,4.5457
cod_population_admin1.csv,Country,top_value,3,Viet Nam,3402,3.7192
cod_population_admin1.csv,Country,top_value,4,Kenya,3102,3.3912
cod_population_admin1.csv,Country,top_value,5,Colombia,2178,2.3811
cod_population_admin1.csv,Country,top_value,6,Burundi,2052,2.2433
cod_population_admin1.csv,Country,top_value,7,Iran (Islamic Republic of),2046,2.2368
cod_population_admin1.csv,Country,top_value,8,Nigeria,1998,2.1843
cod_population_admin1.csv,Country,top_value,9,Mexico,1824,1.9941
cod_population_admin1.csv,Country,top_value,10,Republic of Moldova,1785,1.9514
cod_population_admin1.csv,ADM1_PCODE,top_value,1,MV004,459,0.5037
cod_population_admin1.csv,ADM1_PCODE,top_value,2,MV002,204,0.2239
cod_population_admin1.csv,ADM1_PCODE,top_value,3,MV005,204,0.2239
cod_population_admin1.csv,ADM1_PCODE,top_value,4,MV001,153,0.1679
cod_population_admin1.csv,ADM1_PCODE,top_value,5,BDI001,114,0.1251
cod_population_admin1.csv,ADM1_PCODE,top_value,6,BDI017,114,0.1251
cod_population_admin1.csv,ADM1_PCODE,top_value,7,BDI002,114,0.1251
cod_population_admin1.csv,ADM1_PCODE,top_value,8,BDI003,114,0.1251
cod_population_admin1.csv,ADM1_PCODE,top_value,9,BDI004,114,0.1251
cod_population_admin1.csv,ADM1_PCODE,top_value,10,BDI005,114,0.1251
cod_population_admin1.csv,ADM1_NAME,top_value,1,Central,459,0.5018
cod_population_admin1.csv,ADM1_NAME,top_value,2,South Central,459,0.5018
cod_population_admin1.csv,ADM1_NAME,top_value,3,Northern,371,0.4056
cod_population_admin1.csv,ADM1_NAME,top_value,4,South,312,0.3411
cod_population_admin1.csv,ADM1_NAME,top_value,5,Western,308,0.3367
cod_population_admin1.csv,ADM1_NAME,top_value,6,North,261,0.2853
cod_population_admin1.csv,ADM1_NAME,top_value,7,North Central,258,0.2821
cod_population_admin1.csv,ADM1_NAME,top_value,8,Eastern,254,0.2777
cod_population_admin1.csv,ADM1_NAME,top_value,9,Amazonas,231,0.2525
cod_population_admin1.csv,ADM1_NAME,top_value,10,Southern,191,0.2088
cod_population_admin1.csv,Population_group,top_value,1,T_TL,1882,2.0575
cod_population_admin1.csv,Population_group,top_value,2,F_TL,1814,1.9831
cod_population_admin1.csv,Population_group,top_value,3,M_TL,1814,1.9831
cod_population_admin1.csv,Population_group,top_value,4,T_00_04,1632,1.7842
cod_population_admin1.csv,Population_group,top_value,5,T_05_09,1626,1.7776
cod_population_admin1.csv,Population_group,top_value,6,T_10_14,1626,1.7776
cod_population_admin1.csv,Population_group,top_value,7,T_15_19,1626,1.7776
cod_population_admin1.csv,Population_group,top_value,8,T_20_24,1626,1.7776
cod_population_admin1.csv,Population_group,top_value,9,T_25_29,1626,1.7776
cod_population_admin1.csv,Population_group,top_value,10,T_30_34,1626,1.7776
cod_population_admin1.csv,Gender,top_value,1,all,31127,34.0294
cod_population_admin1.csv,Gender,top_value,2,f,30178,32.9919
cod_population_admin1.csv,Gender,top_value,3,m,30166,32.9788
cod_population_admin1.csv,Age_range,top_value,1,all,5510,6.0238
cod_population_admin1.csv,Age_range,top_value,2,0-4,4819,5.2683
cod_population_admin1.csv,Age_range,top_value,3,10-14,4801,5.2487
cod_population_admin1.csv,Age_range,top_value,4,15-19,4801,5.2487
cod_population_admin1.csv,Age_range,top_value,5,20-24,4798,5.2454
cod_population_admin1.csv,Age_range,top_value,6,25-29,4798,5.2454
cod_population_admin1.csv,Age_range,top_value,7,30-34,4798,5.2454
cod_population_admin1.csv,Age_range,top_value,8,35-39,4798,5.2454
cod_population_admin1.csv,Age_range,top_value,9,40-44,4798,5.2454
cod_population_admin1.csv,Age_range,top_value,10,45-49,4798,5.2454
cod_population_admin1.csv,Age_min,top_value,1,0,5078,5.9073
cod_population_admin1.csv,Age_min,top_value,2,15,4973,5.7852
cod_population_admin1.csv,Age_min,top_value,3,5,4951,5.7596
cod_population_admin1.csv,Age_min,top_value,4,10,4855,5.6479
cod_population_admin1.csv,Age_min,top_value,5,60,4839,5.6293
cod_population_admin1.csv,Age_min,top_value,6,30,4828,5.6165
cod_population_admin1.csv,Age_min,top_value,7,45,4828,5.6165
cod_population_admin1.csv,Age_min,top_value,8,20,4798,5.5816
cod_population_admin1.csv,Age_min,top_value,9,25,4798,5.5816
cod_population_admin1.csv,Age_min,top_value,10,35,4798,5.5816
cod_population_admin1.csv,Age_min,numeric_summary,min,0,85961,100.0
cod_population_admin1.csv,Age_min,numeric_summary,p01,0,85961,100.0
cod_population_admin1.csv,Age_min,numeric_summary,p25,20,85961,100.0
cod_population_admin1.csv,Age_min,numeric_summary,p50,40,85961,100.0
cod_population_admin1.csv,Age_min,numeric_summary,p75,65,85961,100.0
cod_population_admin1.csv,Age_min,numeric_summary,p99,95,85961,100.0
cod_population_admin1.csv,Age_min,numeric_summary,max,100,85961,100.0
cod_population_admin1.csv,Age_min,numeric_summary,mean,41.18,85961,100.0
cod_population_admin1.csv,Age_max,top_value,1,19,4972,6.1342
cod_population_admin1.csv,Age_max,top_value,2,4,4963,6.1231
cod_population_admin1.csv,Age_max,top_value,3,14,4934,6.0873
cod_population_admin1.csv,Age_max,top_value,4,9,4855,5.9898
cod_population_admin1.csv,Age_max,top_value,5,59,4839,5.9701
cod_population_admin1.csv,Age_max,top_value,6,29,4828,5.9565
cod_population_admin1.csv,Age_max,top_value,7,44,4828,5.9565
cod_population_admin1.csv,Age_max,top_value,8,64,4825,5.9528
cod_population_admin1.csv,Age_max,top_value,9,24,4798,5.9195
cod_population_admin1.csv,Age_max,top_value,10,34,4798,5.9195
cod_population_admin1.csv,Age_max,numeric_summary,min,0,81054,100.0
cod_population_admin1.csv,Age_max,numeric_summary,p01,4,81054,100.0
cod_population_admin1.csv,Age_max,numeric_summary,p25,19,81054,100.0
cod_population_admin1.csv,Age_max,numeric_summary,p50,44,81054,100.0
cod_population_admin1.csv,Age_max,numeric_summary,p75,64,81054,100.0
cod_population_admin1.csv,Age_max,numeric_summary,p99,94,81054,100.0
cod_population_admin1.csv,Age_max,numeric_summary,max,99,81054,100.0
cod_population_admin1.csv,Age_max,numeric_summary,mean,42.74,81054,100.0
cod_population_admin1.csv,Population,top_value,1,0,164,0.1793
cod_population_admin1.csv,Population,top_value,2,100,25,0.0273
cod_population_admin1.csv,Population,top_value,3,84,23,0.0251
cod_population_admin1.csv,Population,top_value,4,200,23,0.0251
cod_population_admin1.csv,Population,top_value,5,141,20,0.0219
cod_population_admin1.csv,Population,top_value,6,300,20,0.0219
cod_population_admin1.csv,Population,top_value,7,29,19,0.0208
cod_population_admin1.csv,Population,top_value,8,414,19,0.0208
cod_population_admin1.csv,Population,top_value,9,115,19,0.0208
cod_population_admin1.csv,Population,top_value,10,53,18,0.0197
cod_population_admin1.csv,Population,numeric_summary,min,0,91471,100.0
cod_population_admin1.csv,Population,numeric_summary,p01,64,91471,100.0
cod_population_admin1.csv,Population,numeric_summary,p25,4817.5,91471,100.0
cod_population_admin1.csv,Population,numeric_summary,p50,19943,91471,100.0
cod_population_admin1.csv,Population,numeric_summary,p75,69615,91471,100.0
cod_population_admin1.csv,Population,numeric_summary,p99,1986572,91471,100.0
cod_population_admin1.csv,Population,numeric_summary,max,110012442,91471,100.0
cod_population_admin1.csv,Population,numeric_summary,mean,135662.76,91471,100.0
cod_population_admin1.csv,Reference_year,top_value,1,2022,23889,26.1165
cod_population_admin1.csv,Reference_year,top_value,2,2024,19368,21.1739
cod_population_admin1.csv,Reference_year,top_value,3,2023,14691,16.0608
cod_population_admin1.csv,Reference_year,top_value,4,2020,9018,9.8589
cod_population_admin1.csv,Reference_year,top_value,5,2021,7338,8.0222
cod_population_admin1.csv,Reference_year,top_value,6,2025,4230,4.6244
cod_population_admin1.csv,Reference_year,top_value,7,2019,4119,4.5031
cod_population_admin1.csv,Reference_year,top_value,8,2011,2901,3.1715
cod_population_admin1.csv,Reference_year,top_value,9,2016,2679,2.9288
cod_population_admin1.csv,Reference_year,top_value,10,2010,1173,1.2824
cod_population_admin1.csv,Reference_year,numeric_summary,min,2001,91471,100.0
cod_population_admin1.csv,Reference_year,numeric_summary,p01,2010,91471,100.0
cod_population_admin1.csv,Reference_year,numeric_summary,p25,2021,91471,100.0
cod_population_admin1.csv,Reference_year,numeric_summary,p50,2022,91471,100.0
cod_population_admin1.csv,Reference_year,numeric_summary,p75,2024,91471,100.0
cod_population_admin1.csv,Reference_year,numeric_summary,p99,2025,91471,100.0
cod_population_admin1.csv,Reference_year,numeric_summary,max,2025,91471,100.0
cod_population_admin1.csv,Reference_year,numeric_summary,mean,2021.47,91471,100.0
cod_population_admin1.csv,Source,top_value,1,UNFPA,8064,8.8159
cod_population_admin1.csv,Source,top_value,2,Türkiye İstatistik Kurumu Başkanlığı (TÜİK),4860,5.3132
cod_population_admin1.csv,Source,top_value,3,National Statistics Office of Thailand,4158,4.5457
cod_population_admin1.csv,Source,top_value,4,UNFPA and General Statistics Office of Viet Nam,3402,3.7192
cod_population_admin1.csv,Source,top_value,5,Kenya National Bureau of Statistics: http://www.knbs.or.ke,3102,3.3912
cod_population_admin1.csv,Source,top_value,6,Eurostat,2760,3.0173
cod_population_admin1.csv,Source,top_value,7,Departamento Administrativo Nacional de Estadística (DANE),2178,2.3811
cod_population_admin1.csv,Source,top_value,8,Instituto Nacional de Estadística (INE),2136,2.3352
cod_population_admin1.csv,Source,top_value,9,UNFPA and ISTEEBU,2052,2.2433
cod_population_admin1.csv,Source,top_value,10,Statistical Centre for Iran,2046,2.2368
cod_population_admin1.csv,Contributor,top_value,1,UNFPA,80203,87.6813
cod_population_admin1.csv,Contributor,top_value,2,OCHA Latin America and the Caribbean (ROLAC),3819,4.1751
cod_population_admin1.csv,Contributor,top_value,3,OCHA Middle East and North Africa (ROMENA),2073,2.2663
cod_population_admin1.csv,Contributor,top_value,4,OCHA Venezuela,1080,1.1807
cod_population_admin1.csv,Contributor,top_value,5,OCHA West and Central Africa (ROWCA),1040,1.137
cod_population_admin1.csv,Contributor,top_value,6,OCHA Field Information Services Section (FISS),1038,1.1348
cod_population_admin1.csv,Contributor,top_value,7,OCHA Regional Office for Asia and the Pacific (ROAP),987,1.079
cod_population_admin1.csv,Contributor,top_value,8,OCHA Ethiopia,663,0.7248
cod_population_admin1.csv,Contributor,top_value,9,OCHA Democratic Republic of the Congo (DRC),234,0.2558
cod_population_admin1.csv,Contributor,top_value,10,OCHA Office of the Pacific Islands,192,0.2099
cod_population_admin2.csv,ISO3,top_value,1,BRA,367620,36.7039
cod_population_admin2.csv,ISO3,top_value,2,MEX,141075,14.0852
cod_population_admin2.csv,ISO3,top_value,3,COL,74052,7.3935
cod_population_admin2.csv,ISO3,top_value,4,TUR,58380,5.8288
cod_population_admin2.csv,ISO3,top_value,5,THA,50112,5.0033
cod_population_admin2.csv,ISO3,top_value,6,IDN,26214,2.6173
cod_population_admin2.csv,ISO3,top_value,7,POL,21660,2.1626
cod_population_admin2.csv,ISO3,top_value,8,GTM,16320,1.6294
cod_population_admin2.csv,ISO3,top_value,9,HND,16092,1.6067
cod_population_admin2.csv,ISO3,top_value,10,VEN,15075,1.5051
cod_population_admin2.csv,Country,top_value,1,Brazil,367620,36.7039
cod_population_admin2.csv,Country,top_value,2,Mexico,141075,14.0852
cod_population_admin2.csv,Country,top_value,3,Colombia,74052,7.3935
cod_population_admin2.csv,Country,top_value,4,Türkiye,58380,5.8288
cod_population_admin2.csv,Country,top_value,5,Thailand,50112,5.0033
cod_population_admin2.csv,Country,top_value,6,Indonesia,26214,2.6173
cod_population_admin2.csv,Country,top_value,7,Poland,21660,2.1626
cod_population_admin2.csv,Country,top_value,8,Guatemala,16320,1.6294
cod_population_admin2.csv,Country,top_value,9,Honduras,16092,1.6067
cod_population_admin2.csv,Country,top_value,10,Venezuela (Bolivarian Republic of),15075,1.5051
cod_population_admin2.csv,ADM1_PCODE,top_value,1,BR31,56298,5.6209
cod_population_admin2.csv,ADM1_PCODE,top_value,2,BR35,42570,4.2503
cod_population_admin2.csv,ADM1_PCODE,top_value,3,BR43,32802,3.275
cod_population_admin2.csv,ADM1_PCODE,top_value,4,MX20,32490,3.2439
cod_population_admin2.csv,ADM1_PCODE,top_value,5,BR29,27522,2.7479
cod_population_admin2.csv,ADM1_PCODE,top_value,6,BR41,26334,2.6292
cod_population_admin2.csv,ADM1_PCODE,top_value,7,BR42,19470,1.9439
cod_population_admin2.csv,ADM1_PCODE,top_value,8,BR52,16236,1.621
cod_population_admin2.csv,ADM1_PCODE,top_value,9,BR22,14784,1.4761
cod_population_admin2.csv,ADM1_PCODE,top_value,10,BR25,14718,1.4695
cod_population_admin2.csv,ADM1_NAME,top_value,1,Minas Gerais,56298,5.6209
cod_population_admin2.csv,ADM1_NAME,top_value,2,São Paulo,42570,4.2503
cod_population_admin2.csv,ADM1_NAME,top_value,3,Rio Grande do Sul,32802,3.275
cod_population_admin2.csv,ADM1_NAME,top_value,4,Oaxaca,32490,3.2439
cod_population_admin2.csv,ADM1_NAME,top_value,5,Bahia,27522,2.7479
cod_population_admin2.csv,ADM1_NAME,top_value,6,Paraná,26334,2.6292
cod_population_admin2.csv,ADM1_NAME,top_value,7,Santa Catarina,19470,1.9439
cod_population_admin2.csv,ADM1_NAME,top_value,8,Goiás,16236,1.621
cod_population_admin2.csv,ADM1_NAME,top_value,9,Piauí,14784,1.4761
cod_population_admin2.csv,ADM1_NAME,top_value,10,Paraíba,14718,1.4695
cod_population_admin2.csv,ADM2_PCODE,top_value,1,BDI001001,114,0.0114
cod_population_admin2.csv,ADM2_PCODE,top_value,2,BDI001002,114,0.0114
cod_population_admin2.csv,ADM2_PCODE,top_value,3,BDI001003,114,0.0114
cod_population_admin2.csv,ADM2_PCODE,top_value,4,BDI001004,114,0.0114
cod_population_admin2.csv,ADM2_PCODE,top_value,5,BDI001005,114,0.0114
cod_population_admin2.csv,ADM2_PCODE,top_value,6,BDI017016,114,0.0114
cod_population_admin2.csv,ADM2_PCODE,top_value,7,BDI017015,114,0.0114
cod_population_admin2.csv,ADM2_PCODE,top_value,8,BDI017014,114,0.0114
cod_population_admin2.csv,ADM2_PCODE,top_value,9,BDI002002,114,0.0114
cod_population_admin2.csv,ADM2_PCODE,top_value,10,BDI002003,114,0.0114
cod_population_admin2.csv,ADM2_NAME,top_value,1,Sucre,693,0.0692
cod_population_admin2.csv,ADM2_NAME,top_value,2,Santa Bárbara,579,0.0578
cod_population_admin2.csv,ADM2_NAME,top_value,3,Bolívar,558,0.0557
cod_population_admin2.csv,ADM2_NAME,top_value,4,Guadalupe,492,0.0491
cod_population_admin2.csv,ADM2_NAME,top_value,5,San Francisco,444,0.0443
cod_population_admin2.csv,ADM2_NAME,top_value,6,Santa Ana,435,0.0434
cod_population_admin2.csv,ADM2_NAME,top_value,7,Villanueva,429,0.0428
cod_population_admin2.csv,ADM2_NAME,top_value,8,Santiago,417,0.0416
cod_population_admin2.csv,ADM2_NAME,top_value,9,San Marcos,393,0.0392
cod_population_admin2.csv,ADM2_NAME,top_value,10,Santa Rita,393,0.0392
cod_population_admin2.csv,Population_group,top_value,1,T_TL,19017,1.8987
cod_population_admin2.csv,Population_group,top_value,2,F_TL,18701,1.8671
cod_population_admin2.csv,Population_group,top_value,3,M_TL,18701,1.8671
cod_population_admin2.csv,Population_group,top_value,4,T_00_04,17079,1.7052
cod_population_admin2.csv,Population_group,top_value,5,T_05_09,16812,1.6785
cod_population_admin2.csv,Population_group,top_value,6,T_10_14,16812,1.6785
cod_population_admin2.csv,Population_group,top_value,7,T_15_19,16812,1.6785
cod_population_admin2.csv,Population_group,top_value,8,T_20_24,16812,1.6785
cod_population_admin2.csv,Population_group,top_value,9,T_25_29,16812,1.6785
cod_population_admin2.csv,Population_group,top_value,10,T_30_34,16812,1.6785
cod_population_admin2.csv,Gender,top_value,1,all,336691,33.6159
cod_population_admin2.csv,Gender,top_value,2,f,332446,33.1921
cod_population_admin2.csv,Gender,top_value,3,m,332446,33.1921
cod_population_admin2.csv,Age_range,top_value,1,all,56419,5.633
cod_population_admin2.csv,Age_range,top_value,2,0-4,50749,5.0669
cod_population_admin2.csv,Age_range,top_value,3,5-9,49948,4.9869
cod_population_admin2.csv,Age_range,top_value,4,10-14,49948,4.9869
cod_population_admin2.csv,Age_range,top_value,5,15-19,49948,4.9869
cod_population_admin2.csv,Age_range,top_value,6,20-24,49948,4.9869
cod_population_admin2.csv,Age_range,top_value,7,25-29,49948,4.9869
cod_population_admin2.csv,Age_range,top_value,8,30-34,49948,4.9869
cod_population_admin2.csv,Age_range,top_value,9,35-39,49948,4.9869
cod_population_admin2.csv,Age_range,top_value,10,40-44,49948,4.9869
cod_population_admin2.csv,Age_min,top_value,1,0,51252,5.4226
cod_population_admin2.csv,Age_min,top_value,2,5,51106,5.4071
cod_population_admin2.csv,Age_min,top_value,3,15,50727,5.367
cod_population_admin2.csv,Age_min,top_value,4,10,50305,5.3224
cod_population_admin2.csv,Age_min,top_value,5,60,50021,5.2923
cod_population_admin2.csv,Age_min,top_value,6,20,49948,5.2846
cod_population_admin2.csv,Age_min,top_value,7,25,49948,5.2846
cod_population_admin2.csv,Age_min,top_value,8,30,49948,5.2846
cod_population_admin2.csv,Age_min,top_value,9,35,49948,5.2846
cod_population_admin2.csv,Age_min,top_value,10,40,49948,5.2846
cod_population_admin2.csv,Age_min,numeric_summary,min,0,945164,100.0
cod_population_admin2.csv,Age_min,numeric_summary,p01,0,945164,100.0
cod_population_admin2.csv,Age_min,numeric_summary,p25,20,945164,100.0
cod_population_admin2.csv,Age_min,numeric_summary,p50,45,945164,100.0
cod_population_admin2.csv,Age_min,numeric_summary,p75,65,945164,100.0
cod_population_admin2.csv,Age_min,numeric_summary,p99,100,945164,100.0
cod_population_admin2.csv,Age_min,numeric_summary,max,100,945164,100.0
cod_population_admin2.csv,Age_min,numeric_summary,mean,44.52,945164,100.0
cod_population_admin2.csv,Age_max,top_value,1,19,51148,5.7159
cod_population_admin2.csv,Age_max,top_value,2,4,51106,5.7112
cod_population_admin2.csv,Age_max,top_value,3,14,50451,5.638
cod_population_admin2.csv,Age_max,top_value,4,9,50305,5.6217
cod_population_admin2.csv,Age_max,top_value,5,59,50021,5.59
cod_population_admin2.csv,Age_max,top_value,6,24,49948,5.5818
cod_population_admin2.csv,Age_max,top_value,7,29,49948,5.5818
cod_population_admin2.csv,Age_max,top_value,8,34,49948,5.5818
cod_population_admin2.csv,Age_max,top_value,9,39,49948,5.5818
cod_population_admin2.csv,Age_max,top_value,10,44,49948,5.5818
cod_population_admin2.csv,Age_max,numeric_summary,min,0,894836,100.0
cod_population_admin2.csv,Age_max,numeric_summary,p01,4,894836,100.0
cod_population_admin2.csv,Age_max,numeric_summary,p25,24,894836,100.0
cod_population_admin2.csv,Age_max,numeric_summary,p50,44,894836,100.0
cod_population_admin2.csv,Age_max,numeric_summary,p75,69,894836,100.0
cod_population_admin2.csv,Age_max,numeric_summary,p99,99,894836,100.0
cod_population_admin2.csv,Age_max,numeric_summary,max,99,894836,100.0
cod_population_admin2.csv,Age_max,numeric_summary,mean,46.05,894836,100.0
cod_population_admin2.csv,Population,top_value,1,4,3492,0.3486
cod_population_admin2.csv,Population,top_value,2,6,2823,0.2819
cod_population_admin2.csv,Population,top_value,3,10,2384,0.238
cod_population_admin2.csv,Population,top_value,4,9,2338,0.2334
cod_population_admin2.csv,Population,top_value,5,15,1934,0.1931
cod_population_admin2.csv,Population,top_value,6,14,1875,0.1872
cod_population_admin2.csv,Population,top_value,7,16,1772,0.1769
cod_population_admin2.csv,Population,top_value,8,25,1579,0.1577
cod_population_admin2.csv,Population,top_value,9,26,1520,0.1518
cod_population_admin2.csv,Population,top_value,10,27,1473,0.1471
cod_population_admin2.csv,Population,numeric_summary,min,0,1001583,100.0
cod_population_admin2.csv,Population,numeric_summary,p01,1,1001583,100.0
cod_population_admin2.csv,Population,numeric_summary,p25,183,1001583,100.0
cod_population_admin2.csv,Population,numeric_summary,p50,683,1001583,100.0
cod_population_admin2.csv,Population,numeric_summary,p75,2733,1001583,100.0
cod_population_admin2.csv,Population,numeric_summary,p99,142539.52,1001583,100.0
cod_population_admin2.csv,Population,numeric_summary,max,18113283,1001583,100.0
cod_population_admin2.csv,Population,numeric_summary,mean,9046.13,1001583,100.0
cod_population_admin2.csv,Reference_year,top_value,1,2022,462306,46.1575
cod_population_admin2.csv,Reference_year,top_value,2,2024,244179,24.3793
cod_population_admin2.csv,Reference_year,top_value,3,2023,93891,9.3743
cod_population_admin2.csv,Reference_year,top_value,4,2025,87066,8.6928
cod_population_admin2.csv,Reference_year,top_value,5,2020,56957,5.6867
cod_population_admin2.csv,Reference_year,top_value,6,2021,15864,1.5839
cod_population_admin2.csv,Reference_year,top_value,7,2011,15336,1.5312
cod_population_admin2.csv,Reference_year,top_value,8,2014,6215,0.6205
cod_population_admin2.csv,Reference_year,top_value,9,2010,5394,0.5385
cod_population_admin2.csv,Reference_year,top_value,10,2016,5247,0.5239
cod_population_admin2.csv,Reference_year,numeric_summary,min,2001,1001583,100.0
cod_population_admin2.csv,Reference_year,numeric_summary,p01,2011,1001583,100.0
cod_population_admin2.csv,Reference_year,numeric_summary,p25,2022,1001583,100.0
cod_population_admin2.csv,Reference_year,numeric_summary,p50,2022,1001583,100.0
cod_population_admin2.csv,Reference_year,numeric_summary,p75,2024,1001583,100.0
cod_population_admin2.csv,Reference_year,numeric_summary,p99,2025,1001583,100.0
cod_population_admin2.csv,Reference_year,numeric_summary,max,2025,1001583,100.0
cod_population_admin2.csv,Reference_year,numeric_summary,mean,2022.34,1001583,100.0
cod_population_admin2.csv,Source,top_value,1,Instituto Brasileiro de Geografia e Estatística (IBGE),367620,36.7039
cod_population_admin2.csv,Source,top_value,2,UNFPA and Consejo Nacional de Población,141075,14.0852
cod_population_admin2.csv,Source,top_value,3,Departamento Administrativo Nacional de Estadística (DANE),74052,7.3935
cod_population_admin2.csv,Source,top_value,4,Türkiye İstatistik Kurumu Başkanlığı (TÜİK),58380,5.8288
cod_population_admin2.csv,Source,top_value,5,National Statistics Office of Thailand,50112,5.0033
cod_population_admin2.csv,Source,top_value,6,UNFPA,48516,4.8439
cod_population_admin2.csv,Source,top_value,7,Instituto Nacional de Estadística (INE),31395,3.1345
cod_population_admin2.csv,Source,top_value,8,Eurostat,24432,2.4393
cod_population_admin2.csv,Source,top_value,9,Instituto Nacional de Estadística - INE,16092,1.6067
cod_population_admin2.csv,Source,top_value,10,UNFPA and ISTEEBU,13566,1.3545
cod_population_admin2.csv,Contributor,top_value,1,UNFPA,952125,95.062
cod_population_admin2.csv,Contributor,top_value,2,OCHA Venezuela,15075,1.5051
cod_population_admin2.csv,Contributor,top_value,3,OCHA Latin America and the Caribbean (ROLAC),8544,0.853
cod_population_admin2.csv,Contributor,top_value,4,OCHA Field Information Services Section (FISS),7464,0.7452
cod_population_admin2.csv,Contributor,top_value,5,OCHA West and Central Africa (ROWCA),4922,0.4914
cod_population_admin2.csv,Contributor,top_value,6,OCHA Ethiopia,4692,0.4685
cod_population_admin2.csv,Contributor,top_value,7,OCHA Office of the Pacific Islands,3600,0.3594
cod_population_admin2.csv,Contributor,top_value,8,OCHA Democratic Republic of the Congo (DRC),1701,0.1698
cod_population_admin2.csv,Contributor,top_value,9,OCHA Regional Office for Asia and the Pacific (ROAP),1476,0.1474
cod_population_admin2.csv,Contributor,top_value,10,OCHA Middle East and North Africa (ROMENA),1340,0.1338
cod_population_admin3.csv,ISO3,top_value,1,ETH,55284,22.8482
cod_population_admin3.csv,ISO3,top_value,2,BGD,29376,12.1407
cod_population_admin3.csv,ISO3,top_value,3,BWA,28026,11.5828
cod_population_admin3.csv,ISO3,top_value,4,CRI,24378,10.0751
cod_population_admin3.csv,ISO3,top_value,5,RWA,22464,9.2841
cod_population_admin3.csv,ISO3,top_value,6,CHL,18684,7.7219
cod_population_admin3.csv,ISO3,top_value,7,SLV,14364,5.9365
cod_population_admin3.csv,ISO3,top_value,8,NER,14364,5.9365
cod_population_admin3.csv,ISO3,top_value,9,CIV,10200,4.2155
cod_population_admin3.csv,ISO3,top_value,10,SLB,9882,4.0841
cod_population_admin3.csv,Country,top_value,1,Ethiopia,55284,22.8482
cod_population_admin3.csv,Country,top_value,2,Bangladesh,29376,12.1407
cod_population_admin3.csv,Country,top_value,3,Botswana,28026,11.5828
cod_population_admin3.csv,Country,top_value,4,Costa Rica,24378,10.0751
cod_population_admin3.csv,Country,top_value,5,Rwanda,22464,9.2841
cod_population_admin3.csv,Country,top_value,6,Chile,18684,7.7219
cod_population_admin3.csv,Country,top_value,7,El Salvador,14364,5.9365
cod_population_admin3.csv,Country,top_value,8,Niger,14364,5.9365
cod_population_admin3.csv,Country,top_value,9,Côte d'Ivoire,10200,4.2155
cod_population_admin3.csv,Country,top_value,10,Solomon Islands,9882,4.0841
cod_population_admin3.csv,ADM1_PCODE,top_value,1,ET04,17136,7.0821
cod_population_admin3.csv,ADM1_PCODE,top_value,2,ET03,11169,4.616
cod_population_admin3.csv,ADM1_PCODE,top_value,3,BW12,8586,3.5485
cod_population_admin3.csv,ADM1_PCODE,top_value,4,ET07,7497,3.0984
cod_population_admin3.csv,ADM1_PCODE,top_value,5,BD30,6966,2.879
cod_population_admin3.csv,ADM1_PCODE,top_value,6,CR1,6171,2.5504
cod_population_admin3.csv,ADM1_PCODE,top_value,7,BD20,5994,2.4772
cod_population_admin3.csv,ADM1_PCODE,top_value,8,CR2,5763,2.3818
cod_population_admin3.csv,ADM1_PCODE,top_value,9,RW2,5454,2.2541
cod_population_admin3.csv,ADM1_PCODE,top_value,10,RW3,5184,2.1425
cod_population_admin3.csv,ADM1_NAME,top_value,1,Oromia,17136,7.0821
cod_population_admin3.csv,ADM1_NAME,top_value,2,Amhara,11169,4.616
cod_population_admin3.csv,ADM1_NAME,top_value,3,Central,10485,4.3333
cod_population_admin3.csv,ADM1_NAME,top_value,4,SNNP,7497,3.0984
cod_population_admin3.csv,ADM1_NAME,top_value,5,Dhaka,6966,2.879
cod_population_admin3.csv,ADM1_NAME,top_value,6,Southern,6048,2.4996
cod_population_admin3.csv,ADM1_NAME,top_value,7,Chittagong,5994,2.4772
cod_population_admin3.csv,ADM1_NAME,top_value,8,Alajuela,5763,2.3818
cod_population_admin3.csv,ADM1_NAME,top_value,9,Southern Province,5454,2.2541
cod_population_admin3.csv,ADM1_NAME,top_value,10,Western Province,5226,2.1598
cod_population_admin3.csv,ADM2_PCODE,top_value,1,BW0802,2646,1.0936
cod_population_admin3.csv,ADM2_PCODE,top_value,2,BD3026,2484,1.0266
cod_population_admin3.csv,ADM2_PCODE,top_value,3,BW1201,2430,1.0043
cod_population_admin3.csv,ADM2_PCODE,top_value,4,BW1301,2430,1.0043
cod_population_admin3.csv,ADM2_PCODE,top_value,5,BW1205,2268,0.9373
cod_population_admin3.csv,ADM2_PCODE,top_value,6,BW1202,2052,0.8481
cod_population_admin3.csv,ADM2_PCODE,top_value,7,ET1600,1887,0.7799
cod_population_admin3.csv,ADM2_PCODE,top_value,8,BW1001,1836,0.7588
cod_population_admin3.csv,ADM2_PCODE,top_value,9,BW1402,1728,0.7142
cod_population_admin3.csv,ADM2_PCODE,top_value,10,BW0801,1728,0.7142
cod_population_admin3.csv,ADM2_NAME,top_value,1,Barolong,2646,1.0936
cod_population_admin3.csv,ADM2_NAME,top_value,2,Dhaka,2484,1.0266
cod_population_admin3.csv,ADM2_NAME,top_value,3,Southern,2442,1.0092
cod_population_admin3.csv,ADM2_NAME,top_value,4,Serowe Palapye,2430,1.0043
cod_population_admin3.csv,ADM2_NAME,top_value,5,North East,2430,1.0043
cod_population_admin3.csv,ADM2_NAME,top_value,6,Tutume,2268,0.9373
cod_population_admin3.csv,ADM2_NAME,top_value,7,Mahalapye,2052,0.8481
cod_population_admin3.csv,ADM2_NAME,top_value,8,Sidama,1887,0.7799
cod_population_admin3.csv,ADM2_NAME,top_value,9,Kweneng East,1836,0.7588
cod_population_admin3.csv,ADM2_NAME,top_value,10,Ngamiland West,1728,0.7142
cod_population_admin3.csv,ADM3_PCODE,top_value,1,SV04002004,162,0.067
cod_population_admin3.csv,ADM3_PCODE,top_value,2,SV01002003,108,0.0446
cod_population_admin3.csv,ADM3_PCODE,top_value,3,SV02001003,108,0.0446
cod_population_admin3.csv,ADM3_PCODE,top_value,4,SV03001006,108,0.0446
cod_population_admin3.csv,ADM3_PCODE,top_value,5,SV03001008,108,0.0446
cod_population_admin3.csv,ADM3_PCODE,top_value,6,SV04002003,108,0.0446
cod_population_admin3.csv,ADM3_PCODE,top_value,7,SV11001007,108,0.0446
cod_population_admin3.csv,ADM3_PCODE,top_value,8,FJ20101,63,0.026
cod_population_admin3.csv,ADM3_PCODE,top_value,9,FJ20102,63,0.026
cod_population_admin3.csv,ADM3_PCODE,top_value,10,FJ20103,63,0.026
cod_population_admin3.csv,ADM3_NAME,top_value,1,San Rafael,774,0.3199
cod_population_admin3.csv,ADM3_NAME,top_value,2,San Isidro,567,0.2343
cod_population_admin3.csv,ADM3_NAME,top_value,3,San Antonio,516,0.2133
cod_population_admin3.csv,ADM3_NAME,top_value,4,San Pedro,411,0.1699
cod_population_admin3.csv,ADM3_NAME,top_value,5,Concepción,360,0.1488
cod_population_admin3.csv,ADM3_NAME,top_value,6,San José,360,0.1488
cod_population_admin3.csv,ADM3_NAME,top_value,7,San Juan,357,0.1475
cod_population_admin3.csv,ADM3_NAME,top_value,8,San Miguel,312,0.1289
cod_population_admin3.csv,ADM3_NAME,top_value,9,San Pablo,309,0.1277
cod_population_admin3.csv,ADM3_NAME,top_value,10,Santiago,309,0.1277
cod_population_admin3.csv,Population_group,top_value,1,T_TL,8267,3.4167
cod_population_admin3.csv,Population_group,top_value,2,F_TL,6255,2.5851
cod_population_admin3.csv,Population_group,top_value,3,M_TL,6255,2.5851
cod_population_admin3.csv,Population_group,top_value,4,T_00_04,4865,2.0106
cod_population_admin3.csv,Population_group,top_value,5,T_05_09,4865,2.0106
cod_population_admin3.csv,Population_group,top_value,6,T_10_14,4865,2.0106
cod_population_admin3.csv,Population_group,top_value,7,T_15_19,4865,2.0106
cod_population_admin3.csv,Population_group,top_value,8,T_20_24,4865,2.0106
cod_population_admin3.csv,Population_group,top_value,9,T_25_29,4865,2.0106
cod_population_admin3.csv,Population_group,top_value,10,T_30_34,4865,2.0106
cod_population_admin3.csv,Gender,top_value,1,all,89668,37.0587
cod_population_admin3.csv,Gender,top_value,2,f,76147,31.4706
cod_population_admin3.csv,Gender,top_value,3,m,76147,31.4706
cod_population_admin3.csv,Age_range,top_value,1,all,20777,8.5869
cod_population_admin3.csv,Age_range,top_value,2,0-4,13241,5.4723
cod_population_admin3.csv,Age_range,top_value,3,5-9,13241,5.4723
cod_population_admin3.csv,Age_range,top_value,4,10-14,13241,5.4723
cod_population_admin3.csv,Age_range,top_value,5,15-19,13241,5.4723
cod_population_admin3.csv,Age_range,top_value,6,20-24,13241,5.4723
cod_population_admin3.csv,Age_range,top_value,7,25-29,13241,5.4723
cod_population_admin3.csv,Age_range,top_value,8,30-34,13241,5.4723
cod_population_admin3.csv,Age_range,top_value,9,35-39,13241,5.4723
cod_population_admin3.csv,Age_range,top_value,10,40-44,13241,5.4723
cod_population_admin3.csv,Age_min,top_value,1,15,16493,7.4567
cod_population_admin3.csv,Age_min,top_value,2,0,13241,5.9864
cod_population_admin3.csv,Age_min,top_value,3,5,13241,5.9864
cod_population_admin3.csv,Age_min,top_value,4,10,13241,5.9864
cod_population_admin3.csv,Age_min,top_value,5,20,13241,5.9864
cod_population_admin3.csv,Age_min,top_value,6,25,13241,5.9864
cod_population_admin3.csv,Age_min,top_value,7,30,13241,5.9864
cod_population_admin3.csv,Age_min,top_value,8,35,13241,5.9864
cod_population_admin3.csv,Age_min,top_value,9,40,13241,5.9864
cod_population_admin3.csv,Age_min,top_value,10,45,13241,5.9864
cod_population_admin3.csv,Age_min,numeric_summary,min,0,221185,100.0
cod_population_admin3.csv,Age_min,numeric_summary,p01,0,221185,100.0
cod_population_admin3.csv,Age_min,numeric_summary,p25,15,221185,100.0
cod_population_admin3.csv,Age_min,numeric_summary,p50,35,221185,100.0
cod_population_admin3.csv,Age_min,numeric_summary,p75,60,221185,100.0
cod_population_admin3.csv,Age_min,numeric_summary,p99,80,221185,100.0
cod_population_admin3.csv,Age_min,numeric_summary,max,95,221185,100.0
cod_population_admin3.csv,Age_min,numeric_summary,mean,37.68,221185,100.0
cod_population_admin3.csv,Age_max,top_value,1,19,16493,7.9315
cod_population_admin3.csv,Age_max,top_value,2,4,13241,6.3676
cod_population_admin3.csv,Age_max,top_value,3,9,13241,6.3676
cod_population_admin3.csv,Age_max,top_value,4,14,13241,6.3676
cod_population_admin3.csv,Age_max,top_value,5,24,13241,6.3676
cod_population_admin3.csv,Age_max,top_value,6,29,13241,6.3676
cod_population_admin3.csv,Age_max,top_value,7,34,13241,6.3676
cod_population_admin3.csv,Age_max,top_value,8,39,13241,6.3676
cod_population_admin3.csv,Age_max,top_value,9,44,13241,6.3676
cod_population_admin3.csv,Age_max,top_value,10,49,13241,6.3676
cod_population_admin3.csv,Age_max,numeric_summary,min,4,207944,100.0
cod_population_admin3.csv,Age_max,numeric_summary,p01,4,207944,100.0
cod_population_admin3.csv,Age_max,numeric_summary,p25,19,207944,100.0
cod_population_admin3.csv,Age_max,numeric_summary,p50,39,207944,100.0
cod_population_admin3.csv,Age_max,numeric_summary,p75,59,207944,100.0
cod_population_admin3.csv,Age_max,numeric_summary,p99,79,207944,100.0
cod_population_admin3.csv,Age_max,numeric_summary,max,94,207944,100.0
cod_population_admin3.csv,Age_max,numeric_summary,mean,39.16,207944,100.0
cod_population_admin3.csv,Population,top_value,1,43,404,0.167
cod_population_admin3.csv,Population,top_value,2,66,355,0.1467
cod_population_admin3.csv,Population,top_value,3,63,354,0.1463
cod_population_admin3.csv,Population,top_value,4,74,310,0.1281
cod_population_admin3.csv,Population,top_value,5,80,277,0.1145
cod_population_admin3.csv,Population,top_value,6,106,254,0.105
cod_population_admin3.csv,Population,top_value,7,104,244,0.1008
cod_population_admin3.csv,Population,top_value,8,109,242,0.1
cod_population_admin3.csv,Population,top_value,9,114,241,0.0996
cod_population_admin3.csv,Population,top_value,10,95,239,0.0988
cod_population_admin3.csv,Population,numeric_summary,min,0,241962,100.0
cod_population_admin3.csv,Population,numeric_summary,p01,3,241962,100.0
cod_population_admin3.csv,Population,numeric_summary,p25,200,241962,100.0
cod_population_admin3.csv,Population,numeric_summary,p50,1033,241962,100.0
cod_population_admin3.csv,Population,numeric_summary,p75,4664.75,241962,100.0
cod_population_admin3.csv,Population,numeric_summary,p99,111586.55,241962,100.0
cod_population_admin3.csv,Population,numeric_summary,max,6791708,241962,100.0
cod_population_admin3.csv,Population,numeric_summary,mean,7408.11,241962,100.0
cod_population_admin3.csv,Reference_year,top_value,1,2022,103344,42.7108
cod_population_admin3.csv,Reference_year,top_value,2,2023,60372,24.951
cod_population_admin3.csv,Reference_year,top_value,3,2024,28728,11.8729
cod_population_admin3.csv,Reference_year,top_value,4,2021,24858,10.2735
cod_population_admin3.csv,Reference_year,top_value,5,2019,10278,4.2478
cod_population_admin3.csv,Reference_year,top_value,6,2017,5851,2.4181
cod_population_admin3.csv,Reference_year,top_value,7,2018,3682,1.5217
cod_population_admin3.csv,Reference_year,top_value,8,2020,3340,1.3804
cod_population_admin3.csv,Reference_year,top_value,9,2011,978,0.4042
cod_population_admin3.csv,Reference_year,top_value,10,2015,531,0.2195
cod_population_admin3.csv,Reference_year,numeric_summary,min,2011,241962,100.0
cod_population_admin3.csv,Reference_year,numeric_summary,p01,2017,241962,100.0
cod_population_admin3.csv,Reference_year,numeric_summary,p25,2022,241962,100.0
cod_population_admin3.csv,Reference_year,numeric_summary,p50,2022,241962,100.0
cod_population_admin3.csv,Reference_year,numeric_summary,p75,2023,241962,100.0
cod_population_admin3.csv,Reference_year,numeric_summary,p99,2024,241962,100.0
cod_population_admin3.csv,Reference_year,numeric_summary,max,2024,241962,100.0
cod_population_admin3.csv,Reference_year,numeric_summary,mean,2021.99,241962,100.0
cod_population_admin3.csv,Source,top_value,1,Central Statistics Agency (CSA),55284,22.8482
cod_population_admin3.csv,Source,top_value,2,UNFPA and US Census Bureau (USCB),29376,12.1407
cod_population_admin3.csv,Source,top_value,3,UNFPA,28026,11.5828
cod_population_admin3.csv,Source,top_value,4,Costa Rica National Statistics Office (NSO),24378,10.0751
cod_population_admin3.csv,Source,top_value,5,United States Census Bureau,22464,9.2841
cod_population_admin3.csv,Source,top_value,6,UNFPA and Instituto Nacional de Estadísticas de Chile (INE),18684,7.7219
cod_population_admin3.csv,Source,top_value,7,El Salvador UNFPA country office and Dirección General de Estarística y Censos (DIGESTYC),14364,5.9365
cod_population_admin3.csv,Source,top_value,8,National Institute of Statistics,14364,5.9365
cod_population_admin3.csv,Source,top_value,9,Institut National de la Statistique (INS) _ Projection UNFPA,10200,4.2155
cod_population_admin3.csv,Source,top_value,10,"Solomon Islands National Statistics Office (SINSO), 2009 Census of Population and Housing",9882,4.0841
cod_population_admin3.csv,Contributor,top_value,1,UNFPA,162018,66.9601
cod_population_admin3.csv,Contributor,top_value,2,OCHA Ethiopia,55284,22.8482
cod_population_admin3.csv,Contributor,top_value,3,OCHA West and Central Africa (ROWCA),13540,5.5959
cod_population_admin3.csv,Contributor,top_value,4,OCHA Regional Office for Asia and the Pacific (ROAP),5418,2.2392
cod_population_admin3.csv,Contributor,top_value,5,OCHA Mali,2103,0.8691
cod_population_admin3.csv,Contributor,top_value,6,OCHA Regional Office for Southern and Eastern Africa (ROSEA),1657,0.6848
cod_population_admin3.csv,Contributor,top_value,7,OCHA Field Information Services Section (FISS),1411,0.5831
cod_population_admin3.csv,Contributor,top_value,8,OCHA Central African Republic,531,0.2195
cod_population_admin4.csv,ISO3,top_value,1,MDG,17465,100.0
cod_population_admin4.csv,Country,top_value,1,Madagascar,17465,100.0
cod_population_admin4.csv,ADM1_PCODE,top_value,1,MG11,1660,9.5047
cod_population_admin4.csv,ADM1_PCODE,top_value,2,MG51,1527,8.7432
cod_population_admin4.csv,ADM1_PCODE,top_value,3,MG42,1329,7.6095
cod_population_admin4.csv,ADM1_PCODE,top_value,4,MG23,1323,7.5752
cod_population_admin4.csv,ADM1_PCODE,top_value,5,MG31,1075,6.1552
cod_population_admin4.csv,ADM1_PCODE,top_value,6,MG52,1039,5.949
cod_population_admin4.csv,ADM1_PCODE,top_value,7,MG12,998,5.7143
cod_population_admin4.csv,ADM1_PCODE,top_value,8,MG72,808,4.6264
cod_population_admin4.csv,ADM1_PCODE,top_value,9,MG21,787,4.5062
cod_population_admin4.csv,ADM1_PCODE,top_value,10,MG22,785,4.4947
cod_population_admin4.csv,ADM1_NAME,top_value,1,Analamanga,1660,9.5047
cod_population_admin4.csv,ADM1_NAME,top_value,2,Atsimo Andrefana,1527,8.7432
cod_population_admin4.csv,ADM1_NAME,top_value,3,Sofia,1329,7.6095
cod_population_admin4.csv,ADM1_NAME,top_value,4,Vatovavy Fitovinany,1323,7.5752
cod_population_admin4.csv,ADM1_NAME,top_value,5,Atsinanana,1075,6.1552
cod_population_admin4.csv,ADM1_NAME,top_value,6,Androy,1039,5.949
cod_population_admin4.csv,ADM1_NAME,top_value,7,Vakinankaratra,998,5.7143
cod_population_admin4.csv,ADM1_NAME,top_value,8,Sava,808,4.6264
cod_population_admin4.csv,ADM1_NAME,top_value,9,Haute Matsiatra,787,4.5062
cod_population_admin4.csv,ADM1_NAME,top_value,10,Amoron I Mania,785,4.4947
cod_population_admin4.csv,ADM2_PCODE,top_value,1,MG52516,456,2.6109
cod_population_admin4.csv,ADM2_PCODE,top_value,2,MG51506,396,2.2674
cod_population_admin4.csv,ADM2_PCODE,top_value,3,MG51507,382,2.1872
cod_population_admin4.csv,ADM2_PCODE,top_value,4,MG72711,340,1.9468
cod_population_admin4.csv,ADM2_PCODE,top_value,5,MG23210,322,1.8437
cod_population_admin4.csv,ADM2_PCODE,top_value,6,MG11103,313,1.7922
cod_population_admin4.csv,ADM2_PCODE,top_value,7,MG11106,310,1.775
cod_population_admin4.csv,ADM2_PCODE,top_value,8,MG22204,302,1.7292
cod_population_admin4.csv,ADM2_PCODE,top_value,9,MG25213,301,1.7234
cod_population_admin4.csv,ADM2_PCODE,top_value,10,MG51520,296,1.6948
cod_population_admin4.csv,ADM2_NAME,top_value,1,Ambovombe-Androy,456,2.6109
cod_population_admin4.csv,ADM2_NAME,top_value,2,Betioky Atsimo,396,2.2674
cod_population_admin4.csv,ADM2_NAME,top_value,3,Ampanihy Ouest,382,2.1872
cod_population_admin4.csv,ADM2_NAME,top_value,4,Sambava,340,1.9468
cod_population_admin4.csv,ADM2_NAME,top_value,5,Manakara Atsimo,322,1.8437
cod_population_admin4.csv,ADM2_NAME,top_value,6,Ambohidratrimo,313,1.7922
cod_population_admin4.csv,ADM2_NAME,top_value,7,Manjakandriana,310,1.775
cod_population_admin4.csv,ADM2_NAME,top_value,8,Fandriana,302,1.7292
cod_population_admin4.csv,ADM2_NAME,top_value,9,Farafangana,301,1.7234
cod_population_admin4.csv,ADM2_NAME,top_value,10,Toliary-II,296,1.6948
cod_population_admin4.csv,ADM3_PCODE,top_value,1,MG52516011,62,0.355
cod_population_admin4.csv,ADM3_PCODE,top_value,2,MG12114010,59,0.3378
cod_population_admin4.csv,ADM3_PCODE,top_value,3,MG51507290,56,0.3206
cod_population_admin4.csv,ADM3_PCODE,top_value,4,MG51507150,49,0.2806
cod_population_admin4.csv,ADM3_PCODE,top_value,5,MG51507310,46,0.2634
cod_population_admin4.csv,ADM3_PCODE,top_value,6,MG52514011,46,0.2634
cod_population_admin4.csv,ADM3_PCODE,top_value,7,MG11101001,44,0.2519
cod_population_admin4.csv,ADM3_PCODE,top_value,8,MG22204010,43,0.2462
cod_population_admin4.csv,ADM3_PCODE,top_value,9,MG51506330,43,0.2462
cod_population_admin4.csv,ADM3_PCODE,top_value,10,MG22204191,41,0.2348
cod_population_admin4.csv,ADM3_NAME,top_value,1,Fiadanana,79,0.4523
cod_population_admin4.csv,ADM3_NAME,top_value,2,Morafeno,72,0.4123
cod_population_admin4.csv,ADM3_NAME,top_value,3,Antanifotsy,71,0.4065
cod_population_admin4.csv,ADM3_NAME,top_value,4,Ambovombe,62,0.355
cod_population_admin4.csv,ADM3_NAME,top_value,5,Soavina,56,0.3206
cod_population_admin4.csv,ADM3_NAME,top_value,6,Fotadrevo,56,0.3206
cod_population_admin4.csv,ADM3_NAME,top_value,7,Tsaratanana,52,0.2977
cod_population_admin4.csv,ADM3_NAME,top_value,8,Marovato,52,0.2977
cod_population_admin4.csv,ADM3_NAME,top_value,9,Ejeda,49,0.2806
cod_population_admin4.csv,ADM3_NAME,top_value,10,Mahazoarivo,48,0.2748
cod_population_admin4.csv,ADM4_PCODE,top_value,1,MG11101001001,1,0.0057
cod_population_admin4.csv,ADM4_PCODE,top_value,2,MG11101001002,1,0.0057
cod_population_admin4.csv,ADM4_PCODE,top_value,3,MG11101001003,1,0.0057
cod_population_admin4.csv,ADM4_PCODE,top_value,4,MG11101001004,1,0.0057
cod_population_admin4.csv,ADM4_PCODE,top_value,5,MG11101001005,1,0.0057
cod_population_admin4.csv,ADM4_PCODE,top_value,6,MG11101001006,1,0.0057
cod_population_admin4.csv,ADM4_PCODE,top_value,7,MG11101001007,1,0.0057
cod_population_admin4.csv,ADM4_PCODE,top_value,8,MG11101001008,1,0.0057
cod_population_admin4.csv,ADM4_PCODE,top_value,9,MG11101001009,1,0.0057
cod_population_admin4.csv,ADM4_PCODE,top_value,10,MG11101001010,1,0.0057
cod_population_admin4.csv,ADM4_NAME,top_value,1,Morafeno,81,0.4638
cod_population_admin4.csv,ADM4_NAME,top_value,2,Ambodimanga,58,0.3321
cod_population_admin4.csv,ADM4_NAME,top_value,3,Tanambao,52,0.2977
cod_population_admin4.csv,ADM4_NAME,top_value,4,Morarano,50,0.2863
cod_population_admin4.csv,ADM4_NAME,top_value,5,Ambohibary,46,0.2634
cod_population_admin4.csv,ADM4_NAME,top_value,6,Antanandava,45,0.2577
cod_population_admin4.csv,ADM4_NAME,top_value,7,Antanambao,44,0.2519
cod_population_admin4.csv,ADM4_NAME,top_value,8,Mahatsinjo,42,0.2405
cod_population_admin4.csv,ADM4_NAME,top_value,9,Tsarahonenana,40,0.229
cod_population_admin4.csv,ADM4_NAME,top_value,10,Ambohimandroso,40,0.229
cod_population_admin4.csv,Population_group,top_value,1,T_TL,17465,100.0
cod_population_admin4.csv,Gender,top_value,1,all,17465,100.0
cod_population_admin4.csv,Age_range,top_value,1,all,17465,100.0
cod_population_admin4.csv,Population,top_value,1,535,33,0.1889
cod_population_admin4.csv,Population,top_value,2,573,32,0.1832
cod_population_admin4.csv,Population,top_value,3,955,31,0.1775
cod_population_admin4.csv,Population,top_value,4,828,31,0.1775
cod_population_admin4.csv,Population,top_value,5,1082,31,0.1775
cod_population_admin4.csv,Population,top_value,6,509,30,0.1718
cod_population_admin4.csv,Population,top_value,7,652,30,0.1718
cod_population_admin4.csv,Population,top_value,8,1180,30,0.1718
cod_population_admin4.csv,Population,top_value,9,1241,29,0.166
cod_population_admin4.csv,Population,top_value,10,637,29,0.166
cod_population_admin4.csv,Population,numeric_summary,min,79,17465,100.0
cod_population_admin4.csv,Population,numeric_summary,p01,255,17465,100.0
cod_population_admin4.csv,Population,numeric_summary,p25,712,17465,100.0
cod_population_admin4.csv,Population,numeric_summary,p50,1124,17465,100.0
cod_population_admin4.csv,Population,numeric_summary,p75,1716,17465,100.0
cod_population_admin4.csv,Population,numeric_summary,p99,8687.88,17465,100.0
cod_population_admin4.csv,Population,numeric_summary,max,35286,17465,100.0
cod_population_admin4.csv,Population,numeric_summary,mean,1528.55,17465,100.0
cod_population_admin4.csv,Reference_year,top_value,1,2018,17465,100.0
cod_population_admin4.csv,Reference_year,numeric_summary,min,2018,17465,100.0
cod_population_admin4.csv,Reference_year,numeric_summary,p01,2018,17465,100.0
cod_population_admin4.csv,Reference_year,numeric_summary,p25,2018,17465,100.0
cod_population_admin4.csv,Reference_year,numeric_summary,p50,2018,17465,100.0
cod_population_admin4.csv,Reference_year,numeric_summary,p75,2018,17465,100.0
cod_population_admin4.csv,Reference_year,numeric_summary,p99,2018,17465,100.0
cod_population_admin4.csv,Reference_year,numeric_summary,max,2018,17465,100.0
cod_population_admin4.csv,Reference_year,numeric_summary,mean,2018,17465,100.0
cod_population_admin4.csv,Source,top_value,1,INSTAT / Madagascar BNGRC (National Disaster Management Agency ) 2009 population data,17465,100.0
cod_population_admin4.csv,Contributor,top_value,1,OCHA Regional Office for Southern and Eastern Africa (ROSEA),17465,100.0
fts_incoming_funding_global.csv,date,top_value,1,2025-07-29,801,10.025
fts_incoming_funding_global.csv,date,top_value,2,2026-04-14,721,9.0238
fts_incoming_funding_global.csv,date,top_value,3,2026-02-16,404,5.0563
fts_incoming_funding_global.csv,date,top_value,4,2026-04-15,315,3.9424
fts_incoming_funding_global.csv,date,top_value,5,2026-03-24,288,3.6045
fts_incoming_funding_global.csv,date,top_value,6,2026-03-12,228,2.8536
fts_incoming_funding_global.csv,date,top_value,7,2025-12-03,125,1.5645
fts_incoming_funding_global.csv,date,top_value,8,2026-04-10,117,1.4643
fts_incoming_funding_global.csv,date,top_value,9,2025-12-18,117,1.4643
fts_incoming_funding_global.csv,date,top_value,10,2026-03-25,106,1.3267
fts_incoming_funding_global.csv,budgetYear,top_value,1,2025,3156,42.9622
fts_incoming_funding_global.csv,budgetYear,top_value,2,2026,2846,38.7422
fts_incoming_funding_global.csv,budgetYear,top_value,3,2024,953,12.973
fts_incoming_funding_global.csv,budgetYear,top_value,4,2023,258,3.5121
fts_incoming_funding_global.csv,budgetYear,top_value,5,2022,107,1.4566
fts_incoming_funding_global.csv,budgetYear,top_value,6,2021,8,0.1089
fts_incoming_funding_global.csv,budgetYear,top_value,7,1980,7,0.0953
fts_incoming_funding_global.csv,budgetYear,top_value,8,1981,3,0.0408
fts_incoming_funding_global.csv,budgetYear,top_value,9,2019,2,0.0272
fts_incoming_funding_global.csv,budgetYear,top_value,10,2020,2,0.0272
fts_incoming_funding_global.csv,budgetYear,numeric_summary,min,1980,7346,100.0
fts_incoming_funding_global.csv,budgetYear,numeric_summary,p01,2022,7346,100.0
fts_incoming_funding_global.csv,budgetYear,numeric_summary,p25,2025,7346,100.0
fts_incoming_funding_global.csv,budgetYear,numeric_summary,p50,2025,7346,100.0
fts_incoming_funding_global.csv,budgetYear,numeric_summary,p75,2026,7346,100.0
fts_incoming_funding_global.csv,budgetYear,numeric_summary,p99,2026,7346,100.0
fts_incoming_funding_global.csv,budgetYear,numeric_summary,max,2026,7346,100.0
fts_incoming_funding_global.csv,budgetYear,numeric_summary,mean,2025.07,7346,100.0
fts_incoming_funding_global.csv,description,top_value,1,Humanitarian Assistance,189,2.3655
fts_incoming_funding_global.csv,description,top_value,2,Food Security - Food Assistance,97,1.214
fts_incoming_funding_global.csv,description,top_value,3,Distributing food to poor children,95,1.189
fts_incoming_funding_global.csv,description,top_value,4,Flexible humanitarian funding from Save the Children International's Humanitarian Fund,71,0.8886
fts_incoming_funding_global.csv,description,top_value,5,"Providing humanitarian aid to vulnerable people affected by disasters induced by natural hazards, human-induced crises or exceptional situations or circumstances comparable to these, which have entailed or are likely to continue entailing major loss of life, physical and psychological or social suffering or material damage",60,0.7509
fts_incoming_funding_global.csv,description,top_value,6,European Commission (DG-ECHO) Contribution to OCHA 2026,46,0.5757
fts_incoming_funding_global.csv,description,top_value,7,Sponsorship of orphans and poor families,44,0.5507
fts_incoming_funding_global.csv,description,top_value,8,fasting breakfast,44,0.5507
fts_incoming_funding_global.csv,description,top_value,9,Canada Contribution to OCHA 2026,44,0.5507
fts_incoming_funding_global.csv,description,top_value,10,"Colombia : Regional Protection Hub No Finan. Aid Hum. 
Actions",43,0.5382
fts_incoming_funding_global.csv,amountUSD,top_value,1,0,426,5.3317
fts_incoming_funding_global.csv,amountUSD,top_value,2,1000000,32,0.4005
fts_incoming_funding_global.csv,amountUSD,top_value,3,50000,30,0.3755
fts_incoming_funding_global.csv,amountUSD,top_value,4,400000,30,0.3755
fts_incoming_funding_global.csv,amountUSD,top_value,5,67309391,27,0.3379
fts_incoming_funding_global.csv,amountUSD,top_value,6,500000,27,0.3379
fts_incoming_funding_global.csv,amountUSD,top_value,7,46823902,23,0.2879
fts_incoming_funding_global.csv,amountUSD,top_value,8,2000000,23,0.2879
fts_incoming_funding_global.csv,amountUSD,top_value,9,1080662,20,0.2503
fts_incoming_funding_global.csv,amountUSD,top_value,10,598802,20,0.2503
fts_incoming_funding_global.csv,amountUSD,numeric_summary,min,-7195148,7990,100.0
fts_incoming_funding_global.csv,amountUSD,numeric_summary,p01,0,7990,100.0
fts_incoming_funding_global.csv,amountUSD,numeric_summary,p25,43729,7990,100.0
fts_incoming_funding_global.csv,amountUSD,numeric_summary,p50,205430.5,7990,100.0
fts_incoming_funding_global.csv,amountUSD,numeric_summary,p75,764165.75,7990,100.0
fts_incoming_funding_global.csv,amountUSD,numeric_summary,p99,44521189.35,7990,100.0
fts_incoming_funding_global.csv,amountUSD,numeric_summary,max,326271300,7990,100.0
fts_incoming_funding_global.csv,amountUSD,numeric_summary,mean,1713017.56,7990,100.0
fts_incoming_funding_global.csv,srcOrganization,top_value,1,European Commission's Humanitarian Aid and Civil Protection Department,2680,33.5503
fts_incoming_funding_global.csv,srcOrganization,top_value,2,"Switzerland, Government of",929,11.6299
fts_incoming_funding_global.csv,srcOrganization,top_value,3,"Germany, Government of",505,6.322
fts_incoming_funding_global.csv,srcOrganization,top_value,4,Qatar Charity,490,6.1342
fts_incoming_funding_global.csv,srcOrganization,top_value,5,"Japan, Government of",468,5.8588
fts_incoming_funding_global.csv,srcOrganization,top_value,6,"Canada, Government of",335,4.1938
fts_incoming_funding_global.csv,srcOrganization,top_value,7,Namaa Charity - Social Reform Society,168,2.1032
fts_incoming_funding_global.csv,srcOrganization,top_value,8,"United Kingdom, Government of",165,2.0656
fts_incoming_funding_global.csv,srcOrganization,top_value,9,Central Emergency Response Fund,139,1.7401
fts_incoming_funding_global.csv,srcOrganization,top_value,10,"Saudi Arabia (Kingdom of), Government of",124,1.5523
fts_incoming_funding_global.csv,srcOrganizationTypes,top_value,1,Governments,3728,46.67
fts_incoming_funding_global.csv,srcOrganizationTypes,top_value,2,Multilateral Organizations,2833,35.4657
fts_incoming_funding_global.csv,srcOrganizationTypes,top_value,3,NGOs,803,10.0526
fts_incoming_funding_global.csv,srcOrganizationTypes,top_value,4,Pooled Funds,324,4.0561
fts_incoming_funding_global.csv,srcOrganizationTypes,top_value,5,Private Organizations,278,3.4802
fts_incoming_funding_global.csv,srcOrganizationTypes,top_value,6,Red Cross/Red Crescent Organizations,19,0.2379
fts_incoming_funding_global.csv,srcOrganizationTypes,top_value,7,Other,3,0.0376
fts_incoming_funding_global.csv,srcLocations,top_value,1,CHE,932,21.0812
fts_incoming_funding_global.csv,srcLocations,top_value,2,QAT,556,12.5763
fts_incoming_funding_global.csv,srcLocations,top_value,3,DEU,533,12.0561
fts_incoming_funding_global.csv,srcLocations,top_value,4,JPN,468,10.5858
fts_incoming_funding_global.csv,srcLocations,top_value,5,CAN,336,7.6001
fts_incoming_funding_global.csv,srcLocations,top_value,6,KWT,179,4.0489
fts_incoming_funding_global.csv,srcLocations,top_value,7,GBR,165,3.7322
fts_incoming_funding_global.csv,srcLocations,top_value,8,USA,144,3.2572
fts_incoming_funding_global.csv,srcLocations,top_value,9,SAU,124,2.8048
fts_incoming_funding_global.csv,srcLocations,top_value,10,NOR,107,2.4203
fts_incoming_funding_global.csv,srcUsageYearStart,top_value,1,2026,3713,46.4706
fts_incoming_funding_global.csv,srcUsageYearStart,top_value,2,2025,2892,36.1952
fts_incoming_funding_global.csv,srcUsageYearStart,top_value,3,2024,1066,13.3417
fts_incoming_funding_global.csv,srcUsageYearStart,top_value,4,2023,246,3.0788
fts_incoming_funding_global.csv,srcUsageYearStart,top_value,5,2022,59,0.7384
fts_incoming_funding_global.csv,srcUsageYearStart,top_value,6,2021,13,0.1627
fts_incoming_funding_global.csv,srcUsageYearStart,top_value,7,2020,1,0.0125
fts_incoming_funding_global.csv,srcUsageYearStart,numeric_summary,min,2020,7990,100.0
fts_incoming_funding_global.csv,srcUsageYearStart,numeric_summary,p01,2023,7990,100.0
fts_incoming_funding_global.csv,srcUsageYearStart,numeric_summary,p25,2025,7990,100.0
fts_incoming_funding_global.csv,srcUsageYearStart,numeric_summary,p50,2025,7990,100.0
fts_incoming_funding_global.csv,srcUsageYearStart,numeric_summary,p75,2026,7990,100.0
fts_incoming_funding_global.csv,srcUsageYearStart,numeric_summary,p99,2026,7990,100.0
fts_incoming_funding_global.csv,srcUsageYearStart,numeric_summary,max,2026,7990,100.0
fts_incoming_funding_global.csv,srcUsageYearStart,numeric_summary,mean,2025.24,7990,100.0
fts_incoming_funding_global.csv,srcUsageYearEnd,top_value,1,2026,3766,47.1339
fts_incoming_funding_global.csv,srcUsageYearEnd,top_value,2,2025,2885,36.1076
fts_incoming_funding_global.csv,srcUsageYearEnd,top_value,3,2024,1023,12.8035
fts_incoming_funding_global.csv,srcUsageYearEnd,top_value,4,2023,239,2.9912
fts_incoming_funding_global.csv,srcUsageYearEnd,top_value,5,2022,57,0.7134
fts_incoming_funding_global.csv,srcUsageYearEnd,top_value,6,2021,13,0.1627
fts_incoming_funding_global.csv,srcUsageYearEnd,top_value,7,2030,4,0.0501
fts_incoming_funding_global.csv,srcUsageYearEnd,top_value,8,2027,2,0.025
fts_incoming_funding_global.csv,srcUsageYearEnd,top_value,9,2020,1,0.0125
fts_incoming_funding_global.csv,srcUsageYearEnd,numeric_summary,min,2020,7990,100.0
fts_incoming_funding_global.csv,srcUsageYearEnd,numeric_summary,p01,2023,7990,100.0
fts_incoming_funding_global.csv,srcUsageYearEnd,numeric_summary,p25,2025,7990,100.0
fts_incoming_funding_global.csv,srcUsageYearEnd,numeric_summary,p50,2025,7990,100.0
fts_incoming_funding_global.csv,srcUsageYearEnd,numeric_summary,p75,2026,7990,100.0
fts_incoming_funding_global.csv,srcUsageYearEnd,numeric_summary,p99,2026,7990,100.0
fts_incoming_funding_global.csv,srcUsageYearEnd,numeric_summary,max,2030,7990,100.0
fts_incoming_funding_global.csv,srcUsageYearEnd,numeric_summary,mean,2025.26,7990,100.0
fts_incoming_funding_global.csv,destPlan,top_value,1,Ukraine Humanitarian Needs and Response Plan 2026,329,6.5564
fts_incoming_funding_global.csv,destPlan,top_value,2,Escalation of Hostilities in the OPT Flash Appeal 2026,328,6.5365
fts_incoming_funding_global.csv,destPlan,top_value,3,Syrian Arab Republic Humanitarian Response Priorities 2026,300,5.9785
fts_incoming_funding_global.csv,destPlan,top_value,4,Afghanistan Humanitarian Needs and Response Plan 2026,282,5.6198
fts_incoming_funding_global.csv,destPlan,top_value,5,Sudan Humanitarian Needs and Response Plan 2026,263,5.2411
fts_incoming_funding_global.csv,destPlan,top_value,6,Yemen Humanitarian Needs and Response Plan 2026,240,4.7828
fts_incoming_funding_global.csv,destPlan,top_value,7,Venezuela Regional Refugee and Migrant Response Plan (RMRP) 2026,239,4.7629
fts_incoming_funding_global.csv,destPlan,top_value,8,Tchad Besoins Humanitaires et Plan de Réponse 2026,233,4.6433
fts_incoming_funding_global.csv,destPlan,top_value,9,South Sudan Humanitarian Needs and Response Plan 2026,232,4.6234
fts_incoming_funding_global.csv,destPlan,top_value,10,République Démocratique du Congo Besoins Humanitaires et Plan de Réponse 2026,227,4.5237
fts_incoming_funding_global.csv,destPlanCode,top_value,1,HUKR26,329,6.5564
fts_incoming_funding_global.csv,destPlanCode,top_value,2,FPSE26,328,6.5365
fts_incoming_funding_global.csv,destPlanCode,top_value,3,HSYR26,300,5.9785
fts_incoming_funding_global.csv,destPlanCode,top_value,4,HAFG26,282,5.6198
fts_incoming_funding_global.csv,destPlanCode,top_value,5,HSDN26,263,5.2411
fts_incoming_funding_global.csv,destPlanCode,top_value,6,HYEM26,240,4.7828
fts_incoming_funding_global.csv,destPlanCode,top_value,7,RREG26b,239,4.7629
fts_incoming_funding_global.csv,destPlanCode,top_value,8,HTCD26,233,4.6433
fts_incoming_funding_global.csv,destPlanCode,top_value,9,HSSD26,232,4.6234
fts_incoming_funding_global.csv,destPlanCode,top_value,10,HCOD26,227,4.5237
fts_incoming_funding_global.csv,destPlanId,top_value,1,1515,329,6.5564
fts_incoming_funding_global.csv,destPlanId,top_value,2,1510,328,6.5365
fts_incoming_funding_global.csv,destPlanId,top_value,3,1518,300,5.9785
fts_incoming_funding_global.csv,destPlanId,top_value,4,1502,282,5.6198
fts_incoming_funding_global.csv,destPlanId,top_value,5,1514,263,5.2411
fts_incoming_funding_global.csv,destPlanId,top_value,6,1520,240,4.7828
fts_incoming_funding_global.csv,destPlanId,top_value,7,1525,239,4.7629
fts_incoming_funding_global.csv,destPlanId,top_value,8,1501,233,4.6433
fts_incoming_funding_global.csv,destPlanId,top_value,9,1512,232,4.6234
fts_incoming_funding_global.csv,destPlanId,top_value,10,1509,227,4.5237
fts_incoming_funding_global.csv,destPlanId,numeric_summary,min,1498,5018,100.0
fts_incoming_funding_global.csv,destPlanId,numeric_summary,p01,1498,5018,100.0
fts_incoming_funding_global.csv,destPlanId,numeric_summary,p25,1506,5018,100.0
fts_incoming_funding_global.csv,destPlanId,numeric_summary,p50,1512,5018,100.0
fts_incoming_funding_global.csv,destPlanId,numeric_summary,p75,1518,5018,100.0
fts_incoming_funding_global.csv,destPlanId,numeric_summary,p99,1568,5018,100.0
fts_incoming_funding_global.csv,destPlanId,numeric_summary,max,1603,5018,100.0
fts_incoming_funding_global.csv,destPlanId,numeric_summary,mean,1514.7,5018,100.0
fts_incoming_funding_global.csv,destOrganization,top_value,1,United Nations High Commissioner for Refugees,600,7.571
fts_incoming_funding_global.csv,destOrganization,top_value,2,World Food Programme,511,6.4479
fts_incoming_funding_global.csv,destOrganization,top_value,3,Qatar Charity,459,5.7918
fts_incoming_funding_global.csv,destOrganization,top_value,4,International NGOs (Confidential),369,4.6562
fts_incoming_funding_global.csv,destOrganization,top_value,5,International Organization for Migration,341,4.3028
fts_incoming_funding_global.csv,destOrganization,top_value,6,Norwegian Refugee Council,308,3.8864
fts_incoming_funding_global.csv,destOrganization,top_value,7,Save the Children,306,3.8612
fts_incoming_funding_global.csv,destOrganization,top_value,8,United Nations Children's Fund,301,3.7981
fts_incoming_funding_global.csv,destOrganization,top_value,9,United Nations Population Fund,288,3.6341
fts_incoming_funding_global.csv,destOrganization,top_value,10,Danish Refugee Council,275,3.47
fts_incoming_funding_global.csv,destOrganizationTypes,top_value,1,NGOs,4210,53.123
fts_incoming_funding_global.csv,destOrganizationTypes,top_value,2,Multilateral Organizations,2838,35.8107
fts_incoming_funding_global.csv,destOrganizationTypes,top_value,3,Governments,305,3.8486
fts_incoming_funding_global.csv,destOrganizationTypes,top_value,4,Red Cross/Red Crescent Organizations,239,3.0158
fts_incoming_funding_global.csv,destOrganizationTypes,top_value,5,Pooled Funds,180,2.2713
fts_incoming_funding_global.csv,destOrganizationTypes,top_value,6,Private Organizations,143,1.8044
fts_incoming_funding_global.csv,destOrganizationTypes,top_value,7,Other,5,0.0631
fts_incoming_funding_global.csv,destOrganizationTypes,top_value,8,"Multilateral Organizations,Multilateral Organizations",4,0.0505
fts_incoming_funding_global.csv,destOrganizationTypes,top_value,9,"Multilateral Organizations,NGOs",1,0.0126
fts_incoming_funding_global.csv,destGlobalClusters,top_value,1,Food Security,1064,15.398
fts_incoming_funding_global.csv,destGlobalClusters,top_value,2,Protection,1004,14.5297
fts_incoming_funding_global.csv,destGlobalClusters,top_value,3,Health,736,10.6512
fts_incoming_funding_global.csv,destGlobalClusters,top_value,4,Multi-sector,566,8.191
fts_incoming_funding_global.csv,destGlobalClusters,top_value,5,Education,469,6.7873
fts_incoming_funding_global.csv,destGlobalClusters,top_value,6,Water Sanitation Hygiene,429,6.2084
fts_incoming_funding_global.csv,destGlobalClusters,top_value,7,Nutrition,337,4.877
fts_incoming_funding_global.csv,destGlobalClusters,top_value,8,Emergency Shelter and NFI,335,4.848
fts_incoming_funding_global.csv,destGlobalClusters,top_value,9,Coordination and support services,292,4.2258
fts_incoming_funding_global.csv,destGlobalClusters,top_value,10,Multipurpose Cash,239,3.4588
fts_incoming_funding_global.csv,destLocations,top_value,1,UKR,390,4.8811
fts_incoming_funding_global.csv,destLocations,top_value,2,PSE,376,4.7059
fts_incoming_funding_global.csv,destLocations,top_value,3,SYR,338,4.2303
fts_incoming_funding_global.csv,destLocations,top_value,4,AFG,323,4.0426
fts_incoming_funding_global.csv,destLocations,top_value,5,SDN,292,3.6546
fts_incoming_funding_global.csv,destLocations,top_value,6,YEM,276,3.4543
fts_incoming_funding_global.csv,destLocations,top_value,7,SSD,271,3.3917
fts_incoming_funding_global.csv,destLocations,top_value,8,TCD,250,3.1289
fts_incoming_funding_global.csv,destLocations,top_value,9,COD,247,3.0914
fts_incoming_funding_global.csv,destLocations,top_value,10,ETH,235,2.9412
fts_incoming_funding_global.csv,destProject,top_value,1,Peru: United Nations High Commissioner for Refugees (Protection response),9,7.5
fts_incoming_funding_global.csv,destProject,top_value,2,Colombia: Colombian Red Cross Society (Protection response),3,2.5
fts_incoming_funding_global.csv,destProject,top_value,3,Dominican Republic: United Nations Children's Fund (Protection - Child Protection response),3,2.5
fts_incoming_funding_global.csv,destProject,top_value,4,Peru: United Nations High Commissioner for Refugees (Financial Support response),3,2.5
fts_incoming_funding_global.csv,destProject,top_value,5,Bolivia: United Nations Children's Fund (Health response),2,1.6667
fts_incoming_funding_global.csv,destProject,top_value,6,Brazil: United Nations Children's Fund (Education response),2,1.6667
fts_incoming_funding_global.csv,destProject,top_value,7,Brazil: United Nations Children's Fund (Protection - Child Protection response),2,1.6667
fts_incoming_funding_global.csv,destProject,top_value,8,Brazil: United Nations High Commissioner for Refugees (Protection response),2,1.6667
fts_incoming_funding_global.csv,destProject,top_value,9,Brazil: United Nations Population Fund (Protection - Gender-Based Violence response),2,1.6667
fts_incoming_funding_global.csv,destProject,top_value,10,Brazil: Caritas Switzerland (Financial Support response),2,1.6667
fts_incoming_funding_global.csv,destProjectCode,top_value,1,RREG26b-PRO|PRO-CPN|PRO-GBV|PRO-HTS-233202-1,9,7.5
fts_incoming_funding_global.csv,destProjectCode,top_value,2,RREG26b-PRO|PRO-CPN|PRO-GBV|PRO-HTS-232469-1,3,2.5
fts_incoming_funding_global.csv,destProjectCode,top_value,3,RREG26b-PRO|PRO-CPN|PRO-GBV|PRO-HTS-233075-1,3,2.5
fts_incoming_funding_global.csv,destProjectCode,top_value,4,RREG26b-MPC-233146-1,3,2.5
fts_incoming_funding_global.csv,destProjectCode,top_value,5,RREG26b-HEA-233056-2,2,1.6667
fts_incoming_funding_global.csv,destProjectCode,top_value,6,RREG26b-EDU-233037-1,2,1.6667
fts_incoming_funding_global.csv,destProjectCode,top_value,7,RREG26b-PRO|PRO-CPN|PRO-GBV|PRO-HTS-233072-1,2,1.6667
fts_incoming_funding_global.csv,destProjectCode,top_value,8,RREG26b-PRO|PRO-CPN|PRO-GBV|PRO-HTS-233190-1,2,1.6667
fts_incoming_funding_global.csv,destProjectCode,top_value,9,RREG26b-PRO|PRO-CPN|PRO-GBV|PRO-HTS-233231-1,2,1.6667
fts_incoming_funding_global.csv,destProjectCode,top_value,10,RREG26b-MPC-232449-1,2,1.6667
fts_incoming_funding_global.csv,destEmergency,top_value,1,oPt Complex Emergency 2023-24,129,25.9036
fts_incoming_funding_global.csv,destEmergency,top_value,2,Syrian Arab Republic - Civil Unrest (from 2012),87,17.4699
fts_incoming_funding_global.csv,destEmergency,top_value,3,Sudan Complex Emergency 2023,80,16.0643
fts_incoming_funding_global.csv,destEmergency,top_value,4,Mozambique: Floods 2026,75,15.0602
fts_incoming_funding_global.csv,destEmergency,top_value,5,VENEZUELA Outflow - Regional Refugees and Migrants,74,14.8594
fts_incoming_funding_global.csv,destEmergency,top_value,6,Ukraine Crisis 2022,30,6.0241
fts_incoming_funding_global.csv,destEmergency,top_value,7,Myanmar Earthquake 2025,13,2.6104
fts_incoming_funding_global.csv,destEmergency,top_value,8,Afghanistan Complex Emergency August 2021,4,0.8032
fts_incoming_funding_global.csv,destEmergency,top_value,9,Lebanon Complex Emergency 2024,3,0.6024
fts_incoming_funding_global.csv,destEmergency,top_value,10,Tropical Cyclone Beryl 2024,1,0.2008
fts_incoming_funding_global.csv,destUsageYearStart,top_value,1,2026,7583,94.9061
fts_incoming_funding_global.csv,destUsageYearStart,top_value,2,2024,171,2.1402
fts_incoming_funding_global.csv,destUsageYearStart,top_value,3,2025,144,1.8023
fts_incoming_funding_global.csv,destUsageYearStart,top_value,4,2023,81,1.0138
fts_incoming_funding_global.csv,destUsageYearStart,top_value,5,2022,10,0.1252
fts_incoming_funding_global.csv,destUsageYearStart,top_value,6,2021,1,0.0125
fts_incoming_funding_global.csv,destUsageYearStart,numeric_summary,min,2021,7990,100.0
fts_incoming_funding_global.csv,destUsageYearStart,numeric_summary,p01,2023,7990,100.0
fts_incoming_funding_global.csv,destUsageYearStart,numeric_summary,p25,2026,7990,100.0
fts_incoming_funding_global.csv,destUsageYearStart,numeric_summary,p50,2026,7990,100.0
fts_incoming_funding_global.csv,destUsageYearStart,numeric_summary,p75,2026,7990,100.0
fts_incoming_funding_global.csv,destUsageYearStart,numeric_summary,p99,2026,7990,100.0
fts_incoming_funding_global.csv,destUsageYearStart,numeric_summary,max,2026,7990,100.0
fts_incoming_funding_global.csv,destUsageYearStart,numeric_summary,mean,2025.9,7990,100.0
fts_incoming_funding_global.csv,destUsageYearEnd,top_value,1,2026,7896,98.8235
fts_incoming_funding_global.csv,destUsageYearEnd,top_value,2,2027,68,0.8511
fts_incoming_funding_global.csv,destUsageYearEnd,top_value,3,2028,19,0.2378
fts_incoming_funding_global.csv,destUsageYearEnd,top_value,4,2030,4,0.0501
fts_incoming_funding_global.csv,destUsageYearEnd,top_value,5,2029,3,0.0375
fts_incoming_funding_global.csv,destUsageYearEnd,numeric_summary,min,2026,7990,100.0
fts_incoming_funding_global.csv,destUsageYearEnd,numeric_summary,p01,2026,7990,100.0
fts_incoming_funding_global.csv,destUsageYearEnd,numeric_summary,p25,2026,7990,100.0
fts_incoming_funding_global.csv,destUsageYearEnd,numeric_summary,p50,2026,7990,100.0
fts_incoming_funding_global.csv,destUsageYearEnd,numeric_summary,p75,2026,7990,100.0
fts_incoming_funding_global.csv,destUsageYearEnd,numeric_summary,p99,2027,7990,100.0
fts_incoming_funding_global.csv,destUsageYearEnd,numeric_summary,max,2030,7990,100.0
fts_incoming_funding_global.csv,destUsageYearEnd,numeric_summary,mean,2026.02,7990,100.0
fts_incoming_funding_global.csv,contributionType,top_value,1,financial,7727,96.7084
fts_incoming_funding_global.csv,contributionType,top_value,2,in kind,263,3.2916
fts_incoming_funding_global.csv,flowType,top_value,1,Standard,7161,89.6245
fts_incoming_funding_global.csv,flowType,top_value,2,Parked,649,8.1227
fts_incoming_funding_global.csv,flowType,top_value,3,Pass through,172,2.1527
fts_incoming_funding_global.csv,flowType,top_value,4,Carryover,8,0.1001
fts_incoming_funding_global.csv,method,top_value,1,Traditional aid,7046,88.1852
fts_incoming_funding_global.csv,method,top_value,2,Cash transfer programming (CTP),944,11.8148
fts_incoming_funding_global.csv,boundary,top_value,1,incoming,7990,100.0
fts_incoming_funding_global.csv,onBoundary,top_value,1,single,7148,89.4618
fts_incoming_funding_global.csv,onBoundary,top_value,2,shared,842,10.5382
fts_incoming_funding_global.csv,status,top_value,1,commitment,4616,57.7722
fts_incoming_funding_global.csv,status,top_value,2,paid,3190,39.9249
fts_incoming_funding_global.csv,status,top_value,3,pledge,184,2.3029
fts_incoming_funding_global.csv,firstReportedDate,top_value,1,2025-07-02,1146,14.3429
fts_incoming_funding_global.csv,firstReportedDate,top_value,2,2026-04-07,553,6.9212
fts_incoming_funding_global.csv,firstReportedDate,top_value,3,2026-02-11,439,5.4944
fts_incoming_funding_global.csv,firstReportedDate,top_value,4,2026-04-14,339,4.2428
fts_incoming_funding_global.csv,firstReportedDate,top_value,5,2026-03-23,255,3.1915
fts_incoming_funding_global.csv,firstReportedDate,top_value,6,2026-04-09,185,2.3154
fts_incoming_funding_global.csv,firstReportedDate,top_value,7,2026-02-04,164,2.0526
fts_incoming_funding_global.csv,firstReportedDate,top_value,8,2025-12-02,138,1.7272
fts_incoming_funding_global.csv,firstReportedDate,top_value,9,2026-03-03,136,1.7021
fts_incoming_funding_global.csv,firstReportedDate,top_value,10,2026-03-31,126,1.577
fts_incoming_funding_global.csv,decisionDate,top_value,1,2026-01-01,180,2.3762
fts_incoming_funding_global.csv,decisionDate,top_value,2,2025-01-01,153,2.0198
fts_incoming_funding_global.csv,decisionDate,top_value,3,2026-03-12,111,1.4653
fts_incoming_funding_global.csv,decisionDate,top_value,4,2026-02-19,107,1.4125
fts_incoming_funding_global.csv,decisionDate,top_value,5,2025-03-09,104,1.3729
fts_incoming_funding_global.csv,decisionDate,top_value,6,2025-04-15,96,1.2673
fts_incoming_funding_global.csv,decisionDate,top_value,7,2025-10-01,80,1.0561
fts_incoming_funding_global.csv,decisionDate,top_value,8,2026-02-26,71,0.9373
fts_incoming_funding_global.csv,decisionDate,top_value,9,2026-02-18,68,0.8977
fts_incoming_funding_global.csv,decisionDate,top_value,10,2026-02-11,65,0.8581
fts_incoming_funding_global.csv,keywords,top_value,1,Multiyear,953,70.0735
fts_incoming_funding_global.csv,keywords,top_value,2,Rapid response,139,10.2206
fts_incoming_funding_global.csv,keywords,top_value,3,"Multiyear,FCDO",29,2.1324
fts_incoming_funding_global.csv,keywords,top_value,4,FCDO,29,2.1324
fts_incoming_funding_global.csv,keywords,top_value,5,"Mine action,Multiyear",28,2.0588
fts_incoming_funding_global.csv,keywords,top_value,6,"Multiyear,DFAT",24,1.7647
fts_incoming_funding_global.csv,keywords,top_value,7,"Multiyear,USAID/BHA",19,1.3971
fts_incoming_funding_global.csv,keywords,top_value,8,Food Assistance,18,1.3235
fts_incoming_funding_global.csv,keywords,top_value,9,USAID/BHA,18,1.3235
fts_incoming_funding_global.csv,keywords,top_value,10,AICS,10,0.7353
fts_incoming_funding_global.csv,originalAmount,top_value,1,0,320,4.8186
fts_incoming_funding_global.csv,originalAmount,top_value,2,1000000,96,1.4456
fts_incoming_funding_global.csv,originalAmount,top_value,3,500000,89,1.3402
fts_incoming_funding_global.csv,originalAmount,top_value,4,100000,82,1.2348
fts_incoming_funding_global.csv,originalAmount,top_value,5,2000000,78,1.1745
fts_incoming_funding_global.csv,originalAmount,top_value,6,150000,70,1.0541
fts_incoming_funding_global.csv,originalAmount,top_value,7,50000,52,0.783
fts_incoming_funding_global.csv,originalAmount,top_value,8,400000,42,0.6324
fts_incoming_funding_global.csv,originalAmount,top_value,9,1500000,41,0.6174
fts_incoming_funding_global.csv,originalAmount,top_value,10,300000,41,0.6174
fts_incoming_funding_global.csv,originalAmount,numeric_summary,min,-11930467,6641,100.0
fts_incoming_funding_global.csv,originalAmount,numeric_summary,p01,0,6641,100.0
fts_incoming_funding_global.csv,originalAmount,numeric_summary,p25,44533,6641,100.0
fts_incoming_funding_global.csv,originalAmount,numeric_summary,p50,207000,6641,100.0
fts_incoming_funding_global.csv,originalAmount,numeric_summary,p75,900000,6641,100.0
fts_incoming_funding_global.csv,originalAmount,numeric_summary,p99,2612082750,6641,100.0
fts_incoming_funding_global.csv,originalAmount,numeric_summary,max,18000000000,6641,100.0
fts_incoming_funding_global.csv,originalAmount,numeric_summary,mean,96148748.01,6641,100.0
fts_incoming_funding_global.csv,originalCurrency,top_value,1,EUR,3676,55.3531
fts_incoming_funding_global.csv,originalCurrency,top_value,2,CHF,953,14.3502
fts_incoming_funding_global.csv,originalCurrency,top_value,3,QAR,495,7.4537
fts_incoming_funding_global.csv,originalCurrency,top_value,4,CAD,336,5.0595
fts_incoming_funding_global.csv,originalCurrency,top_value,5,JPY,313,4.7131
fts_incoming_funding_global.csv,originalCurrency,top_value,6,KWD,190,2.861
fts_incoming_funding_global.csv,originalCurrency,top_value,7,GBP,176,2.6502
fts_incoming_funding_global.csv,originalCurrency,top_value,8,SAR,118,1.7768
fts_incoming_funding_global.csv,originalCurrency,top_value,9,NOK,105,1.5811
fts_incoming_funding_global.csv,originalCurrency,top_value,10,SEK,102,1.5359
fts_incoming_funding_global.csv,exchangeRate,top_value,1,0.8,341,5.1348
fts_incoming_funding_global.csv,exchangeRate,top_value,2,0.88,321,4.8336
fts_incoming_funding_global.csv,exchangeRate,top_value,3,0.897,251,3.7796
fts_incoming_funding_global.csv,exchangeRate,top_value,4,0.877,240,3.6139
fts_incoming_funding_global.csv,exchangeRate,top_value,5,150,218,3.2826
fts_incoming_funding_global.csv,exchangeRate,top_value,6,0.872,182,2.7406
fts_incoming_funding_global.csv,exchangeRate,top_value,7,0.867,165,2.4846
fts_incoming_funding_global.csv,exchangeRate,top_value,8,0.928,156,2.349
fts_incoming_funding_global.csv,exchangeRate,top_value,9,0.835,146,2.1985
fts_incoming_funding_global.csv,exchangeRate,top_value,10,0.881,145,2.1834
fts_incoming_funding_global.csv,exchangeRate,numeric_summary,min,0.3025,6641,100.0
fts_incoming_funding_global.csv,exchangeRate,numeric_summary,p01,0.303,6641,100.0
fts_incoming_funding_global.csv,exchangeRate,numeric_summary,p25,0.856,6641,100.0
fts_incoming_funding_global.csv,exchangeRate,numeric_summary,p50,0.894,6641,100.0
fts_incoming_funding_global.csv,exchangeRate,numeric_summary,p75,0.998,6641,100.0
fts_incoming_funding_global.csv,exchangeRate,numeric_summary,p99,150,6641,100.0
fts_incoming_funding_global.csv,exchangeRate,numeric_summary,max,1429.59,6641,100.0
fts_incoming_funding_global.csv,exchangeRate,numeric_summary,mean,9.17,6641,100.0
fts_incoming_funding_global.csv,id,top_value,1,385472,27,0.3379
fts_incoming_funding_global.csv,id,top_value,2,385486,23,0.2879
fts_incoming_funding_global.csv,id,top_value,3,385854,20,0.2503
fts_incoming_funding_global.csv,id,top_value,4,385432,19,0.2378
fts_incoming_funding_global.csv,id,top_value,5,376064,17,0.2128
fts_incoming_funding_global.csv,id,top_value,6,317615,17,0.2128
fts_incoming_funding_global.csv,id,top_value,7,385484,15,0.1877
fts_incoming_funding_global.csv,id,top_value,8,304427,14,0.1752
fts_incoming_funding_global.csv,id,top_value,9,304428,14,0.1752
fts_incoming_funding_global.csv,id,top_value,10,304435,14,0.1752
fts_incoming_funding_global.csv,id,numeric_summary,min,218966,7990,100.0
fts_incoming_funding_global.csv,id,numeric_summary,p01,294541.89,7990,100.0
fts_incoming_funding_global.csv,id,numeric_summary,p25,354199.25,7990,100.0
fts_incoming_funding_global.csv,id,numeric_summary,p50,373264.5,7990,100.0
fts_incoming_funding_global.csv,id,numeric_summary,p75,382047.5,7990,100.0
fts_incoming_funding_global.csv,id,numeric_summary,p99,385852,7990,100.0
fts_incoming_funding_global.csv,id,numeric_summary,max,385905,7990,100.0
fts_incoming_funding_global.csv,id,numeric_summary,mean,364306.14,7990,100.0
fts_incoming_funding_global.csv,refCode,top_value,1,7F-10866.01.01,43,0.5699
fts_incoming_funding_global.csv,refCode,top_value,2,PMJ/NV/97/2026,39,0.5169
fts_incoming_funding_global.csv,refCode,top_value,3,Private sector; Period ending: 2025-12-31,39,0.5169
fts_incoming_funding_global.csv,refCode,top_value,4,ECHO/-AM/BUD/2024/91022,36,0.4771
fts_incoming_funding_global.csv,refCode,top_value,5,ECHO/-AM/BUD/2024/91020,30,0.3976
fts_incoming_funding_global.csv,refCode,top_value,6,ECHO/-AM/BUD/2023/91007,30,0.3976
fts_incoming_funding_global.csv,refCode,top_value,7,FY2025,29,0.3844
fts_incoming_funding_global.csv,refCode,top_value,8,OSRO/RAS/412/AUL,24,0.3181
fts_incoming_funding_global.csv,refCode,top_value,9,ECHO/COD/BUD/2024/91008,24,0.3181
fts_incoming_funding_global.csv,refCode,top_value,10,Z01/25/H1/00000,23,0.3048
fts_incoming_funding_global.csv,createdAt,top_value,1,2025-07-29,881,11.0263
fts_incoming_funding_global.csv,createdAt,top_value,2,2026-04-14,779,9.7497
fts_incoming_funding_global.csv,createdAt,top_value,3,2026-02-16,395,4.9437
fts_incoming_funding_global.csv,createdAt,top_value,4,2026-04-15,346,4.3304
fts_incoming_funding_global.csv,createdAt,top_value,5,2026-03-24,286,3.5795
fts_incoming_funding_global.csv,createdAt,top_value,6,2026-03-12,236,2.9537
fts_incoming_funding_global.csv,createdAt,top_value,7,2026-04-10,132,1.6521
fts_incoming_funding_global.csv,createdAt,top_value,8,2025-12-11,130,1.627
fts_incoming_funding_global.csv,createdAt,top_value,9,2025-12-03,117,1.4643
fts_incoming_funding_global.csv,createdAt,top_value,10,2026-03-03,114,1.4268
fts_incoming_funding_global.csv,updatedAt,top_value,1,2026-04-14,854,10.6884
fts_incoming_funding_global.csv,updatedAt,top_value,2,2026-04-15,398,4.9812
fts_incoming_funding_global.csv,updatedAt,top_value,3,2026-02-11,284,3.5544
fts_incoming_funding_global.csv,updatedAt,top_value,4,2026-03-25,252,3.1539
fts_incoming_funding_global.csv,updatedAt,top_value,5,2026-03-02,222,2.7785
fts_incoming_funding_global.csv,updatedAt,top_value,6,2026-02-25,208,2.6033
fts_incoming_funding_global.csv,updatedAt,top_value,7,2026-04-16,196,2.4531
fts_incoming_funding_global.csv,updatedAt,top_value,8,2026-01-23,188,2.3529
fts_incoming_funding_global.csv,updatedAt,top_value,9,2026-03-23,187,2.3404
fts_incoming_funding_global.csv,updatedAt,top_value,10,2026-04-10,179,2.2403
fts_internal_funding_global.csv,date,top_value,1,2026-04-13,110,16.2963
fts_internal_funding_global.csv,date,top_value,2,2026-04-02,96,14.2222
fts_internal_funding_global.csv,date,top_value,3,2026-04-16,56,8.2963
fts_internal_funding_global.csv,date,top_value,4,2026-03-17,53,7.8519
fts_internal_funding_global.csv,date,top_value,5,2026-04-06,51,7.5556
fts_internal_funding_global.csv,date,top_value,6,2026-04-08,45,6.6667
fts_internal_funding_global.csv,date,top_value,7,2026-04-14,35,5.1852
fts_internal_funding_global.csv,date,top_value,8,2026-04-09,29,4.2963
fts_internal_funding_global.csv,date,top_value,9,2026-03-30,29,4.2963
fts_internal_funding_global.csv,date,top_value,10,2026-04-10,25,3.7037
fts_internal_funding_global.csv,budgetYear,top_value,1,2026,614,92.8896
fts_internal_funding_global.csv,budgetYear,top_value,2,2025,44,6.6566
fts_internal_funding_global.csv,budgetYear,top_value,3,2024,3,0.4539
fts_internal_funding_global.csv,budgetYear,numeric_summary,min,2024,661,100.0
fts_internal_funding_global.csv,budgetYear,numeric_summary,p01,2025,661,100.0
fts_internal_funding_global.csv,budgetYear,numeric_summary,p25,2026,661,100.0
fts_internal_funding_global.csv,budgetYear,numeric_summary,p50,2026,661,100.0
fts_internal_funding_global.csv,budgetYear,numeric_summary,p75,2026,661,100.0
fts_internal_funding_global.csv,budgetYear,numeric_summary,p99,2026,661,100.0
fts_internal_funding_global.csv,budgetYear,numeric_summary,max,2026,661,100.0
fts_internal_funding_global.csv,budgetYear,numeric_summary,mean,2025.92,661,100.0
fts_internal_funding_global.csv,description,top_value,1,"Allocation Type: Reserve - Fast-tracked support to hyper-prioritized HNRP 2026 – US funding
Lifesaving multi-sector response for displaced and vulnerable children and communities in Myanmar
Project Start Date: 2026-04-01 - Project End Date: 2026-09-30
Project Code: CBPF-MM-26-R-INGO-NSFT-39343
Emergency Type: Conflict - Displacement",13,1.9259
fts_internal_funding_global.csv,description,top_value,2,"Allocation Type: Reserve - Fast-tracked support to hyper-prioritized HNRP 2026 – US funding
Integrated Lifesaving Multi-Sector Assistance for Crisis-Affected Populations in High-Severity Areas of Myanmar
Project Start Date: 2026-04-01 - Project End Date: 2026-09-30
Project Code: CBPF-MM-26-R-INGO-NSFT-39430
Emergency Type: Conflict - Displacement",12,1.7778
fts_internal_funding_global.csv,description,top_value,3,"Allocation Type: Reserve - Fast-tracked support to hyper-prioritized HNRP 2026 – US funding
Life-saving Multisectoral Humanitarian Assistance for Crisis Affected Communities in Myanmar
Project Start Date: 2026-04-01 - Project End Date: 2026-09-30
Project Code: CBPF-MM-26-R-INGO-NSFT-39337
Emergency Type: Conflict - Displacement",12,1.7778
fts_internal_funding_global.csv,description,top_value,4,"Allocation Type: Reserve - Supporting immediate lifesaving needs of the 2026 HNRP
Provision of multisectoral life-saving support to the most vulnerable people affected by the conflict in Ukraine
Project Start Date: 2026-04-01 - Project End Date: 2026-09-30
Project Code: CBPF-UKR-26-R-INGO-NSFT-39311
Emergency Type: Conflict - Displacement",12,1.7778
fts_internal_funding_global.csv,description,top_value,5,"Allocation Type: Reserve - Fast-tracked support to hyper-prioritized HNRP 2026 – US funding
Restoring Basics: Life Saving Cash Assistance for Crisis Affected Households in Rakhine and Northwest Myanmar
Project Start Date: 2026-04-01 - Project End Date: 2026-09-30
Project Code: CBPF-MM-26-R-INGO-NSFT-39335
Emergency Type: Conflict - Displacement",10,1.4815
fts_internal_funding_global.csv,description,top_value,6,"Allocation Type: Reserve - Fast-tracked support to hyper-prioritized HNRP 2026 – US funding
Integrated Lifesaving Multi-Sectoral Assistance for Crisis-Affected Populations in Myanmar
Project Start Date: 2026-04-01 - Project End Date: 2026-09-30
Project Code: CBPF-MM-26-R-UN-NSFT-39349
Emergency Type: Conflict - Displacement",10,1.4815
fts_internal_funding_global.csv,description,top_value,7,Humanitarian Assistance,9,1.3333
fts_internal_funding_global.csv,description,top_value,8,"Allocation Type: Reserve - Supporting immediate lifesaving needs of the 2026 HNRP
TERA Consortium - IMPACT (Immediate Multisectoral Priority Assistance for Conflict-affected Territories)
Project Start Date: 2026-04-01 - Project End Date: 2026-09-30
Project Code: CBPF-UKR-26-R-NGO-NSFT-39310
Emergency Type: Conflict - Displacement",9,1.3333
fts_internal_funding_global.csv,description,top_value,9,"Allocation Type: Reserve - Fast-tracked support to hyper-prioritized HNRP 2026 – US funding
Integrated Lifesaving Assistance for Conflict-Affected Communities in Kayin and Tanintharyi – Myanmar Humanitarian Fund (MHF) 2026 US Allocation
Project Start Date: 2026-04-01 - Project End Date: 2026-09-30
Project Code: CBPF-MM-26-R-INGO-NSFT-39334
Emergency Type: Conflict - Displacement",8,1.1852
fts_internal_funding_global.csv,description,top_value,10,"Allocation Type: Reserve - RA3-2026: Lifesaving humanitarian response in highly prioritized districts in Mozambique for conflict-affected populations in Cabo Delgado and Nampula, and for flood-affected populations in Gaza, Sofala, and Maputo.
SALVE PROJECT – Saving lives in emergency situations and through rapid response in critical districts in Cabo Delgado and Nampula
Project Start Date: 2026-04-13 - Project End Date: 2026-10-12
Project Code: CBPF-MOZ-26-R-NGO-NSFT-39415
Emergency Type: Conflict - Displacement",8,1.1852
fts_internal_funding_global.csv,amountUSD,top_value,1,0,139,20.5926
fts_internal_funding_global.csv,amountUSD,top_value,2,3000000,6,0.8889
fts_internal_funding_global.csv,amountUSD,top_value,3,500000,5,0.7407
fts_internal_funding_global.csv,amountUSD,top_value,4,100000,3,0.4444
fts_internal_funding_global.csv,amountUSD,top_value,5,200000,3,0.4444
fts_internal_funding_global.csv,amountUSD,top_value,6,300000,2,0.2963
fts_internal_funding_global.csv,amountUSD,top_value,7,600000,2,0.2963
fts_internal_funding_global.csv,amountUSD,top_value,8,302250,2,0.2963
fts_internal_funding_global.csv,amountUSD,top_value,9,1000000,2,0.2963
fts_internal_funding_global.csv,amountUSD,top_value,10,72000,2,0.2963
fts_internal_funding_global.csv,amountUSD,numeric_summary,min,0,675,100.0
fts_internal_funding_global.csv,amountUSD,numeric_summary,p01,0,675,100.0
fts_internal_funding_global.csv,amountUSD,numeric_summary,p25,34991,675,100.0
fts_internal_funding_global.csv,amountUSD,numeric_summary,p50,300780,675,100.0
fts_internal_funding_global.csv,amountUSD,numeric_summary,p75,1118750.5,675,100.0
fts_internal_funding_global.csv,amountUSD,numeric_summary,p99,15358700.5,675,100.0
fts_internal_funding_global.csv,amountUSD,numeric_summary,max,78267183,675,100.0
fts_internal_funding_global.csv,amountUSD,numeric_summary,mean,1353941.16,675,100.0
fts_internal_funding_global.csv,srcOrganization,top_value,1,Myanmar Humanitarian Fund,100,14.8148
fts_internal_funding_global.csv,srcOrganization,top_value,2,South Sudan Humanitarian Fund,91,13.4815
fts_internal_funding_global.csv,srcOrganization,top_value,3,Ukraine Humanitarian Fund,78,11.5556
fts_internal_funding_global.csv,srcOrganization,top_value,4,Ethiopia Humanitarian Fund,65,9.6296
fts_internal_funding_global.csv,srcOrganization,top_value,5,Sudan Humanitarian Fund,62,9.1852
fts_internal_funding_global.csv,srcOrganization,top_value,6,Lebanon Humanitarian Fund,54,8.0
fts_internal_funding_global.csv,srcOrganization,top_value,7,Aid Fund for Syria,53,7.8519
fts_internal_funding_global.csv,srcOrganization,top_value,8,"Mozambique (Eastern, Southern Africa HF)",40,5.9259
fts_internal_funding_global.csv,srcOrganization,top_value,9,Nigeria Humanitarian Fund,29,4.2963
fts_internal_funding_global.csv,srcOrganization,top_value,10,Afghanistan Humanitarian Fund,27,4.0
fts_internal_funding_global.csv,srcOrganizationTypes,top_value,1,Pooled Funds,638,94.5185
fts_internal_funding_global.csv,srcOrganizationTypes,top_value,2,Multilateral Organizations,24,3.5556
fts_internal_funding_global.csv,srcOrganizationTypes,top_value,3,NGOs,12,1.7778
fts_internal_funding_global.csv,srcOrganizationTypes,top_value,4,Red Cross/Red Crescent Organizations,1,0.1481
fts_internal_funding_global.csv,srcLocations,top_value,1,MMR,100,14.8148
fts_internal_funding_global.csv,srcLocations,top_value,2,SSD,93,13.7778
fts_internal_funding_global.csv,srcLocations,top_value,3,UKR,79,11.7037
fts_internal_funding_global.csv,srcLocations,top_value,4,SDN,69,10.2222
fts_internal_funding_global.csv,srcLocations,top_value,5,ETH,65,9.6296
fts_internal_funding_global.csv,srcLocations,top_value,6,SYR,56,8.2963
fts_internal_funding_global.csv,srcLocations,top_value,7,LBN,55,8.1481
fts_internal_funding_global.csv,srcLocations,top_value,8,MOZ,41,6.0741
fts_internal_funding_global.csv,srcLocations,top_value,9,NGA,29,4.2963
fts_internal_funding_global.csv,srcLocations,top_value,10,AFG,28,4.1481
fts_internal_funding_global.csv,srcUsageYearStart,top_value,1,2026,675,100.0
fts_internal_funding_global.csv,srcUsageYearStart,numeric_summary,min,2026,675,100.0
fts_internal_funding_global.csv,srcUsageYearStart,numeric_summary,p01,2026,675,100.0
fts_internal_funding_global.csv,srcUsageYearStart,numeric_summary,p25,2026,675,100.0
fts_internal_funding_global.csv,srcUsageYearStart,numeric_summary,p50,2026,675,100.0
fts_internal_funding_global.csv,srcUsageYearStart,numeric_summary,p75,2026,675,100.0
fts_internal_funding_global.csv,srcUsageYearStart,numeric_summary,p99,2026,675,100.0
fts_internal_funding_global.csv,srcUsageYearStart,numeric_summary,max,2026,675,100.0
fts_internal_funding_global.csv,srcUsageYearStart,numeric_summary,mean,2026,675,100.0
fts_internal_funding_global.csv,srcUsageYearEnd,top_value,1,2026,675,100.0
fts_internal_funding_global.csv,srcUsageYearEnd,numeric_summary,min,2026,675,100.0
fts_internal_funding_global.csv,srcUsageYearEnd,numeric_summary,p01,2026,675,100.0
fts_internal_funding_global.csv,srcUsageYearEnd,numeric_summary,p25,2026,675,100.0
fts_internal_funding_global.csv,srcUsageYearEnd,numeric_summary,p50,2026,675,100.0
fts_internal_funding_global.csv,srcUsageYearEnd,numeric_summary,p75,2026,675,100.0
fts_internal_funding_global.csv,srcUsageYearEnd,numeric_summary,p99,2026,675,100.0
fts_internal_funding_global.csv,srcUsageYearEnd,numeric_summary,max,2026,675,100.0
fts_internal_funding_global.csv,srcUsageYearEnd,numeric_summary,mean,2026,675,100.0
fts_internal_funding_global.csv,destPlan,top_value,1,Myanmar Humanitarian Needs and Response Plan 2026,100,15.0376
fts_internal_funding_global.csv,destPlan,top_value,2,South Sudan Humanitarian Needs and Response Plan 2026,93,13.985
fts_internal_funding_global.csv,destPlan,top_value,3,Ukraine Humanitarian Needs and Response Plan 2026,79,11.8797
fts_internal_funding_global.csv,destPlan,top_value,4,Sudan Humanitarian Needs and Response Plan 2026,68,10.2256
fts_internal_funding_global.csv,destPlan,top_value,5,Sudan Emergency: Regional Refugee Response Plan 2026,65,9.7744
fts_internal_funding_global.csv,destPlan,top_value,6,Syrian Arab Republic Humanitarian Response Priorities 2026,56,8.4211
fts_internal_funding_global.csv,destPlan,top_value,7,Lebanon Flash Appeal 2026,53,7.9699
fts_internal_funding_global.csv,destPlan,top_value,8,Mozambique Humanitarian Needs and Response Plan 2026,41,6.1654
fts_internal_funding_global.csv,destPlan,top_value,9,Nigeria Humanitarian Needs and Response Plan 2026,29,4.3609
fts_internal_funding_global.csv,destPlan,top_value,10,Afghanistan Humanitarian Needs and Response Plan 2026,28,4.2105
fts_internal_funding_global.csv,destPlanCode,top_value,1,HMMR26,100,15.0376
fts_internal_funding_global.csv,destPlanCode,top_value,2,HSSD26,93,13.985
fts_internal_funding_global.csv,destPlanCode,top_value,3,HUKR26,79,11.8797
fts_internal_funding_global.csv,destPlanCode,top_value,4,HSDN26,68,10.2256
fts_internal_funding_global.csv,destPlanCode,top_value,5,RREG26a,65,9.7744
fts_internal_funding_global.csv,destPlanCode,top_value,6,HSYR26,56,8.4211
fts_internal_funding_global.csv,destPlanCode,top_value,7,FLBN26,53,7.9699
fts_internal_funding_global.csv,destPlanCode,top_value,8,HMOZ26,41,6.1654
fts_internal_funding_global.csv,destPlanCode,top_value,9,HNGA26,29,4.3609
fts_internal_funding_global.csv,destPlanCode,top_value,10,HAFG26,28,4.2105
fts_internal_funding_global.csv,destPlanId,top_value,1,1505,100,15.0376
fts_internal_funding_global.csv,destPlanId,top_value,2,1512,93,13.985
fts_internal_funding_global.csv,destPlanId,top_value,3,1515,79,11.8797
fts_internal_funding_global.csv,destPlanId,top_value,4,1514,68,10.2256
fts_internal_funding_global.csv,destPlanId,top_value,5,1523,65,9.7744
fts_internal_funding_global.csv,destPlanId,top_value,6,1518,56,8.4211
fts_internal_funding_global.csv,destPlanId,top_value,7,1568,53,7.9699
fts_internal_funding_global.csv,destPlanId,top_value,8,1506,41,6.1654
fts_internal_funding_global.csv,destPlanId,top_value,9,1508,29,4.3609
fts_internal_funding_global.csv,destPlanId,top_value,10,1502,28,4.2105
fts_internal_funding_global.csv,destPlanId,numeric_summary,min,1499,665,100.0
fts_internal_funding_global.csv,destPlanId,numeric_summary,p01,1501,665,100.0
fts_internal_funding_global.csv,destPlanId,numeric_summary,p25,1506,665,100.0
fts_internal_funding_global.csv,destPlanId,numeric_summary,p50,1514,665,100.0
fts_internal_funding_global.csv,destPlanId,numeric_summary,p75,1518,665,100.0
fts_internal_funding_global.csv,destPlanId,numeric_summary,p99,1568,665,100.0
fts_internal_funding_global.csv,destPlanId,numeric_summary,max,1568,665,100.0
fts_internal_funding_global.csv,destPlanId,numeric_summary,mean,1516.46,665,100.0
fts_internal_funding_global.csv,destOrganization,top_value,1,International NGOs (Confidential),68,10.0741
fts_internal_funding_global.csv,destOrganization,top_value,2,UN Agencies (Confidential),32,4.7407
fts_internal_funding_global.csv,destOrganization,top_value,3,United Nations High Commissioner for Refugees,30,4.4444
fts_internal_funding_global.csv,destOrganization,top_value,4,Agency for Technical Cooperation and Development,26,3.8519
fts_internal_funding_global.csv,destOrganization,top_value,5,World Food Programme,26,3.8519
fts_internal_funding_global.csv,destOrganization,top_value,6,International Organization for Migration,25,3.7037
fts_internal_funding_global.csv,destOrganization,top_value,7,Norwegian Refugee Council,24,3.5556
fts_internal_funding_global.csv,destOrganization,top_value,8,United Nations Children's Fund,22,3.2593
fts_internal_funding_global.csv,destOrganization,top_value,9,Danish Refugee Council,20,2.963
fts_internal_funding_global.csv,destOrganization,top_value,10,World Vision International,15,2.2222
fts_internal_funding_global.csv,destOrganizationTypes,top_value,1,NGOs,521,77.1852
fts_internal_funding_global.csv,destOrganizationTypes,top_value,2,Multilateral Organizations,149,22.0741
fts_internal_funding_global.csv,destOrganizationTypes,top_value,3,Red Cross/Red Crescent Organizations,5,0.7407
fts_internal_funding_global.csv,destGlobalClusters,top_value,1,Protection,88,16.5103
fts_internal_funding_global.csv,destGlobalClusters,top_value,2,Water Sanitation Hygiene,78,14.6341
fts_internal_funding_global.csv,destGlobalClusters,top_value,3,Emergency Shelter and NFI,71,13.3208
fts_internal_funding_global.csv,destGlobalClusters,top_value,4,Food Security,66,12.3827
fts_internal_funding_global.csv,destGlobalClusters,top_value,5,Health,58,10.8818
fts_internal_funding_global.csv,destGlobalClusters,top_value,6,Multipurpose Cash,55,10.3189
fts_internal_funding_global.csv,destGlobalClusters,top_value,7,Nutrition,54,10.1313
fts_internal_funding_global.csv,destGlobalClusters,top_value,8,Multi-sector,12,2.2514
fts_internal_funding_global.csv,destGlobalClusters,top_value,9,Education,12,2.2514
fts_internal_funding_global.csv,destGlobalClusters,top_value,10,Protection - Child Protection,11,2.0638
fts_internal_funding_global.csv,destLocations,top_value,1,MMR,100,14.8148
fts_internal_funding_global.csv,destLocations,top_value,2,SSD,93,13.7778
fts_internal_funding_global.csv,destLocations,top_value,3,UKR,79,11.7037
fts_internal_funding_global.csv,destLocations,top_value,4,SDN,69,10.2222
fts_internal_funding_global.csv,destLocations,top_value,5,ETH,65,9.6296
fts_internal_funding_global.csv,destLocations,top_value,6,SYR,56,8.2963
fts_internal_funding_global.csv,destLocations,top_value,7,LBN,55,8.1481
fts_internal_funding_global.csv,destLocations,top_value,8,MOZ,41,6.0741
fts_internal_funding_global.csv,destLocations,top_value,9,NGA,29,4.2963
fts_internal_funding_global.csv,destLocations,top_value,10,AFG,28,4.1481
fts_internal_funding_global.csv,destEmergency,top_value,1,Mozambique: Floods 2026,36,92.3077
fts_internal_funding_global.csv,destEmergency,top_value,2,Syrian Arab Republic - Civil Unrest (from 2012),3,7.6923
fts_internal_funding_global.csv,destUsageYearStart,top_value,1,2026,675,100.0
fts_internal_funding_global.csv,destUsageYearStart,numeric_summary,min,2026,675,100.0
fts_internal_funding_global.csv,destUsageYearStart,numeric_summary,p01,2026,675,100.0
fts_internal_funding_global.csv,destUsageYearStart,numeric_summary,p25,2026,675,100.0
fts_internal_funding_global.csv,destUsageYearStart,numeric_summary,p50,2026,675,100.0
fts_internal_funding_global.csv,destUsageYearStart,numeric_summary,p75,2026,675,100.0
fts_internal_funding_global.csv,destUsageYearStart,numeric_summary,p99,2026,675,100.0
fts_internal_funding_global.csv,destUsageYearStart,numeric_summary,max,2026,675,100.0
fts_internal_funding_global.csv,destUsageYearStart,numeric_summary,mean,2026,675,100.0
fts_internal_funding_global.csv,destUsageYearEnd,top_value,1,2026,675,100.0
fts_internal_funding_global.csv,destUsageYearEnd,numeric_summary,min,2026,675,100.0
fts_internal_funding_global.csv,destUsageYearEnd,numeric_summary,p01,2026,675,100.0
fts_internal_funding_global.csv,destUsageYearEnd,numeric_summary,p25,2026,675,100.0
fts_internal_funding_global.csv,destUsageYearEnd,numeric_summary,p50,2026,675,100.0
fts_internal_funding_global.csv,destUsageYearEnd,numeric_summary,p75,2026,675,100.0
fts_internal_funding_global.csv,destUsageYearEnd,numeric_summary,p99,2026,675,100.0
fts_internal_funding_global.csv,destUsageYearEnd,numeric_summary,max,2026,675,100.0
fts_internal_funding_global.csv,destUsageYearEnd,numeric_summary,mean,2026,675,100.0
fts_internal_funding_global.csv,contributionType,top_value,1,financial,675,100.0
fts_internal_funding_global.csv,flowType,top_value,1,Standard,509,75.4074
fts_internal_funding_global.csv,flowType,top_value,2,Parked,139,20.5926
fts_internal_funding_global.csv,flowType,top_value,3,Pass through,27,4.0
fts_internal_funding_global.csv,method,top_value,1,Traditional aid,521,77.1852
fts_internal_funding_global.csv,method,top_value,2,Cash transfer programming (CTP),154,22.8148
fts_internal_funding_global.csv,boundary,top_value,1,internal,675,100.0
fts_internal_funding_global.csv,onBoundary,top_value,1,single,675,100.0
fts_internal_funding_global.csv,status,top_value,1,paid,600,88.8889
fts_internal_funding_global.csv,status,top_value,2,commitment,71,10.5185
fts_internal_funding_global.csv,status,top_value,3,pledge,4,0.5926
fts_internal_funding_global.csv,firstReportedDate,top_value,1,2026-03-27,109,16.1481
fts_internal_funding_global.csv,firstReportedDate,top_value,2,2026-03-06,53,7.8519
fts_internal_funding_global.csv,firstReportedDate,top_value,3,2026-03-25,52,7.7037
fts_internal_funding_global.csv,firstReportedDate,top_value,4,2026-04-02,45,6.6667
fts_internal_funding_global.csv,firstReportedDate,top_value,5,2026-03-31,43,6.3704
fts_internal_funding_global.csv,firstReportedDate,top_value,6,2026-03-30,38,5.6296
fts_internal_funding_global.csv,firstReportedDate,top_value,7,2026-03-23,37,5.4815
fts_internal_funding_global.csv,firstReportedDate,top_value,8,2026-03-24,34,5.037
fts_internal_funding_global.csv,firstReportedDate,top_value,9,2026-03-26,28,4.1481
fts_internal_funding_global.csv,firstReportedDate,top_value,10,2026-04-08,26,3.8519
fts_internal_funding_global.csv,decisionDate,top_value,1,2026-03-27,64,9.4815
fts_internal_funding_global.csv,decisionDate,top_value,2,2026-03-31,58,8.5926
fts_internal_funding_global.csv,decisionDate,top_value,3,2026-04-15,55,8.1481
fts_internal_funding_global.csv,decisionDate,top_value,4,2026-04-01,50,7.4074
fts_internal_funding_global.csv,decisionDate,top_value,5,2026-04-07,44,6.5185
fts_internal_funding_global.csv,decisionDate,top_value,6,2026-04-06,42,6.2222
fts_internal_funding_global.csv,decisionDate,top_value,7,2026-03-25,40,5.9259
fts_internal_funding_global.csv,decisionDate,top_value,8,2026-03-26,36,5.3333
fts_internal_funding_global.csv,decisionDate,top_value,9,2026-04-02,28,4.1481
fts_internal_funding_global.csv,decisionDate,top_value,10,2026-03-30,26,3.8519
fts_internal_funding_global.csv,originalAmount,top_value,1,1000000,2,7.4074
fts_internal_funding_global.csv,originalAmount,top_value,2,878967,1,3.7037
fts_internal_funding_global.csv,originalAmount,top_value,3,431378,1,3.7037
fts_internal_funding_global.csv,originalAmount,top_value,4,190994,1,3.7037
fts_internal_funding_global.csv,originalAmount,top_value,5,156670000,1,3.7037
fts_internal_funding_global.csv,originalAmount,top_value,6,10533928,1,3.7037
fts_internal_funding_global.csv,originalAmount,top_value,7,72088730,1,3.7037
fts_internal_funding_global.csv,originalAmount,top_value,8,1833934,1,3.7037
fts_internal_funding_global.csv,originalAmount,top_value,9,1841671,1,3.7037
fts_internal_funding_global.csv,originalAmount,top_value,10,583211827,1,3.7037
fts_internal_funding_global.csv,originalAmount,numeric_summary,min,100000,27,100.0
fts_internal_funding_global.csv,originalAmount,numeric_summary,p01,103780.4,27,100.0
fts_internal_funding_global.csv,originalAmount,numeric_summary,p25,343553.5,27,100.0
fts_internal_funding_global.csv,originalAmount,numeric_summary,p50,1000000,27,100.0
fts_internal_funding_global.csv,originalAmount,numeric_summary,p75,3836742.5,27,100.0
fts_internal_funding_global.csv,originalAmount,numeric_summary,p99,472310951.98,27,100.0
fts_internal_funding_global.csv,originalAmount,numeric_summary,max,583211827,27,100.0
fts_internal_funding_global.csv,originalAmount,numeric_summary,mean,36389237.48,27,100.0
fts_internal_funding_global.csv,originalCurrency,top_value,1,EUR,16,59.2593
fts_internal_funding_global.csv,originalCurrency,top_value,2,MDL,4,14.8148
fts_internal_funding_global.csv,originalCurrency,top_value,3,BDT,3,11.1111
fts_internal_funding_global.csv,originalCurrency,top_value,4,GBP,2,7.4074
fts_internal_funding_global.csv,originalCurrency,top_value,5,COP,1,3.7037
fts_internal_funding_global.csv,originalCurrency,top_value,6,XAF,1,3.7037
fts_internal_funding_global.csv,exchangeRate,top_value,1,16.7814,4,14.8148
fts_internal_funding_global.csv,exchangeRate,top_value,2,0.8356,3,11.1111
fts_internal_funding_global.csv,exchangeRate,top_value,3,0.856,3,11.1111
fts_internal_funding_global.csv,exchangeRate,top_value,4,0.863,2,7.4074
fts_internal_funding_global.csv,exchangeRate,top_value,5,0.8506,1,3.7037
fts_internal_funding_global.csv,exchangeRate,top_value,6,0.8621,1,3.7037
fts_internal_funding_global.csv,exchangeRate,top_value,7,0.897,1,3.7037
fts_internal_funding_global.csv,exchangeRate,top_value,8,119.5,1,3.7037
fts_internal_funding_global.csv,exchangeRate,top_value,9,121.5,1,3.7037
fts_internal_funding_global.csv,exchangeRate,top_value,10,122.29,1,3.7037
fts_internal_funding_global.csv,exchangeRate,numeric_summary,min,0.741,27,100.0
fts_internal_funding_global.csv,exchangeRate,numeric_summary,p01,0.7448,27,100.0
fts_internal_funding_global.csv,exchangeRate,numeric_summary,p25,0.8543,27,100.0
fts_internal_funding_global.csv,exchangeRate,numeric_summary,p50,0.863,27,100.0
fts_internal_funding_global.csv,exchangeRate,numeric_summary,p75,16.78,27,100.0
fts_internal_funding_global.csv,exchangeRate,numeric_summary,p99,3156.94,27,100.0
fts_internal_funding_global.csv,exchangeRate,numeric_summary,max,4045,27,100.0
fts_internal_funding_global.csv,exchangeRate,numeric_summary,mean,189.63,27,100.0
fts_internal_funding_global.csv,id,top_value,1,384280,1,0.1481
fts_internal_funding_global.csv,id,top_value,2,384281,1,0.1481
fts_internal_funding_global.csv,id,top_value,3,384273,1,0.1481
fts_internal_funding_global.csv,id,top_value,4,384274,1,0.1481
fts_internal_funding_global.csv,id,top_value,5,384275,1,0.1481
fts_internal_funding_global.csv,id,top_value,6,384276,1,0.1481
fts_internal_funding_global.csv,id,top_value,7,384277,1,0.1481
fts_internal_funding_global.csv,id,top_value,8,384278,1,0.1481
fts_internal_funding_global.csv,id,top_value,9,384279,1,0.1481
fts_internal_funding_global.csv,id,top_value,10,384282,1,0.1481
fts_internal_funding_global.csv,id,numeric_summary,min,334352,675,100.0
fts_internal_funding_global.csv,id,numeric_summary,p01,363833.7,675,100.0
fts_internal_funding_global.csv,id,numeric_summary,p25,383295.5,675,100.0
fts_internal_funding_global.csv,id,numeric_summary,p50,383833,675,100.0
fts_internal_funding_global.csv,id,numeric_summary,p75,384285.5,675,100.0
fts_internal_funding_global.csv,id,numeric_summary,p99,385839.26,675,100.0
fts_internal_funding_global.csv,id,numeric_summary,max,385894,675,100.0
fts_internal_funding_global.csv,id,numeric_summary,mean,383260.31,675,100.0
fts_internal_funding_global.csv,refCode,top_value,1,CBPF-MM-26-R-INGO-NSFT-39343,13,1.9259
fts_internal_funding_global.csv,refCode,top_value,2,CBPF-MM-26-R-INGO-NSFT-39430,12,1.7778
fts_internal_funding_global.csv,refCode,top_value,3,CBPF-MM-26-R-INGO-NSFT-39337,12,1.7778
fts_internal_funding_global.csv,refCode,top_value,4,CBPF-UKR-26-R-INGO-NSFT-39311,12,1.7778
fts_internal_funding_global.csv,refCode,top_value,5,CBPF-MM-26-R-INGO-NSFT-39335,10,1.4815
fts_internal_funding_global.csv,refCode,top_value,6,CBPF-MM-26-R-UN-NSFT-39349,10,1.4815
fts_internal_funding_global.csv,refCode,top_value,7,CBPF-UKR-26-R-NGO-NSFT-39310,9,1.3333
fts_internal_funding_global.csv,refCode,top_value,8,CBPF-MM-26-R-INGO-NSFT-39334,8,1.1852
fts_internal_funding_global.csv,refCode,top_value,9,CBPF-MM-26-R-INGO-NSFT-39351,8,1.1852
fts_internal_funding_global.csv,refCode,top_value,10,CBPF-MOZ-26-R-NGO-NSFT-39415,8,1.1852
fts_internal_funding_global.csv,createdAt,top_value,1,2026-04-11,186,27.5556
fts_internal_funding_global.csv,createdAt,top_value,2,2026-04-16,98,14.5185
fts_internal_funding_global.csv,createdAt,top_value,3,2026-04-04,63,9.3333
fts_internal_funding_global.csv,createdAt,top_value,4,2026-04-09,47,6.963
fts_internal_funding_global.csv,createdAt,top_value,5,2026-04-14,44,6.5185
fts_internal_funding_global.csv,createdAt,top_value,6,2026-04-07,35,5.1852
fts_internal_funding_global.csv,createdAt,top_value,7,2026-04-08,32,4.7407
fts_internal_funding_global.csv,createdAt,top_value,8,2026-04-02,22,3.2593
fts_internal_funding_global.csv,createdAt,top_value,9,2026-04-17,22,3.2593
fts_internal_funding_global.csv,createdAt,top_value,10,2026-03-17,19,2.8148
fts_internal_funding_global.csv,updatedAt,top_value,1,2026-04-13,242,35.8519
fts_internal_funding_global.csv,updatedAt,top_value,2,2026-04-16,98,14.5185
fts_internal_funding_global.csv,updatedAt,top_value,3,2026-04-14,87,12.8889
fts_internal_funding_global.csv,updatedAt,top_value,4,2026-04-06,52,7.7037
fts_internal_funding_global.csv,updatedAt,top_value,5,2026-04-09,43,6.3704
fts_internal_funding_global.csv,updatedAt,top_value,6,2026-04-08,27,4.0
fts_internal_funding_global.csv,updatedAt,top_value,7,2026-04-17,22,3.2593
fts_internal_funding_global.csv,updatedAt,top_value,8,2026-04-02,19,2.8148
fts_internal_funding_global.csv,updatedAt,top_value,9,2026-03-30,16,2.3704
fts_internal_funding_global.csv,updatedAt,top_value,10,2026-04-03,11,1.6296
fts_outgoing_funding_global.csv,date,top_value,1,2026-04-14,549,17.1616
fts_outgoing_funding_global.csv,date,top_value,2,2026-02-16,427,13.3479
fts_outgoing_funding_global.csv,date,top_value,3,2026-03-24,322,10.0656
fts_outgoing_funding_global.csv,date,top_value,4,2026-04-15,199,6.2207
fts_outgoing_funding_global.csv,date,top_value,5,2026-03-12,170,5.3142
fts_outgoing_funding_global.csv,date,top_value,6,2026-04-10,89,2.7821
fts_outgoing_funding_global.csv,date,top_value,7,2026-02-26,84,2.6258
fts_outgoing_funding_global.csv,date,top_value,8,2026-03-03,83,2.5946
fts_outgoing_funding_global.csv,date,top_value,9,2026-02-11,77,2.407
fts_outgoing_funding_global.csv,date,top_value,10,2024-01-12,61,1.9068
fts_outgoing_funding_global.csv,budgetYear,top_value,1,2026,2090,69.783
fts_outgoing_funding_global.csv,budgetYear,top_value,2,2025,428,14.2905
fts_outgoing_funding_global.csv,budgetYear,top_value,3,2024,223,7.4457
fts_outgoing_funding_global.csv,budgetYear,top_value,4,2022,134,4.4741
fts_outgoing_funding_global.csv,budgetYear,top_value,5,2023,100,3.3389
fts_outgoing_funding_global.csv,budgetYear,top_value,6,2021,9,0.3005
fts_outgoing_funding_global.csv,budgetYear,top_value,7,2019,5,0.1669
fts_outgoing_funding_global.csv,budgetYear,top_value,8,2020,3,0.1002
fts_outgoing_funding_global.csv,budgetYear,top_value,9,2013,1,0.0334
fts_outgoing_funding_global.csv,budgetYear,top_value,10,2018,1,0.0334
fts_outgoing_funding_global.csv,budgetYear,numeric_summary,min,2006,2995,100.0
fts_outgoing_funding_global.csv,budgetYear,numeric_summary,p01,2022,2995,100.0
fts_outgoing_funding_global.csv,budgetYear,numeric_summary,p25,2025,2995,100.0
fts_outgoing_funding_global.csv,budgetYear,numeric_summary,p50,2026,2995,100.0
fts_outgoing_funding_global.csv,budgetYear,numeric_summary,p75,2026,2995,100.0
fts_outgoing_funding_global.csv,budgetYear,numeric_summary,p99,2026,2995,100.0
fts_outgoing_funding_global.csv,budgetYear,numeric_summary,max,2026,2995,100.0
fts_outgoing_funding_global.csv,budgetYear,numeric_summary,mean,2025.38,2995,100.0
fts_outgoing_funding_global.csv,description,top_value,1,Humanitarian Assistance,165,5.1579
fts_outgoing_funding_global.csv,description,top_value,2,Distributing food to poor children,95,2.9697
fts_outgoing_funding_global.csv,description,top_value,3,Food Security - Food Assistance,56,1.7505
fts_outgoing_funding_global.csv,description,top_value,4,fasting breakfast,44,1.3754
fts_outgoing_funding_global.csv,description,top_value,5,Sponsorship of orphans and poor families,44,1.3754
fts_outgoing_funding_global.csv,description,top_value,6,Economic Empowerment Program,34,1.0628
fts_outgoing_funding_global.csv,description,top_value,7,"Three strategic priorities permeate across all strategic partnerships in the period. Democratic values and human rights, fragile context and displacement, and climate and green solutions are present through different approaches and varying emphasis in line with the technical capacity and the partner’s core competencies.",32,1.0003
fts_outgoing_funding_global.csv,description,top_value,8,Sweden Contribution to OCHA 2026,31,0.9691
fts_outgoing_funding_global.csv,description,top_value,9,Distributing clothes to poor children,26,0.8128
fts_outgoing_funding_global.csv,description,top_value,10,Water Projects,25,0.7815
fts_outgoing_funding_global.csv,amountUSD,top_value,1,0,102,3.1885
fts_outgoing_funding_global.csv,amountUSD,top_value,2,500000,21,0.6565
fts_outgoing_funding_global.csv,amountUSD,top_value,3,400000,20,0.6252
fts_outgoing_funding_global.csv,amountUSD,top_value,4,136986,19,0.5939
fts_outgoing_funding_global.csv,amountUSD,top_value,5,1000000,18,0.5627
fts_outgoing_funding_global.csv,amountUSD,top_value,6,2000000,16,0.5002
fts_outgoing_funding_global.csv,amountUSD,top_value,7,50000,16,0.5002
fts_outgoing_funding_global.csv,amountUSD,top_value,8,27397,16,0.5002
fts_outgoing_funding_global.csv,amountUSD,top_value,9,125000,15,0.4689
fts_outgoing_funding_global.csv,amountUSD,top_value,10,273973,14,0.4376
fts_outgoing_funding_global.csv,amountUSD,numeric_summary,min,-37444934,3199,100.0
fts_outgoing_funding_global.csv,amountUSD,numeric_summary,p01,0,3199,100.0
fts_outgoing_funding_global.csv,amountUSD,numeric_summary,p25,51489,3199,100.0
fts_outgoing_funding_global.csv,amountUSD,numeric_summary,p50,251596,3199,100.0
fts_outgoing_funding_global.csv,amountUSD,numeric_summary,p75,963317,3199,100.0
fts_outgoing_funding_global.csv,amountUSD,numeric_summary,p99,52398462.24,3199,100.0
fts_outgoing_funding_global.csv,amountUSD,numeric_summary,max,326914977,3199,100.0
fts_outgoing_funding_global.csv,amountUSD,numeric_summary,mean,2355461.74,3199,100.0
fts_outgoing_funding_global.csv,srcOrganization,top_value,1,"Switzerland, Government of",874,27.321
fts_outgoing_funding_global.csv,srcOrganization,top_value,2,Qatar Charity,480,15.0047
fts_outgoing_funding_global.csv,srcOrganization,top_value,3,"Canada, Government of",299,9.3467
fts_outgoing_funding_global.csv,srcOrganization,top_value,4,"Germany, Government of",241,7.5336
fts_outgoing_funding_global.csv,srcOrganization,top_value,5,"Japan, Government of",232,7.2523
fts_outgoing_funding_global.csv,srcOrganization,top_value,6,Namaa Charity - Social Reform Society,161,5.0328
fts_outgoing_funding_global.csv,srcOrganization,top_value,7,"Saudi Arabia (Kingdom of), Government of",120,3.7512
fts_outgoing_funding_global.csv,srcOrganization,top_value,8,"Denmark, Government of",119,3.7199
fts_outgoing_funding_global.csv,srcOrganization,top_value,9,"Norway, Government of",97,3.0322
fts_outgoing_funding_global.csv,srcOrganization,top_value,10,"Sweden, Government of",81,2.532
fts_outgoing_funding_global.csv,srcOrganizationTypes,top_value,1,Governments,2548,79.6499
fts_outgoing_funding_global.csv,srcOrganizationTypes,top_value,2,NGOs,647,20.2251
fts_outgoing_funding_global.csv,srcOrganizationTypes,top_value,3,Private Organizations,3,0.0938
fts_outgoing_funding_global.csv,srcOrganizationTypes,top_value,4,Multilateral Organizations,1,0.0313
fts_outgoing_funding_global.csv,srcLocations,top_value,1,CHE,876,27.3836
fts_outgoing_funding_global.csv,srcLocations,top_value,2,QAT,531,16.5989
fts_outgoing_funding_global.csv,srcLocations,top_value,3,CAN,300,9.3779
fts_outgoing_funding_global.csv,srcLocations,top_value,4,DEU,247,7.7212
fts_outgoing_funding_global.csv,srcLocations,top_value,5,JPN,232,7.2523
fts_outgoing_funding_global.csv,srcLocations,top_value,6,KWT,173,5.4079
fts_outgoing_funding_global.csv,srcLocations,top_value,7,DNK,122,3.8137
fts_outgoing_funding_global.csv,srcLocations,top_value,8,SAU,120,3.7512
fts_outgoing_funding_global.csv,srcLocations,top_value,9,NOR,97,3.0322
fts_outgoing_funding_global.csv,srcLocations,top_value,10,SWE,96,3.0009
fts_outgoing_funding_global.csv,srcUsageYearStart,top_value,1,2026,3105,97.0616
fts_outgoing_funding_global.csv,srcUsageYearStart,top_value,2,2025,40,1.2504
fts_outgoing_funding_global.csv,srcUsageYearStart,top_value,3,2024,36,1.1254
fts_outgoing_funding_global.csv,srcUsageYearStart,top_value,4,2023,16,0.5002
fts_outgoing_funding_global.csv,srcUsageYearStart,top_value,5,2021,1,0.0313
fts_outgoing_funding_global.csv,srcUsageYearStart,top_value,6,2022,1,0.0313
fts_outgoing_funding_global.csv,srcUsageYearStart,numeric_summary,min,2021,3199,100.0
fts_outgoing_funding_global.csv,srcUsageYearStart,numeric_summary,p01,2024,3199,100.0
fts_outgoing_funding_global.csv,srcUsageYearStart,numeric_summary,p25,2026,3199,100.0
fts_outgoing_funding_global.csv,srcUsageYearStart,numeric_summary,p50,2026,3199,100.0
fts_outgoing_funding_global.csv,srcUsageYearStart,numeric_summary,p75,2026,3199,100.0
fts_outgoing_funding_global.csv,srcUsageYearStart,numeric_summary,p99,2026,3199,100.0
fts_outgoing_funding_global.csv,srcUsageYearStart,numeric_summary,max,2026,3199,100.0
fts_outgoing_funding_global.csv,srcUsageYearStart,numeric_summary,mean,2025.95,3199,100.0
fts_outgoing_funding_global.csv,srcUsageYearEnd,top_value,1,2026,3193,99.8124
fts_outgoing_funding_global.csv,srcUsageYearEnd,top_value,2,2028,3,0.0938
fts_outgoing_funding_global.csv,srcUsageYearEnd,top_value,3,2027,2,0.0625
fts_outgoing_funding_global.csv,srcUsageYearEnd,top_value,4,2030,1,0.0313
fts_outgoing_funding_global.csv,srcUsageYearEnd,numeric_summary,min,2026,3199,100.0
fts_outgoing_funding_global.csv,srcUsageYearEnd,numeric_summary,p01,2026,3199,100.0
fts_outgoing_funding_global.csv,srcUsageYearEnd,numeric_summary,p25,2026,3199,100.0
fts_outgoing_funding_global.csv,srcUsageYearEnd,numeric_summary,p50,2026,3199,100.0
fts_outgoing_funding_global.csv,srcUsageYearEnd,numeric_summary,p75,2026,3199,100.0
fts_outgoing_funding_global.csv,srcUsageYearEnd,numeric_summary,p99,2026,3199,100.0
fts_outgoing_funding_global.csv,srcUsageYearEnd,numeric_summary,max,2030,3199,100.0
fts_outgoing_funding_global.csv,srcUsageYearEnd,numeric_summary,mean,2026,3199,100.0
fts_outgoing_funding_global.csv,destPlan,top_value,1,Escalation of Hostilities in the OPT Flash Appeal 2026,139,7.8487
fts_outgoing_funding_global.csv,destPlan,top_value,2,Syrian Arab Republic Humanitarian Response Priorities 2026,125,7.0582
fts_outgoing_funding_global.csv,destPlan,top_value,3,Ukraine Humanitarian Needs and Response Plan 2026,124,7.0017
fts_outgoing_funding_global.csv,destPlan,top_value,4,Yemen Humanitarian Needs and Response Plan 2026,100,5.6465
fts_outgoing_funding_global.csv,destPlan,top_value,5,Myanmar Humanitarian Needs and Response Plan 2026,92,5.1948
fts_outgoing_funding_global.csv,destPlan,top_value,6,Sudan Humanitarian Needs and Response Plan 2026,84,4.7431
fts_outgoing_funding_global.csv,destPlan,top_value,7,Syrian Arab Republic Regional Refugee and Resilience Plan (3RP) 2026,84,4.7431
fts_outgoing_funding_global.csv,destPlan,top_value,8,Global Humanitarian Overview GHO 2026 (Plan not yet defined) 2026,74,4.1784
fts_outgoing_funding_global.csv,destPlan,top_value,9,République Démocratique du Congo Besoins Humanitaires et Plan de Réponse 2026,70,3.9526
fts_outgoing_funding_global.csv,destPlan,top_value,10,Afghanistan Humanitarian Needs and Response Plan 2026,69,3.8961
fts_outgoing_funding_global.csv,destPlanCode,top_value,1,FPSE26,139,7.8487
fts_outgoing_funding_global.csv,destPlanCode,top_value,2,HSYR26,125,7.0582
fts_outgoing_funding_global.csv,destPlanCode,top_value,3,HUKR26,124,7.0017
fts_outgoing_funding_global.csv,destPlanCode,top_value,4,HYEM26,100,5.6465
fts_outgoing_funding_global.csv,destPlanCode,top_value,5,HMMR26,92,5.1948
fts_outgoing_funding_global.csv,destPlanCode,top_value,6,HSDN26,84,4.7431
fts_outgoing_funding_global.csv,destPlanCode,top_value,7,RJORLBNTUR26,84,4.7431
fts_outgoing_funding_global.csv,destPlanCode,top_value,8,O26,74,4.1784
fts_outgoing_funding_global.csv,destPlanCode,top_value,9,HCOD26,70,3.9526
fts_outgoing_funding_global.csv,destPlanCode,top_value,10,HAFG26,69,3.8961
fts_outgoing_funding_global.csv,destPlanId,top_value,1,1510,139,7.8487
fts_outgoing_funding_global.csv,destPlanId,top_value,2,1518,125,7.0582
fts_outgoing_funding_global.csv,destPlanId,top_value,3,1515,124,7.0017
fts_outgoing_funding_global.csv,destPlanId,top_value,4,1520,100,5.6465
fts_outgoing_funding_global.csv,destPlanId,top_value,5,1505,92,5.1948
fts_outgoing_funding_global.csv,destPlanId,top_value,6,1514,84,4.7431
fts_outgoing_funding_global.csv,destPlanId,top_value,7,1528,84,4.7431
fts_outgoing_funding_global.csv,destPlanId,top_value,8,1566,74,4.1784
fts_outgoing_funding_global.csv,destPlanId,top_value,9,1509,70,3.9526
fts_outgoing_funding_global.csv,destPlanId,top_value,10,1502,69,3.8961
fts_outgoing_funding_global.csv,destPlanId,numeric_summary,min,1212,1771,100.0
fts_outgoing_funding_global.csv,destPlanId,numeric_summary,p01,1498,1771,100.0
fts_outgoing_funding_global.csv,destPlanId,numeric_summary,p25,1508,1771,100.0
fts_outgoing_funding_global.csv,destPlanId,numeric_summary,p50,1514,1771,100.0
fts_outgoing_funding_global.csv,destPlanId,numeric_summary,p75,1520,1771,100.0
fts_outgoing_funding_global.csv,destPlanId,numeric_summary,p99,1568,1771,100.0
fts_outgoing_funding_global.csv,destPlanId,numeric_summary,max,1603,1771,100.0
fts_outgoing_funding_global.csv,destPlanId,numeric_summary,mean,1516.34,1771,100.0
fts_outgoing_funding_global.csv,destOrganization,top_value,1,Qatar Charity,448,14.0925
fts_outgoing_funding_global.csv,destOrganization,top_value,2,World Food Programme,309,9.72
fts_outgoing_funding_global.csv,destOrganization,top_value,3,International NGOs (Confidential),275,8.6505
fts_outgoing_funding_global.csv,destOrganization,top_value,4,United Nations High Commissioner for Refugees,236,7.4237
fts_outgoing_funding_global.csv,destOrganization,top_value,5,National NGOs (Confidential),214,6.7317
fts_outgoing_funding_global.csv,destOrganization,top_value,6,Swiss Development Cooperation/Swiss Humanitarian Aid,136,4.2781
fts_outgoing_funding_global.csv,destOrganization,top_value,7,United Nations Children's Fund,125,3.9321
fts_outgoing_funding_global.csv,destOrganization,top_value,8,Private (individuals & organizations),104,3.2715
fts_outgoing_funding_global.csv,destOrganization,top_value,9,Norwegian Refugee Council,89,2.7996
fts_outgoing_funding_global.csv,destOrganization,top_value,10,International Committee of the Red Cross,75,2.3592
fts_outgoing_funding_global.csv,destOrganizationTypes,top_value,1,NGOs,1513,47.5936
fts_outgoing_funding_global.csv,destOrganizationTypes,top_value,2,Multilateral Organizations,1006,31.6452
fts_outgoing_funding_global.csv,destOrganizationTypes,top_value,3,Governments,243,7.6439
fts_outgoing_funding_global.csv,destOrganizationTypes,top_value,4,Red Cross/Red Crescent Organizations,151,4.7499
fts_outgoing_funding_global.csv,destOrganizationTypes,top_value,5,Pooled Funds,132,4.1522
fts_outgoing_funding_global.csv,destOrganizationTypes,top_value,6,Private Organizations,129,4.0579
fts_outgoing_funding_global.csv,destOrganizationTypes,top_value,7,Other,3,0.0944
fts_outgoing_funding_global.csv,destOrganizationTypes,top_value,8,"Multilateral Organizations,Multilateral Organizations",2,0.0629
fts_outgoing_funding_global.csv,destGlobalClusters,top_value,1,Food Security,603,22.7204
fts_outgoing_funding_global.csv,destGlobalClusters,top_value,2,Protection,351,13.2253
fts_outgoing_funding_global.csv,destGlobalClusters,top_value,3,Health,240,9.043
fts_outgoing_funding_global.csv,destGlobalClusters,top_value,4,Multi-sector,169,6.3677
fts_outgoing_funding_global.csv,destGlobalClusters,top_value,5,Nutrition,150,5.6518
fts_outgoing_funding_global.csv,destGlobalClusters,top_value,6,Education,138,5.1997
fts_outgoing_funding_global.csv,destGlobalClusters,top_value,7,Water Sanitation Hygiene,138,5.1997
fts_outgoing_funding_global.csv,destGlobalClusters,top_value,8,Logistics,113,4.2577
fts_outgoing_funding_global.csv,destGlobalClusters,top_value,9,Coordination and support services,100,3.7679
fts_outgoing_funding_global.csv,destGlobalClusters,top_value,10,Protection - Child Protection,96,3.6172
fts_outgoing_funding_global.csv,destLocations,top_value,1,UKR,163,6.0595
fts_outgoing_funding_global.csv,destLocations,top_value,2,PSE,157,5.8364
fts_outgoing_funding_global.csv,destLocations,top_value,3,SYR,144,5.3532
fts_outgoing_funding_global.csv,destLocations,top_value,4,YEM,125,4.6468
fts_outgoing_funding_global.csv,destLocations,top_value,5,LBN,109,4.052
fts_outgoing_funding_global.csv,destLocations,top_value,6,SDN,102,3.7918
fts_outgoing_funding_global.csv,destLocations,top_value,7,MMR,96,3.5688
fts_outgoing_funding_global.csv,destLocations,top_value,8,AFG,81,3.0112
fts_outgoing_funding_global.csv,destLocations,top_value,9,BGD,79,2.9368
fts_outgoing_funding_global.csv,destLocations,top_value,10,NER,78,2.8996
fts_outgoing_funding_global.csv,destProject,top_value,1,Peru: United Nations High Commissioner for Refugees (Protection response),8,47.0588
fts_outgoing_funding_global.csv,destProject,top_value,2,Colombia: United Nations High Commissioner for Refugees (Protection response),2,11.7647
fts_outgoing_funding_global.csv,destProject,top_value,3,Peru: World Food Programme (Food Security response),1,5.8824
fts_outgoing_funding_global.csv,destProject,top_value,4,Uganda: United Nations High Commissioner for Refugees (Protection response),1,5.8824
fts_outgoing_funding_global.csv,destProject,top_value,5,Colombia: United Nations High Commissioner for Refugees (Shelter response),1,5.8824
fts_outgoing_funding_global.csv,destProject,top_value,6,Colombia: United Nations High Commissioner for Refugees (Protection - Child Protection response),1,5.8824
fts_outgoing_funding_global.csv,destProject,top_value,7,Peru: United Nations High Commissioner for Refugees (Financial Support response),1,5.8824
fts_outgoing_funding_global.csv,destProject,top_value,8,Enhancing access and efficiency of comprehensive quality healthcare services for Rohingya refugees and surrounding host communities in Cox's Bazar District,1,5.8824
fts_outgoing_funding_global.csv,destProject,top_value,9,Colombia: World Food Programme (Food Security response),1,5.8824
fts_outgoing_funding_global.csv,destProjectCode,top_value,1,RREG26b-PRO|PRO-CPN|PRO-GBV|PRO-HTS-233202-1,8,47.0588
fts_outgoing_funding_global.csv,destProjectCode,top_value,2,RREG26b-FSC-233268-1,1,5.8824
fts_outgoing_funding_global.csv,destProjectCode,top_value,3,RETHKENUGA25-PRO-229753-1,1,5.8824
fts_outgoing_funding_global.csv,destProjectCode,top_value,4,RREG26b-SHL-233214-1,1,5.8824
fts_outgoing_funding_global.csv,destProjectCode,top_value,5,RREG26b-PRO|PRO-CPN|PRO-GBV|PRO-HTS-233197-1,1,5.8824
fts_outgoing_funding_global.csv,destProjectCode,top_value,6,RREG26b-PRO|PRO-CPN|PRO-GBV|PRO-HTS-233174-1,1,5.8824
fts_outgoing_funding_global.csv,destProjectCode,top_value,7,RREG26b-MPC-233146-1,1,5.8824
fts_outgoing_funding_global.csv,destProjectCode,top_value,8,RBGD25-HEA-223028-1,1,5.8824
fts_outgoing_funding_global.csv,destProjectCode,top_value,9,RREG25-PRO-226905-1,1,5.8824
fts_outgoing_funding_global.csv,destProjectCode,top_value,10,RREG26b-FSC-233267-1,1,5.8824
fts_outgoing_funding_global.csv,destEmergency,top_value,1,Mozambique: Floods 2026,21,21.2121
fts_outgoing_funding_global.csv,destEmergency,top_value,2,Sudan Complex Emergency 2023,19,19.1919
fts_outgoing_funding_global.csv,destEmergency,top_value,3,oPt Complex Emergency 2023-24,16,16.1616
fts_outgoing_funding_global.csv,destEmergency,top_value,4,Ukraine Crisis 2022,14,14.1414
fts_outgoing_funding_global.csv,destEmergency,top_value,5,Syrian Arab Republic - Civil Unrest (from 2012),12,12.1212
fts_outgoing_funding_global.csv,destEmergency,top_value,6,VENEZUELA Outflow - Regional Refugees and Migrants,8,8.0808
fts_outgoing_funding_global.csv,destEmergency,top_value,7,Afghanistan Complex Emergency August 2021,4,4.0404
fts_outgoing_funding_global.csv,destEmergency,top_value,8,Myanmar Earthquake 2025,3,3.0303
fts_outgoing_funding_global.csv,destEmergency,top_value,9,Multiple,1,1.0101
fts_outgoing_funding_global.csv,destEmergency,top_value,10,Lebanon Complex Emergency 2024,1,1.0101
fts_outgoing_funding_global.csv,destUsageYearStart,top_value,1,2026,3023,94.4983
fts_outgoing_funding_global.csv,destUsageYearStart,top_value,2,2027,67,2.0944
fts_outgoing_funding_global.csv,destUsageYearStart,top_value,3,2025,54,1.688
fts_outgoing_funding_global.csv,destUsageYearStart,top_value,4,2024,36,1.1254
fts_outgoing_funding_global.csv,destUsageYearStart,top_value,5,2023,16,0.5002
fts_outgoing_funding_global.csv,destUsageYearStart,top_value,6,2022,2,0.0625
fts_outgoing_funding_global.csv,destUsageYearStart,top_value,7,2021,1,0.0313
fts_outgoing_funding_global.csv,destUsageYearStart,numeric_summary,min,2021,3199,100.0
fts_outgoing_funding_global.csv,destUsageYearStart,numeric_summary,p01,2024,3199,100.0
fts_outgoing_funding_global.csv,destUsageYearStart,numeric_summary,p25,2026,3199,100.0
fts_outgoing_funding_global.csv,destUsageYearStart,numeric_summary,p50,2026,3199,100.0
fts_outgoing_funding_global.csv,destUsageYearStart,numeric_summary,p75,2026,3199,100.0
fts_outgoing_funding_global.csv,destUsageYearStart,numeric_summary,p99,2027,3199,100.0
fts_outgoing_funding_global.csv,destUsageYearStart,numeric_summary,max,2027,3199,100.0
fts_outgoing_funding_global.csv,destUsageYearStart,numeric_summary,mean,2025.96,3199,100.0
fts_outgoing_funding_global.csv,destUsageYearEnd,top_value,1,2026,3110,97.2179
fts_outgoing_funding_global.csv,destUsageYearEnd,top_value,2,2027,71,2.2194
fts_outgoing_funding_global.csv,destUsageYearEnd,top_value,3,2025,13,0.4064
fts_outgoing_funding_global.csv,destUsageYearEnd,top_value,4,2028,3,0.0938
fts_outgoing_funding_global.csv,destUsageYearEnd,top_value,5,2030,1,0.0313
fts_outgoing_funding_global.csv,destUsageYearEnd,top_value,6,2022,1,0.0313
fts_outgoing_funding_global.csv,destUsageYearEnd,numeric_summary,min,2022,3199,100.0
fts_outgoing_funding_global.csv,destUsageYearEnd,numeric_summary,p01,2026,3199,100.0
fts_outgoing_funding_global.csv,destUsageYearEnd,numeric_summary,p25,2026,3199,100.0
fts_outgoing_funding_global.csv,destUsageYearEnd,numeric_summary,p50,2026,3199,100.0
fts_outgoing_funding_global.csv,destUsageYearEnd,numeric_summary,p75,2026,3199,100.0
fts_outgoing_funding_global.csv,destUsageYearEnd,numeric_summary,p99,2027,3199,100.0
fts_outgoing_funding_global.csv,destUsageYearEnd,numeric_summary,max,2030,3199,100.0
fts_outgoing_funding_global.csv,destUsageYearEnd,numeric_summary,mean,2026.02,3199,100.0
fts_outgoing_funding_global.csv,contributionType,top_value,1,financial,2959,92.4977
fts_outgoing_funding_global.csv,contributionType,top_value,2,in kind,240,7.5023
fts_outgoing_funding_global.csv,flowType,top_value,1,Standard,3029,94.6858
fts_outgoing_funding_global.csv,flowType,top_value,2,Parked,155,4.8453
fts_outgoing_funding_global.csv,flowType,top_value,3,Pass through,14,0.4376
fts_outgoing_funding_global.csv,flowType,top_value,4,Carryover,1,0.0313
fts_outgoing_funding_global.csv,method,top_value,1,Traditional aid,3058,95.5924
fts_outgoing_funding_global.csv,method,top_value,2,Cash transfer programming (CTP),141,4.4076
fts_outgoing_funding_global.csv,boundary,top_value,1,outgoing,3199,100.0
fts_outgoing_funding_global.csv,onBoundary,top_value,1,single,3069,95.9362
fts_outgoing_funding_global.csv,onBoundary,top_value,2,shared,130,4.0638
fts_outgoing_funding_global.csv,status,top_value,1,paid,1628,50.8909
fts_outgoing_funding_global.csv,status,top_value,2,commitment,1380,43.1385
fts_outgoing_funding_global.csv,status,top_value,3,pledge,191,5.9706
fts_outgoing_funding_global.csv,firstReportedDate,top_value,1,2026-04-07,505,15.7862
fts_outgoing_funding_global.csv,firstReportedDate,top_value,2,2026-02-11,462,14.442
fts_outgoing_funding_global.csv,firstReportedDate,top_value,3,2026-03-23,271,8.4714
fts_outgoing_funding_global.csv,firstReportedDate,top_value,4,2026-04-09,180,5.6268
fts_outgoing_funding_global.csv,firstReportedDate,top_value,5,2026-03-12,124,3.8762
fts_outgoing_funding_global.csv,firstReportedDate,top_value,6,2026-03-03,121,3.7824
fts_outgoing_funding_global.csv,firstReportedDate,top_value,7,2026-04-14,99,3.0947
fts_outgoing_funding_global.csv,firstReportedDate,top_value,8,2025-05-06,90,2.8134
fts_outgoing_funding_global.csv,firstReportedDate,top_value,9,2026-04-01,86,2.6883
fts_outgoing_funding_global.csv,firstReportedDate,top_value,10,2026-02-04,77,2.407
fts_outgoing_funding_global.csv,decisionDate,top_value,1,2026-01-01,239,8.0148
fts_outgoing_funding_global.csv,decisionDate,top_value,2,2025-03-09,119,3.9906
fts_outgoing_funding_global.csv,decisionDate,top_value,3,2026-03-12,117,3.9235
fts_outgoing_funding_global.csv,decisionDate,top_value,4,2026-01-02,93,3.1187
fts_outgoing_funding_global.csv,decisionDate,top_value,5,2026-02-19,65,2.1797
fts_outgoing_funding_global.csv,decisionDate,top_value,6,2026-02-26,65,2.1797
fts_outgoing_funding_global.csv,decisionDate,top_value,7,2025-01-01,63,2.1127
fts_outgoing_funding_global.csv,decisionDate,top_value,8,2025-10-01,57,1.9115
fts_outgoing_funding_global.csv,decisionDate,top_value,9,2026-02-11,57,1.9115
fts_outgoing_funding_global.csv,decisionDate,top_value,10,2024-01-12,49,1.6432
fts_outgoing_funding_global.csv,keywords,top_value,1,Multiyear,232,76.3158
fts_outgoing_funding_global.csv,keywords,top_value,2,"Mine action,Multiyear",16,5.2632
fts_outgoing_funding_global.csv,keywords,top_value,3,FCDO,11,3.6184
fts_outgoing_funding_global.csv,keywords,top_value,4,Food Assistance,10,3.2895
fts_outgoing_funding_global.csv,keywords,top_value,5,Earthquake,5,1.6447
fts_outgoing_funding_global.csv,keywords,top_value,6,AICS,5,1.6447
fts_outgoing_funding_global.csv,keywords,top_value,7,USAID/BHA,5,1.6447
fts_outgoing_funding_global.csv,keywords,top_value,8,DANIDA,4,1.3158
fts_outgoing_funding_global.csv,keywords,top_value,9,"USAID/BHA,Food Assistance",3,0.9868
fts_outgoing_funding_global.csv,keywords,top_value,10,SDC,2,0.6579
fts_outgoing_funding_global.csv,originalAmount,top_value,1,0,112,3.8754
fts_outgoing_funding_global.csv,originalAmount,top_value,2,1000000,89,3.0796
fts_outgoing_funding_global.csv,originalAmount,top_value,3,100000,78,2.699
fts_outgoing_funding_global.csv,originalAmount,top_value,4,500000,70,2.4221
fts_outgoing_funding_global.csv,originalAmount,top_value,5,2000000,54,1.8685
fts_outgoing_funding_global.csv,originalAmount,top_value,6,150000,53,1.8339
fts_outgoing_funding_global.csv,originalAmount,top_value,7,1500000,36,1.2457
fts_outgoing_funding_global.csv,originalAmount,top_value,8,200000,34,1.1765
fts_outgoing_funding_global.csv,originalAmount,top_value,9,250000,33,1.1419
fts_outgoing_funding_global.csv,originalAmount,top_value,10,50000,31,1.0727
fts_outgoing_funding_global.csv,originalAmount,numeric_summary,min,-34000000,2890,100.0
fts_outgoing_funding_global.csv,originalAmount,numeric_summary,p01,0,2890,100.0
fts_outgoing_funding_global.csv,originalAmount,numeric_summary,p25,65000,2890,100.0
fts_outgoing_funding_global.csv,originalAmount,numeric_summary,p50,360431.5,2890,100.0
fts_outgoing_funding_global.csv,originalAmount,numeric_summary,p75,1500000,2890,100.0
fts_outgoing_funding_global.csv,originalAmount,numeric_summary,p99,468850000,2890,100.0
fts_outgoing_funding_global.csv,originalAmount,numeric_summary,max,18000000000,2890,100.0
fts_outgoing_funding_global.csv,originalAmount,numeric_summary,mean,35070308.06,2890,100.0
fts_outgoing_funding_global.csv,originalCurrency,top_value,1,CHF,875,30.2768
fts_outgoing_funding_global.csv,originalCurrency,top_value,2,QAR,484,16.7474
fts_outgoing_funding_global.csv,originalCurrency,top_value,3,EUR,458,15.8478
fts_outgoing_funding_global.csv,originalCurrency,top_value,4,CAD,300,10.3806
fts_outgoing_funding_global.csv,originalCurrency,top_value,5,KWD,163,5.6401
fts_outgoing_funding_global.csv,originalCurrency,top_value,6,DKK,122,4.2215
fts_outgoing_funding_global.csv,originalCurrency,top_value,7,SAR,115,3.9792
fts_outgoing_funding_global.csv,originalCurrency,top_value,8,JPY,102,3.5294
fts_outgoing_funding_global.csv,originalCurrency,top_value,9,NOK,96,3.3218
fts_outgoing_funding_global.csv,originalCurrency,top_value,10,SEK,95,3.2872
fts_outgoing_funding_global.csv,exchangeRate,top_value,1,0.8,374,12.9457
fts_outgoing_funding_global.csv,exchangeRate,top_value,2,0.783,168,5.8152
fts_outgoing_funding_global.csv,exchangeRate,top_value,3,1.3978,122,4.2229
fts_outgoing_funding_global.csv,exchangeRate,top_value,4,9.468,90,3.1153
fts_outgoing_funding_global.csv,exchangeRate,top_value,5,0.835,89,3.0807
fts_outgoing_funding_global.csv,exchangeRate,top_value,6,1.443,77,2.6653
fts_outgoing_funding_global.csv,exchangeRate,top_value,7,150,53,1.8345
fts_outgoing_funding_global.csv,exchangeRate,top_value,8,0.867,51,1.7653
fts_outgoing_funding_global.csv,exchangeRate,top_value,9,3.75,46,1.5922
fts_outgoing_funding_global.csv,exchangeRate,top_value,10,1.36,41,1.4192
fts_outgoing_funding_global.csv,exchangeRate,numeric_summary,min,0.3025,2889,100.0
fts_outgoing_funding_global.csv,exchangeRate,numeric_summary,p01,0.303,2889,100.0
fts_outgoing_funding_global.csv,exchangeRate,numeric_summary,p25,0.8,2889,100.0
fts_outgoing_funding_global.csv,exchangeRate,numeric_summary,p50,0.933,2889,100.0
fts_outgoing_funding_global.csv,exchangeRate,numeric_summary,p75,3.65,2889,100.0
fts_outgoing_funding_global.csv,exchangeRate,numeric_summary,p99,153.16,2889,100.0
fts_outgoing_funding_global.csv,exchangeRate,numeric_summary,max,1429.59,2889,100.0
fts_outgoing_funding_global.csv,exchangeRate,numeric_summary,mean,8.6,2889,100.0
fts_outgoing_funding_global.csv,id,top_value,1,374223,1,0.0313
fts_outgoing_funding_global.csv,id,top_value,2,384437,1,0.0313
fts_outgoing_funding_global.csv,id,top_value,3,384468,1,0.0313
fts_outgoing_funding_global.csv,id,top_value,4,384469,1,0.0313
fts_outgoing_funding_global.csv,id,top_value,5,384470,1,0.0313
fts_outgoing_funding_global.csv,id,top_value,6,384471,1,0.0313
fts_outgoing_funding_global.csv,id,top_value,7,384083,1,0.0313
fts_outgoing_funding_global.csv,id,top_value,8,379099,1,0.0313
fts_outgoing_funding_global.csv,id,top_value,9,374227,1,0.0313
fts_outgoing_funding_global.csv,id,top_value,10,373455,1,0.0313
fts_outgoing_funding_global.csv,id,numeric_summary,min,256541,3199,100.0
fts_outgoing_funding_global.csv,id,numeric_summary,p01,299251.92,3199,100.0
fts_outgoing_funding_global.csv,id,numeric_summary,p25,377571.5,3199,100.0
fts_outgoing_funding_global.csv,id,numeric_summary,p50,380668,3199,100.0
fts_outgoing_funding_global.csv,id,numeric_summary,p75,384519.5,3199,100.0
fts_outgoing_funding_global.csv,id,numeric_summary,p99,385729.02,3199,100.0
fts_outgoing_funding_global.csv,id,numeric_summary,max,385905,3199,100.0
fts_outgoing_funding_global.csv,id,numeric_summary,mean,373682.72,3199,100.0
fts_outgoing_funding_global.csv,refCode,top_value,1,P015654,24,0.7992
fts_outgoing_funding_global.csv,refCode,top_value,2,P015250,21,0.6993
fts_outgoing_funding_global.csv,refCode,top_value,3,P015657,16,0.5328
fts_outgoing_funding_global.csv,refCode,top_value,4,#GHO2026Prioritized,16,0.5328
fts_outgoing_funding_global.csv,refCode,top_value,5,P015659,15,0.4995
fts_outgoing_funding_global.csv,refCode,top_value,6,P015655,15,0.4995
fts_outgoing_funding_global.csv,refCode,top_value,7,P012726,14,0.4662
fts_outgoing_funding_global.csv,refCode,top_value,8,SA/WHO/091	OCR S JP ROM 2026,13,0.4329
fts_outgoing_funding_global.csv,refCode,top_value,9,P015567,12,0.3996
fts_outgoing_funding_global.csv,refCode,top_value,10,PMJ/NV/97/2026,12,0.3996
fts_outgoing_funding_global.csv,createdAt,top_value,1,2026-04-14,571,17.8493
fts_outgoing_funding_global.csv,createdAt,top_value,2,2026-02-16,420,13.1291
fts_outgoing_funding_global.csv,createdAt,top_value,3,2026-03-24,313,9.7843
fts_outgoing_funding_global.csv,createdAt,top_value,4,2026-04-15,233,7.2835
fts_outgoing_funding_global.csv,createdAt,top_value,5,2026-03-12,180,5.6268
fts_outgoing_funding_global.csv,createdAt,top_value,6,2026-04-10,105,3.2823
fts_outgoing_funding_global.csv,createdAt,top_value,7,2026-03-03,83,2.5946
fts_outgoing_funding_global.csv,createdAt,top_value,8,2026-02-26,79,2.4695
fts_outgoing_funding_global.csv,createdAt,top_value,9,2026-02-11,77,2.407
fts_outgoing_funding_global.csv,createdAt,top_value,10,2026-04-02,57,1.7818
fts_outgoing_funding_global.csv,updatedAt,top_value,1,2026-04-14,633,19.7874
fts_outgoing_funding_global.csv,updatedAt,top_value,2,2026-03-25,257,8.0338
fts_outgoing_funding_global.csv,updatedAt,top_value,3,2026-04-15,245,7.6586
fts_outgoing_funding_global.csv,updatedAt,top_value,4,2026-02-25,180,5.6268
fts_outgoing_funding_global.csv,updatedAt,top_value,5,2026-03-12,138,4.3138
fts_outgoing_funding_global.csv,updatedAt,top_value,6,2026-04-10,113,3.5324
fts_outgoing_funding_global.csv,updatedAt,top_value,7,2026-03-24,90,2.8134
fts_outgoing_funding_global.csv,updatedAt,top_value,8,2026-02-16,87,2.7196
fts_outgoing_funding_global.csv,updatedAt,top_value,9,2026-03-03,76,2.3757
fts_outgoing_funding_global.csv,updatedAt,top_value,10,2026-02-17,71,2.2194
fts_requirements_funding_cluster_global.csv,countryCode,top_value,1,COD,331,4.122
fts_requirements_funding_cluster_global.csv,countryCode,top_value,2,SDN,305,3.7983
fts_requirements_funding_cluster_global.csv,countryCode,top_value,3,SOM,297,3.6986
fts_requirements_funding_cluster_global.csv,countryCode,top_value,4,CAF,287,3.5741
fts_requirements_funding_cluster_global.csv,countryCode,top_value,5,SYR,270,3.3624
fts_requirements_funding_cluster_global.csv,countryCode,top_value,6,HTI,268,3.3375
fts_requirements_funding_cluster_global.csv,countryCode,top_value,7,AFG,263,3.2752
fts_requirements_funding_cluster_global.csv,countryCode,top_value,8,YEM,259,3.2254
fts_requirements_funding_cluster_global.csv,countryCode,top_value,9,TCD,254,3.1631
fts_requirements_funding_cluster_global.csv,countryCode,top_value,10,SSD,242,3.0137
fts_requirements_funding_cluster_global.csv,id,top_value,1,869,32,0.3985
fts_requirements_funding_cluster_global.csv,id,top_value,2,865,30,0.3736
fts_requirements_funding_cluster_global.csv,id,top_value,3,924,29,0.3611
fts_requirements_funding_cluster_global.csv,id,top_value,4,927,28,0.3487
fts_requirements_funding_cluster_global.csv,id,top_value,5,870,27,0.3362
fts_requirements_funding_cluster_global.csv,id,top_value,6,906,26,0.3238
fts_requirements_funding_cluster_global.csv,id,top_value,7,919,26,0.3238
fts_requirements_funding_cluster_global.csv,id,top_value,8,866,25,0.3113
fts_requirements_funding_cluster_global.csv,id,top_value,9,908,24,0.2989
fts_requirements_funding_cluster_global.csv,id,top_value,10,831,24,0.2989
fts_requirements_funding_cluster_global.csv,id,numeric_summary,min,34,8030,100.0
fts_requirements_funding_cluster_global.csv,id,numeric_summary,p01,80,8030,100.0
fts_requirements_funding_cluster_global.csv,id,numeric_summary,p25,391.25,8030,100.0
fts_requirements_funding_cluster_global.csv,id,numeric_summary,p50,655,8030,100.0
fts_requirements_funding_cluster_global.csv,id,numeric_summary,p75,1089.5,8030,100.0
fts_requirements_funding_cluster_global.csv,id,numeric_summary,p99,1523.42,8030,100.0
fts_requirements_funding_cluster_global.csv,id,numeric_summary,max,1603,8030,100.0
fts_requirements_funding_cluster_global.csv,id,numeric_summary,mean,736.68,8030,100.0
fts_requirements_funding_cluster_global.csv,name,top_value,1,Nigeria Humanitarian Response Plan 2020,32,0.3985
fts_requirements_funding_cluster_global.csv,name,top_value,2,South Sudan Humanitarian Response Plan 2020,30,0.3736
fts_requirements_funding_cluster_global.csv,name,top_value,3,Syrian Arab Republic Humanitarian Response Plan 2020,29,0.3611
fts_requirements_funding_cluster_global.csv,name,top_value,4,Cameroon Humanitarian Response Plan 2020,28,0.3487
fts_requirements_funding_cluster_global.csv,name,top_value,5,Sudan Humanitarian Response Plan 2020,27,0.3362
fts_requirements_funding_cluster_global.csv,name,top_value,6,Rohingya Humanitarian Crisis Joint Response Plan 2020,26,0.3238
fts_requirements_funding_cluster_global.csv,name,top_value,7,République Démocratique du Congo Plan de Réponse Humanitaire 2020,26,0.3238
fts_requirements_funding_cluster_global.csv,name,top_value,8,Iraq Humanitarian Response Plan 2020,25,0.3113
fts_requirements_funding_cluster_global.csv,name,top_value,9,Niger Plan de Réponse Humanitaire 2020,24,0.2989
fts_requirements_funding_cluster_global.csv,name,top_value,10,Somalia Humanitarian Response Plan 2020,24,0.2989
fts_requirements_funding_cluster_global.csv,code,top_value,1,HNGA20,32,0.3985
fts_requirements_funding_cluster_global.csv,code,top_value,2,HSSD20,30,0.3736
fts_requirements_funding_cluster_global.csv,code,top_value,3,HSYR20,29,0.3611
fts_requirements_funding_cluster_global.csv,code,top_value,4,HCMR20,28,0.3487
fts_requirements_funding_cluster_global.csv,code,top_value,5,HSDN20,27,0.3362
fts_requirements_funding_cluster_global.csv,code,top_value,6,RBGD20,26,0.3238
fts_requirements_funding_cluster_global.csv,code,top_value,7,HCOD20,26,0.3238
fts_requirements_funding_cluster_global.csv,code,top_value,8,HIRQ20,25,0.3113
fts_requirements_funding_cluster_global.csv,code,top_value,9,HNER20,24,0.2989
fts_requirements_funding_cluster_global.csv,code,top_value,10,HSOM20,24,0.2989
fts_requirements_funding_cluster_global.csv,startDate,top_value,1,2020-01-01,555,6.9116
fts_requirements_funding_cluster_global.csv,startDate,top_value,2,2025-01-01,422,5.2553
fts_requirements_funding_cluster_global.csv,startDate,top_value,3,2023-01-01,397,4.944
fts_requirements_funding_cluster_global.csv,startDate,top_value,4,2022-01-01,376,4.6824
fts_requirements_funding_cluster_global.csv,startDate,top_value,5,2024-01-01,358,4.4583
fts_requirements_funding_cluster_global.csv,startDate,top_value,6,2021-01-01,352,4.3836
fts_requirements_funding_cluster_global.csv,startDate,top_value,7,2019-01-01,342,4.259
fts_requirements_funding_cluster_global.csv,startDate,top_value,8,2026-01-01,306,3.8107
fts_requirements_funding_cluster_global.csv,startDate,top_value,9,2016-01-01,301,3.7484
fts_requirements_funding_cluster_global.csv,startDate,top_value,10,2017-01-01,294,3.6613
fts_requirements_funding_cluster_global.csv,endDate,top_value,1,2020-12-31,757,9.4271
fts_requirements_funding_cluster_global.csv,endDate,top_value,2,2024-12-31,475,5.9153
fts_requirements_funding_cluster_global.csv,endDate,top_value,3,2021-12-31,443,5.5168
fts_requirements_funding_cluster_global.csv,endDate,top_value,4,2023-12-31,402,5.0062
fts_requirements_funding_cluster_global.csv,endDate,top_value,5,2022-12-31,400,4.9813
fts_requirements_funding_cluster_global.csv,endDate,top_value,6,2025-12-31,366,4.5579
fts_requirements_funding_cluster_global.csv,endDate,top_value,7,2016-12-31,353,4.396
fts_requirements_funding_cluster_global.csv,endDate,top_value,8,2017-12-31,341,4.2466
fts_requirements_funding_cluster_global.csv,endDate,top_value,9,2019-12-31,332,4.1345
fts_requirements_funding_cluster_global.csv,endDate,top_value,10,2018-12-31,320,3.9851
fts_requirements_funding_cluster_global.csv,year,top_value,1,2020,813,10.1245
fts_requirements_funding_cluster_global.csv,year,top_value,2,2024,508,6.3263
fts_requirements_funding_cluster_global.csv,year,top_value,3,2021,487,6.0648
fts_requirements_funding_cluster_global.csv,year,top_value,4,2023,470,5.8531
fts_requirements_funding_cluster_global.csv,year,top_value,5,2025,465,5.7908
fts_requirements_funding_cluster_global.csv,year,top_value,6,2022,464,5.7783
fts_requirements_funding_cluster_global.csv,year,top_value,7,2016,397,4.944
fts_requirements_funding_cluster_global.csv,year,top_value,8,2017,384,4.7821
fts_requirements_funding_cluster_global.csv,year,top_value,9,2019,367,4.5704
fts_requirements_funding_cluster_global.csv,year,top_value,10,2026,352,4.3836
fts_requirements_funding_cluster_global.csv,year,numeric_summary,min,2000,8030,100.0
fts_requirements_funding_cluster_global.csv,year,numeric_summary,p01,2002,8030,100.0
fts_requirements_funding_cluster_global.csv,year,numeric_summary,p25,2012,8030,100.0
fts_requirements_funding_cluster_global.csv,year,numeric_summary,p50,2018,8030,100.0
fts_requirements_funding_cluster_global.csv,year,numeric_summary,p75,2022,8030,100.0
fts_requirements_funding_cluster_global.csv,year,numeric_summary,p99,2026,8030,100.0
fts_requirements_funding_cluster_global.csv,year,numeric_summary,max,2026,8030,100.0
fts_requirements_funding_cluster_global.csv,year,numeric_summary,mean,2017.02,8030,100.0
fts_requirements_funding_cluster_global.csv,clusterCode,top_value,1,1524,2,0.0312
fts_requirements_funding_cluster_global.csv,clusterCode,top_value,2,1526,2,0.0312
fts_requirements_funding_cluster_global.csv,clusterCode,top_value,3,5107,2,0.0312
fts_requirements_funding_cluster_global.csv,clusterCode,top_value,4,1081,2,0.0312
fts_requirements_funding_cluster_global.csv,clusterCode,top_value,5,1584,2,0.0312
fts_requirements_funding_cluster_global.csv,clusterCode,top_value,6,3928,2,0.0312
fts_requirements_funding_cluster_global.csv,clusterCode,top_value,7,8837,1,0.0156
fts_requirements_funding_cluster_global.csv,clusterCode,top_value,8,8838,1,0.0156
fts_requirements_funding_cluster_global.csv,clusterCode,top_value,9,8603,1,0.0156
fts_requirements_funding_cluster_global.csv,clusterCode,top_value,10,8831,1,0.0156
fts_requirements_funding_cluster_global.csv,clusterCode,numeric_summary,min,113,6400,100.0
fts_requirements_funding_cluster_global.csv,clusterCode,numeric_summary,p01,176.99,6400,100.0
fts_requirements_funding_cluster_global.csv,clusterCode,numeric_summary,p25,2011.75,6400,100.0
fts_requirements_funding_cluster_global.csv,clusterCode,numeric_summary,p50,4398.5,6400,100.0
fts_requirements_funding_cluster_global.csv,clusterCode,numeric_summary,p75,6633.25,6400,100.0
fts_requirements_funding_cluster_global.csv,clusterCode,numeric_summary,p99,8896.02,6400,100.0
fts_requirements_funding_cluster_global.csv,clusterCode,numeric_summary,max,8996,6400,100.0
fts_requirements_funding_cluster_global.csv,clusterCode,numeric_summary,mean,4387.12,6400,100.0
fts_requirements_funding_cluster_global.csv,cluster,top_value,1,Not specified,815,10.1494
fts_requirements_funding_cluster_global.csv,cluster,top_value,2,Multiple clusters/sectors (shared),815,10.1494
fts_requirements_funding_cluster_global.csv,cluster,top_value,3,Protection,338,4.2092
fts_requirements_funding_cluster_global.csv,cluster,top_value,4,Education,333,4.1469
fts_requirements_funding_cluster_global.csv,cluster,top_value,5,Nutrition,303,3.7733
fts_requirements_funding_cluster_global.csv,cluster,top_value,6,Health,266,3.3126
fts_requirements_funding_cluster_global.csv,cluster,top_value,7,HEALTH,168,2.0922
fts_requirements_funding_cluster_global.csv,cluster,top_value,8,EDUCATION,167,2.0797
fts_requirements_funding_cluster_global.csv,cluster,top_value,9,WASH,159,1.9801
fts_requirements_funding_cluster_global.csv,cluster,top_value,10,NUTRITION,147,1.8306
fts_requirements_funding_cluster_global.csv,requirements,top_value,1,2000000,23,0.365
fts_requirements_funding_cluster_global.csv,requirements,top_value,2,4000000,21,0.3333
fts_requirements_funding_cluster_global.csv,requirements,top_value,3,1500000,17,0.2698
fts_requirements_funding_cluster_global.csv,requirements,top_value,4,500000,17,0.2698
fts_requirements_funding_cluster_global.csv,requirements,top_value,5,15000000,16,0.2539
fts_requirements_funding_cluster_global.csv,requirements,top_value,6,5000000,16,0.2539
fts_requirements_funding_cluster_global.csv,requirements,top_value,7,1000000,14,0.2222
fts_requirements_funding_cluster_global.csv,requirements,top_value,8,0,14,0.2222
fts_requirements_funding_cluster_global.csv,requirements,top_value,9,7000000,14,0.2222
fts_requirements_funding_cluster_global.csv,requirements,top_value,10,2500000,13,0.2063
fts_requirements_funding_cluster_global.csv,requirements,numeric_summary,min,0,6301,100.0
fts_requirements_funding_cluster_global.csv,requirements,numeric_summary,p01,100000,6301,100.0
fts_requirements_funding_cluster_global.csv,requirements,numeric_summary,p25,5024115,6301,100.0
fts_requirements_funding_cluster_global.csv,requirements,numeric_summary,p50,20234348,6301,100.0
fts_requirements_funding_cluster_global.csv,requirements,numeric_summary,p75,60427957,6301,100.0
fts_requirements_funding_cluster_global.csv,requirements,numeric_summary,p99,651459552,6301,100.0
fts_requirements_funding_cluster_global.csv,requirements,numeric_summary,max,2997000000,6301,100.0
fts_requirements_funding_cluster_global.csv,requirements,numeric_summary,mean,65345335.89,6301,100.0
fts_requirements_funding_cluster_global.csv,funding,top_value,1,0,582,7.8079
fts_requirements_funding_cluster_global.csv,funding,top_value,2,1000000,16,0.2146
fts_requirements_funding_cluster_global.csv,funding,top_value,3,200000,12,0.161
fts_requirements_funding_cluster_global.csv,funding,top_value,4,500000,9,0.1207
fts_requirements_funding_cluster_global.csv,funding,top_value,5,300000,8,0.1073
fts_requirements_funding_cluster_global.csv,funding,top_value,6,400000,7,0.0939
fts_requirements_funding_cluster_global.csv,funding,top_value,7,1500000,7,0.0939
fts_requirements_funding_cluster_global.csv,funding,top_value,8,100000,6,0.0805
fts_requirements_funding_cluster_global.csv,funding,top_value,9,600000,4,0.0537
fts_requirements_funding_cluster_global.csv,funding,top_value,10,20000,4,0.0537
fts_requirements_funding_cluster_global.csv,funding,numeric_summary,min,-982300072,7454,100.0
fts_requirements_funding_cluster_global.csv,funding,numeric_summary,p01,0,7454,100.0
fts_requirements_funding_cluster_global.csv,funding,numeric_summary,p25,1452602.5,7454,100.0
fts_requirements_funding_cluster_global.csv,funding,numeric_summary,p50,7554034.5,7454,100.0
fts_requirements_funding_cluster_global.csv,funding,numeric_summary,p75,27071090.75,7454,100.0
fts_requirements_funding_cluster_global.csv,funding,numeric_summary,p99,378120175.62,7454,100.0
fts_requirements_funding_cluster_global.csv,funding,numeric_summary,max,2019776857,7454,100.0
fts_requirements_funding_cluster_global.csv,funding,numeric_summary,mean,33004224.44,7454,100.0
fts_requirements_funding_cluster_global.csv,percentFunded,top_value,1,21,91,1.5763
fts_requirements_funding_cluster_global.csv,percentFunded,top_value,2,32,90,1.559
fts_requirements_funding_cluster_global.csv,percentFunded,top_value,3,15,90,1.559
fts_requirements_funding_cluster_global.csv,percentFunded,top_value,4,16,89,1.5417
fts_requirements_funding_cluster_global.csv,percentFunded,top_value,5,37,87,1.507
fts_requirements_funding_cluster_global.csv,percentFunded,top_value,6,25,86,1.4897
fts_requirements_funding_cluster_global.csv,percentFunded,top_value,7,22,86,1.4897
fts_requirements_funding_cluster_global.csv,percentFunded,top_value,8,29,83,1.4377
fts_requirements_funding_cluster_global.csv,percentFunded,top_value,9,0,82,1.4204
fts_requirements_funding_cluster_global.csv,percentFunded,top_value,10,24,82,1.4204
fts_requirements_funding_cluster_global.csv,percentFunded,numeric_summary,min,0,5773,100.0
fts_requirements_funding_cluster_global.csv,percentFunded,numeric_summary,p01,0,5773,100.0
fts_requirements_funding_cluster_global.csv,percentFunded,numeric_summary,p25,21,5773,100.0
fts_requirements_funding_cluster_global.csv,percentFunded,numeric_summary,p50,39,5773,100.0
fts_requirements_funding_cluster_global.csv,percentFunded,numeric_summary,p75,65,5773,100.0
fts_requirements_funding_cluster_global.csv,percentFunded,numeric_summary,p99,272.84,5773,100.0
fts_requirements_funding_cluster_global.csv,percentFunded,numeric_summary,max,8582,5773,100.0
fts_requirements_funding_cluster_global.csv,percentFunded,numeric_summary,mean,54.52,5773,100.0
fts_requirements_funding_covid_global.csv,countryCode,top_value,1,COL,7,4.6053
fts_requirements_funding_covid_global.csv,countryCode,top_value,2,IRQ,5,3.2895
fts_requirements_funding_covid_global.csv,countryCode,top_value,3,LBN,5,3.2895
fts_requirements_funding_covid_global.csv,countryCode,top_value,4,AFG,4,2.6316
fts_requirements_funding_covid_global.csv,countryCode,top_value,5,COD,4,2.6316
fts_requirements_funding_covid_global.csv,countryCode,top_value,6,ETH,4,2.6316
fts_requirements_funding_covid_global.csv,countryCode,top_value,7,NGA,4,2.6316
fts_requirements_funding_covid_global.csv,countryCode,top_value,8,PSE,4,2.6316
fts_requirements_funding_covid_global.csv,countryCode,top_value,9,TZA,4,2.6316
fts_requirements_funding_covid_global.csv,countryCode,top_value,10,BDI,3,1.9737
fts_requirements_funding_covid_global.csv,id,top_value,1,944,15,9.8684
fts_requirements_funding_covid_global.csv,id,top_value,2,946,5,3.2895
fts_requirements_funding_covid_global.csv,id,top_value,3,1020,5,3.2895
fts_requirements_funding_covid_global.csv,id,top_value,4,943,5,3.2895
fts_requirements_funding_covid_global.csv,id,top_value,5,1092,4,2.6316
fts_requirements_funding_covid_global.csv,id,top_value,6,1006,3,1.9737
fts_requirements_funding_covid_global.csv,id,top_value,7,1021,3,1.9737
fts_requirements_funding_covid_global.csv,id,top_value,8,947,3,1.9737
fts_requirements_funding_covid_global.csv,id,top_value,9,1069,2,1.3158
fts_requirements_funding_covid_global.csv,id,top_value,10,945,2,1.3158
fts_requirements_funding_covid_global.csv,id,numeric_summary,min,830,152,100.0
fts_requirements_funding_covid_global.csv,id,numeric_summary,p01,831.51,152,100.0
fts_requirements_funding_covid_global.csv,id,numeric_summary,p25,944,152,100.0
fts_requirements_funding_covid_global.csv,id,numeric_summary,p50,1005.5,152,100.0
fts_requirements_funding_covid_global.csv,id,numeric_summary,p75,1041.25,152,100.0
fts_requirements_funding_covid_global.csv,id,numeric_summary,p99,1101.49,152,100.0
fts_requirements_funding_covid_global.csv,id,numeric_summary,max,1104,152,100.0
fts_requirements_funding_covid_global.csv,id,numeric_summary,mean,996.03,152,100.0
fts_requirements_funding_covid_global.csv,name,top_value,1,Venezuela Regional Refugee and Migrant Response Plan (RMRP) 2020,15,9.8684
fts_requirements_funding_covid_global.csv,name,top_value,2,Democratic Republic of the Congo Regional Refugee Response Plan 2020,5,3.2895
fts_requirements_funding_covid_global.csv,name,top_value,3,Syrian Arab Republic Regional Refugee and Resilience Plan (3RP) 2021,5,3.2895
fts_requirements_funding_covid_global.csv,name,top_value,4,Syrian Arab Republic Regional Refugee and Resilience Plan (3RP) 2020,5,3.2895
fts_requirements_funding_covid_global.csv,name,top_value,5,Democratic Republic of the Congo Regional Refugee Response Plan 2022,4,2.6316
fts_requirements_funding_covid_global.csv,name,top_value,6,GHRP (COVID) Famine Prevention 2020,3,1.9737
fts_requirements_funding_covid_global.csv,name,top_value,7,Venezuela Regional Refugee and Migrant Response Plan (RMRP) 2021,3,1.9737
fts_requirements_funding_covid_global.csv,name,top_value,8,South Sudan Regional Refugee Response Plan 2020,3,1.9737
fts_requirements_funding_covid_global.csv,name,top_value,9,Venezuela Regional Refugee and Migrant Response Plan (RMRP) 2022,2,1.3158
fts_requirements_funding_covid_global.csv,name,top_value,10,Burundi Regional Refugee Response Plan 2020,2,1.3158
fts_requirements_funding_covid_global.csv,code,top_value,1,RREG20,15,9.8684
fts_requirements_funding_covid_global.csv,code,top_value,2,RDRCRRP20,5,3.2895
fts_requirements_funding_covid_global.csv,code,top_value,3,RSYR21,5,3.2895
fts_requirements_funding_covid_global.csv,code,top_value,4,RSYR20,5,3.2895
fts_requirements_funding_covid_global.csv,code,top_value,5,RDRCRRP22,4,2.6316
fts_requirements_funding_covid_global.csv,code,top_value,6,OGLBL20b,3,1.9737
fts_requirements_funding_covid_global.csv,code,top_value,7,RREG21,3,1.9737
fts_requirements_funding_covid_global.csv,code,top_value,8,RETHKENUGA20,3,1.9737
fts_requirements_funding_covid_global.csv,code,top_value,9,RREG22,2,1.3158
fts_requirements_funding_covid_global.csv,code,top_value,10,RRWATZAUGA20,2,1.3158
fts_requirements_funding_covid_global.csv,typeId,top_value,1,4,71,46.7105
fts_requirements_funding_covid_global.csv,typeId,top_value,2,111,47,30.9211
fts_requirements_funding_covid_global.csv,typeId,top_value,3,6,28,18.4211
fts_requirements_funding_covid_global.csv,typeId,top_value,4,5,6,3.9474
fts_requirements_funding_covid_global.csv,typeId,numeric_summary,min,4,152,100.0
fts_requirements_funding_covid_global.csv,typeId,numeric_summary,p01,4,152,100.0
fts_requirements_funding_covid_global.csv,typeId,numeric_summary,p25,4,152,100.0
fts_requirements_funding_covid_global.csv,typeId,numeric_summary,p50,5,152,100.0
fts_requirements_funding_covid_global.csv,typeId,numeric_summary,p75,111,152,100.0
fts_requirements_funding_covid_global.csv,typeId,numeric_summary,p99,111,152,100.0
fts_requirements_funding_covid_global.csv,typeId,numeric_summary,max,111,152,100.0
fts_requirements_funding_covid_global.csv,typeId,numeric_summary,mean,37.49,152,100.0
fts_requirements_funding_covid_global.csv,typeName,top_value,1,Humanitarian response plan,71,46.7105
fts_requirements_funding_covid_global.csv,typeName,top_value,2,Regional response plan,47,30.9211
fts_requirements_funding_covid_global.csv,typeName,top_value,3,Other,28,18.4211
fts_requirements_funding_covid_global.csv,typeName,top_value,4,Flash appeal,6,3.9474
fts_requirements_funding_covid_global.csv,startDate,top_value,1,2020-01-01,56,36.8421
fts_requirements_funding_covid_global.csv,startDate,top_value,2,2021-01-01,37,24.3421
fts_requirements_funding_covid_global.csv,startDate,top_value,3,2022-01-01,26,17.1053
fts_requirements_funding_covid_global.csv,startDate,top_value,4,2020-05-01,21,13.8158
fts_requirements_funding_covid_global.csv,startDate,top_value,5,2020-01-05,3,1.9737
fts_requirements_funding_covid_global.csv,startDate,top_value,6,2020-01-02,1,0.6579
fts_requirements_funding_covid_global.csv,startDate,top_value,7,2021-08-16,1,0.6579
fts_requirements_funding_covid_global.csv,startDate,top_value,8,2021-08-03,1,0.6579
fts_requirements_funding_covid_global.csv,startDate,top_value,9,2019-11-01,1,0.6579
fts_requirements_funding_covid_global.csv,startDate,top_value,10,2022-02-26,1,0.6579
fts_requirements_funding_covid_global.csv,endDate,top_value,1,2020-12-31,80,52.6316
fts_requirements_funding_covid_global.csv,endDate,top_value,2,2021-12-31,38,25.0
fts_requirements_funding_covid_global.csv,endDate,top_value,3,2022-12-31,27,17.7632
fts_requirements_funding_covid_global.csv,endDate,top_value,4,2021-01-01,1,0.6579
fts_requirements_funding_covid_global.csv,endDate,top_value,5,2022-02-15,1,0.6579
fts_requirements_funding_covid_global.csv,endDate,top_value,6,2022-07-31,1,0.6579
fts_requirements_funding_covid_global.csv,endDate,top_value,7,2020-04-30,1,0.6579
fts_requirements_funding_covid_global.csv,endDate,top_value,8,2022-05-31,1,0.6579
fts_requirements_funding_covid_global.csv,endDate,top_value,9,2022-06-30,1,0.6579
fts_requirements_funding_covid_global.csv,endDate,top_value,10,2021-08-27,1,0.6579
fts_requirements_funding_covid_global.csv,year,top_value,1,2020,82,53.9474
fts_requirements_funding_covid_global.csv,year,top_value,2,2021,41,26.9737
fts_requirements_funding_covid_global.csv,year,top_value,3,2022,29,19.0789
fts_requirements_funding_covid_global.csv,year,numeric_summary,min,2020,152,100.0
fts_requirements_funding_covid_global.csv,year,numeric_summary,p01,2020,152,100.0
fts_requirements_funding_covid_global.csv,year,numeric_summary,p25,2020,152,100.0
fts_requirements_funding_covid_global.csv,year,numeric_summary,p50,2020,152,100.0
fts_requirements_funding_covid_global.csv,year,numeric_summary,p75,2021,152,100.0
fts_requirements_funding_covid_global.csv,year,numeric_summary,p99,2022,152,100.0
fts_requirements_funding_covid_global.csv,year,numeric_summary,max,2022,152,100.0
fts_requirements_funding_covid_global.csv,year,numeric_summary,mean,2020.65,152,100.0
fts_requirements_funding_covid_global.csv,requirements,top_value,1,59659922,11,8.0292
fts_requirements_funding_covid_global.csv,requirements,top_value,2,4442200000,1,0.7299
fts_requirements_funding_covid_global.csv,requirements,top_value,3,868666483,1,0.7299
fts_requirements_funding_covid_global.csv,requirements,top_value,4,1131050820,1,0.7299
fts_requirements_funding_covid_global.csv,requirements,top_value,5,18938063,1,0.7299
fts_requirements_funding_covid_global.csv,requirements,top_value,6,182414025,1,0.7299
fts_requirements_funding_covid_global.csv,requirements,top_value,7,194684000,1,0.7299
fts_requirements_funding_covid_global.csv,requirements,top_value,8,197893000,1,0.7299
fts_requirements_funding_covid_global.csv,requirements,top_value,9,17930000,1,0.7299
fts_requirements_funding_covid_global.csv,requirements,top_value,10,805099698,1,0.7299
fts_requirements_funding_covid_global.csv,requirements,numeric_summary,min,2842779,137,100.0
fts_requirements_funding_covid_global.csv,requirements,numeric_summary,p01,4642283.72,137,100.0
fts_requirements_funding_covid_global.csv,requirements,numeric_summary,p25,113799273,137,100.0
fts_requirements_funding_covid_global.csv,requirements,numeric_summary,p50,283920647,137,100.0
fts_requirements_funding_covid_global.csv,requirements,numeric_summary,p75,943123350,137,100.0
fts_requirements_funding_covid_global.csv,requirements,numeric_summary,p99,4388294996.8,137,100.0
fts_requirements_funding_covid_global.csv,requirements,numeric_summary,max,4444280227,137,100.0
fts_requirements_funding_covid_global.csv,requirements,numeric_summary,mean,754837090.14,137,100.0
fts_requirements_funding_covid_global.csv,funding,top_value,1,15000000,2,1.3158
fts_requirements_funding_covid_global.csv,funding,top_value,2,3269032938,1,0.6579
fts_requirements_funding_covid_global.csv,funding,top_value,3,833236959,1,0.6579
fts_requirements_funding_covid_global.csv,funding,top_value,4,600940338,1,0.6579
fts_requirements_funding_covid_global.csv,funding,top_value,5,9604566,1,0.6579
fts_requirements_funding_covid_global.csv,funding,top_value,6,5623402,1,0.6579
fts_requirements_funding_covid_global.csv,funding,top_value,7,75530712,1,0.6579
fts_requirements_funding_covid_global.csv,funding,top_value,8,90170101,1,0.6579
fts_requirements_funding_covid_global.csv,funding,top_value,9,89049799,1,0.6579
fts_requirements_funding_covid_global.csv,funding,top_value,10,3346554,1,0.6579
fts_requirements_funding_covid_global.csv,funding,numeric_summary,min,250000,152,100.0
fts_requirements_funding_covid_global.csv,funding,numeric_summary,p01,717158.73,152,100.0
fts_requirements_funding_covid_global.csv,funding,numeric_summary,p25,20935378,152,100.0
fts_requirements_funding_covid_global.csv,funding,numeric_summary,p50,119917131.5,152,100.0
fts_requirements_funding_covid_global.csv,funding,numeric_summary,p75,398596653.25,152,100.0
fts_requirements_funding_covid_global.csv,funding,numeric_summary,p99,2838075247.71,152,100.0
fts_requirements_funding_covid_global.csv,funding,numeric_summary,max,3765217036,152,100.0
fts_requirements_funding_covid_global.csv,funding,numeric_summary,mean,389637668.86,152,100.0
fts_requirements_funding_covid_global.csv,covidFunding,top_value,1,15000000,2,1.3158
fts_requirements_funding_covid_global.csv,covidFunding,top_value,2,250000,2,1.3158
fts_requirements_funding_covid_global.csv,covidFunding,top_value,3,12744301,1,0.6579
fts_requirements_funding_covid_global.csv,covidFunding,top_value,4,21031388,1,0.6579
fts_requirements_funding_covid_global.csv,covidFunding,top_value,5,187852973,1,0.6579
fts_requirements_funding_covid_global.csv,covidFunding,top_value,6,1038000,1,0.6579
fts_requirements_funding_covid_global.csv,covidFunding,top_value,7,761070,1,0.6579
fts_requirements_funding_covid_global.csv,covidFunding,top_value,8,3892490,1,0.6579
fts_requirements_funding_covid_global.csv,covidFunding,top_value,9,2763810,1,0.6579
fts_requirements_funding_covid_global.csv,covidFunding,top_value,10,12219267,1,0.6579
fts_requirements_funding_covid_global.csv,covidFunding,numeric_summary,min,164634,152,100.0
fts_requirements_funding_covid_global.csv,covidFunding,numeric_summary,p01,202356.73,152,100.0
fts_requirements_funding_covid_global.csv,covidFunding,numeric_summary,p25,1527860.75,152,100.0
fts_requirements_funding_covid_global.csv,covidFunding,numeric_summary,p50,6061088.5,152,100.0
fts_requirements_funding_covid_global.csv,covidFunding,numeric_summary,p75,27061245.75,152,100.0
fts_requirements_funding_covid_global.csv,covidFunding,numeric_summary,p99,192618978.09,152,100.0
fts_requirements_funding_covid_global.csv,covidFunding,numeric_summary,max,281486805,152,100.0
fts_requirements_funding_covid_global.csv,covidFunding,numeric_summary,mean,23524331.58,152,100.0
fts_requirements_funding_covid_global.csv,covidPercentageOfFunding,top_value,1,1,20,13.1579
fts_requirements_funding_covid_global.csv,covidPercentageOfFunding,top_value,2,0,18,11.8421
fts_requirements_funding_covid_global.csv,covidPercentageOfFunding,top_value,3,100,15,9.8684
fts_requirements_funding_covid_global.csv,covidPercentageOfFunding,top_value,4,3,13,8.5526
fts_requirements_funding_covid_global.csv,covidPercentageOfFunding,top_value,5,2,7,4.6053
fts_requirements_funding_covid_global.csv,covidPercentageOfFunding,top_value,6,5,5,3.2895
fts_requirements_funding_covid_global.csv,covidPercentageOfFunding,top_value,7,6,5,3.2895
fts_requirements_funding_covid_global.csv,covidPercentageOfFunding,top_value,8,14,4,2.6316
fts_requirements_funding_covid_global.csv,covidPercentageOfFunding,top_value,9,4,4,2.6316
fts_requirements_funding_covid_global.csv,covidPercentageOfFunding,top_value,10,24,4,2.6316
fts_requirements_funding_covid_global.csv,covidPercentageOfFunding,numeric_summary,min,0,152,100.0
fts_requirements_funding_covid_global.csv,covidPercentageOfFunding,numeric_summary,p01,0,152,100.0
fts_requirements_funding_covid_global.csv,covidPercentageOfFunding,numeric_summary,p25,1.75,152,100.0
fts_requirements_funding_covid_global.csv,covidPercentageOfFunding,numeric_summary,p50,8,152,100.0
fts_requirements_funding_covid_global.csv,covidPercentageOfFunding,numeric_summary,p75,33,152,100.0
fts_requirements_funding_covid_global.csv,covidPercentageOfFunding,numeric_summary,p99,100,152,100.0
fts_requirements_funding_covid_global.csv,covidPercentageOfFunding,numeric_summary,max,100,152,100.0
fts_requirements_funding_covid_global.csv,covidPercentageOfFunding,numeric_summary,mean,26.31,152,100.0
fts_requirements_funding_global.csv,countryCode,top_value,1,SOM,62,1.6294
fts_requirements_funding_global.csv,countryCode,top_value,2,ETH,61,1.6032
fts_requirements_funding_global.csv,countryCode,top_value,3,UGA,60,1.5769
fts_requirements_funding_global.csv,countryCode,top_value,4,COD,59,1.5506
fts_requirements_funding_global.csv,countryCode,top_value,5,SDN,59,1.5506
fts_requirements_funding_global.csv,countryCode,top_value,6,AFG,58,1.5243
fts_requirements_funding_global.csv,countryCode,top_value,7,KEN,57,1.498
fts_requirements_funding_global.csv,countryCode,top_value,8,IRQ,56,1.4717
fts_requirements_funding_global.csv,countryCode,top_value,9,LBN,55,1.4455
fts_requirements_funding_global.csv,countryCode,top_value,10,PSE,55,1.4455
fts_requirements_funding_global.csv,id,top_value,1,1525,17,1.3589
fts_requirements_funding_global.csv,id,top_value,2,1219,17,1.3589
fts_requirements_funding_global.csv,id,top_value,3,1163,17,1.3589
fts_requirements_funding_global.csv,id,top_value,4,1129,17,1.3589
fts_requirements_funding_global.csv,id,top_value,5,1069,17,1.3589
fts_requirements_funding_global.csv,id,top_value,6,1021,17,1.3589
fts_requirements_funding_global.csv,id,top_value,7,944,17,1.3589
fts_requirements_funding_global.csv,id,top_value,8,726,16,1.279
fts_requirements_funding_global.csv,id,top_value,9,323,14,1.1191
fts_requirements_funding_global.csv,id,top_value,10,293,13,1.0392
fts_requirements_funding_global.csv,id,numeric_summary,min,34,1251,100.0
fts_requirements_funding_global.csv,id,numeric_summary,p01,49.5,1251,100.0
fts_requirements_funding_global.csv,id,numeric_summary,p25,322.5,1251,100.0
fts_requirements_funding_global.csv,id,numeric_summary,p50,662,1251,100.0
fts_requirements_funding_global.csv,id,numeric_summary,p75,1114.5,1251,100.0
fts_requirements_funding_global.csv,id,numeric_summary,p99,1527,1251,100.0
fts_requirements_funding_global.csv,id,numeric_summary,max,1603,1251,100.0
fts_requirements_funding_global.csv,id,numeric_summary,mean,717.8,1251,100.0
fts_requirements_funding_global.csv,name,top_value,1,Not specified,2554,67.1222
fts_requirements_funding_global.csv,name,top_value,2,Venezuela Regional Refugee and Migrant Response Plan (RMRP) 2026,17,0.4468
fts_requirements_funding_global.csv,name,top_value,3,Venezuela Regional Refugee and Migrant Response Plan (RMRP) 2025,17,0.4468
fts_requirements_funding_global.csv,name,top_value,4,Venezuela Regional Refugee and Migrant Response Plan (RMRP) 2024,17,0.4468
fts_requirements_funding_global.csv,name,top_value,5,Venezuela Regional Refugee and Migrant Response Plan (RMRP) 2023,17,0.4468
fts_requirements_funding_global.csv,name,top_value,6,Venezuela Regional Refugee and Migrant Response Plan (RMRP) 2022,17,0.4468
fts_requirements_funding_global.csv,name,top_value,7,Venezuela Regional Refugee and Migrant Response Plan (RMRP) 2021,17,0.4468
fts_requirements_funding_global.csv,name,top_value,8,Venezuela Regional Refugee and Migrant Response Plan (RMRP) 2020,17,0.4468
fts_requirements_funding_global.csv,name,top_value,9,Venezuela Regional Refugee and Migrant Response Plan (RMRP) 2019,16,0.4205
fts_requirements_funding_global.csv,name,top_value,10,West Africa 2010,14,0.3679
fts_requirements_funding_global.csv,code,top_value,1,RREG26b,17,1.3644
fts_requirements_funding_global.csv,code,top_value,2,RREG25,17,1.3644
fts_requirements_funding_global.csv,code,top_value,3,RREG24,17,1.3644
fts_requirements_funding_global.csv,code,top_value,4,RREG23,17,1.3644
fts_requirements_funding_global.csv,code,top_value,5,RREG22,17,1.3644
fts_requirements_funding_global.csv,code,top_value,6,RREG21,17,1.3644
fts_requirements_funding_global.csv,code,top_value,7,RREG20,17,1.3644
fts_requirements_funding_global.csv,code,top_value,8,RSAMR19,16,1.2841
fts_requirements_funding_global.csv,code,top_value,9,RBENBFACIVGHAGINGNBLBRMLIMRTNERNGASENSLETGO10,14,1.1236
fts_requirements_funding_global.csv,code,top_value,10,RBENBFACIVGHAGINGNBLBRMLIMRTNERSENSLETGO09,13,1.0433
fts_requirements_funding_global.csv,typeId,top_value,1,111,449,35.8913
fts_requirements_funding_global.csv,typeId,top_value,2,4,220,17.5859
fts_requirements_funding_global.csv,typeId,top_value,3,110,152,12.1503
fts_requirements_funding_global.csv,typeId,top_value,4,5,133,10.6315
fts_requirements_funding_global.csv,typeId,top_value,5,6,126,10.0719
fts_requirements_funding_global.csv,typeId,top_value,6,2170,72,5.7554
fts_requirements_funding_global.csv,typeId,top_value,7,2070,54,4.3165
fts_requirements_funding_global.csv,typeId,top_value,8,2071,45,3.5971
fts_requirements_funding_global.csv,typeId,numeric_summary,min,4,1251,100.0
fts_requirements_funding_global.csv,typeId,numeric_summary,p01,4,1251,100.0
fts_requirements_funding_global.csv,typeId,numeric_summary,p25,5,1251,100.0
fts_requirements_funding_global.csv,typeId,numeric_summary,p50,110,1251,100.0
fts_requirements_funding_global.csv,typeId,numeric_summary,p75,111,1251,100.0
fts_requirements_funding_global.csv,typeId,numeric_summary,p99,2170,1251,100.0
fts_requirements_funding_global.csv,typeId,numeric_summary,max,2170,1251,100.0
fts_requirements_funding_global.csv,typeId,numeric_summary,mean,343.78,1251,100.0
fts_requirements_funding_global.csv,typeName,top_value,1,Regional response plan,449,35.8913
fts_requirements_funding_global.csv,typeName,top_value,2,Humanitarian response plan,220,17.5859
fts_requirements_funding_global.csv,typeName,top_value,3,Consolidated appeals process,152,12.1503
fts_requirements_funding_global.csv,typeName,top_value,4,Flash appeal,133,10.6315
fts_requirements_funding_global.csv,typeName,top_value,5,Other,126,10.0719
fts_requirements_funding_global.csv,typeName,top_value,6,Consolidated inter-agency appeal,72,5.7554
fts_requirements_funding_global.csv,typeName,top_value,7,Humanitarian needs and response plan,54,4.3165
fts_requirements_funding_global.csv,typeName,top_value,8,Strategic response plan,45,3.5971
fts_requirements_funding_global.csv,startDate,top_value,1,2025-01-01,81,6.4748
fts_requirements_funding_global.csv,startDate,top_value,2,2024-01-01,77,6.1551
fts_requirements_funding_global.csv,startDate,top_value,3,2023-01-01,76,6.0751
fts_requirements_funding_global.csv,startDate,top_value,4,2022-01-01,72,5.7554
fts_requirements_funding_global.csv,startDate,top_value,5,2021-01-01,68,5.4357
fts_requirements_funding_global.csv,startDate,top_value,6,2020-01-01,63,5.036
fts_requirements_funding_global.csv,startDate,top_value,7,2026-01-01,53,4.2366
fts_requirements_funding_global.csv,startDate,top_value,8,2019-01-01,49,3.9169
fts_requirements_funding_global.csv,startDate,top_value,9,2016-01-01,36,2.8777
fts_requirements_funding_global.csv,startDate,top_value,10,2010-01-01,32,2.558
fts_requirements_funding_global.csv,endDate,top_value,1,2024-12-31,88,7.0344
fts_requirements_funding_global.csv,endDate,top_value,2,2020-12-31,88,7.0344
fts_requirements_funding_global.csv,endDate,top_value,3,2025-12-31,76,6.0751
fts_requirements_funding_global.csv,endDate,top_value,4,2023-12-31,76,6.0751
fts_requirements_funding_global.csv,endDate,top_value,5,2021-12-31,76,6.0751
fts_requirements_funding_global.csv,endDate,top_value,6,2022-12-31,74,5.9153
fts_requirements_funding_global.csv,endDate,top_value,7,2026-12-31,52,4.1567
fts_requirements_funding_global.csv,endDate,top_value,8,2019-12-31,48,3.8369
fts_requirements_funding_global.csv,endDate,top_value,9,2016-12-31,41,3.2774
fts_requirements_funding_global.csv,endDate,top_value,10,2017-12-31,36,2.8777
fts_requirements_funding_global.csv,year,top_value,1,2024,200,5.2562
fts_requirements_funding_global.csv,year,top_value,2,2020,198,5.2037
fts_requirements_funding_global.csv,year,top_value,3,2025,192,5.046
fts_requirements_funding_global.csv,year,top_value,4,2023,192,5.046
fts_requirements_funding_global.csv,year,top_value,5,2022,189,4.9671
fts_requirements_funding_global.csv,year,top_value,6,2021,186,4.8883
fts_requirements_funding_global.csv,year,top_value,7,2026,163,4.2838
fts_requirements_funding_global.csv,year,top_value,8,2019,150,3.9422
fts_requirements_funding_global.csv,year,top_value,9,2016,140,3.6794
fts_requirements_funding_global.csv,year,top_value,10,2010,138,3.6268
fts_requirements_funding_global.csv,year,numeric_summary,min,1999,3805,100.0
fts_requirements_funding_global.csv,year,numeric_summary,p01,2000,3805,100.0
fts_requirements_funding_global.csv,year,numeric_summary,p25,2009,3805,100.0
fts_requirements_funding_global.csv,year,numeric_summary,p50,2016,3805,100.0
fts_requirements_funding_global.csv,year,numeric_summary,p75,2022,3805,100.0
fts_requirements_funding_global.csv,year,numeric_summary,p99,2028,3805,100.0
fts_requirements_funding_global.csv,year,numeric_summary,max,2031,3805,100.0
fts_requirements_funding_global.csv,year,numeric_summary,mean,2015.44,3805,100.0
fts_requirements_funding_global.csv,requirements,top_value,1,59659922,13,1.0851
fts_requirements_funding_global.csv,requirements,top_value,2,0,4,0.3339
fts_requirements_funding_global.csv,requirements,top_value,3,1714181496,1,0.0835
fts_requirements_funding_global.csv,requirements,top_value,4,2416811546,1,0.0835
fts_requirements_funding_global.csv,requirements,top_value,5,3059587797,1,0.0835
fts_requirements_funding_global.csv,requirements,top_value,6,3227372908,1,0.0835
fts_requirements_funding_global.csv,requirements,top_value,7,4442200000,1,0.0835
fts_requirements_funding_global.csv,requirements,top_value,8,868666483,1,0.0835
fts_requirements_funding_global.csv,requirements,top_value,9,606261163,1,0.0835
fts_requirements_funding_global.csv,requirements,top_value,10,1131050820,1,0.0835
fts_requirements_funding_global.csv,requirements,numeric_summary,min,0,1198,100.0
fts_requirements_funding_global.csv,requirements,numeric_summary,p01,1159504.64,1198,100.0
fts_requirements_funding_global.csv,requirements,numeric_summary,p25,33687130,1198,100.0
fts_requirements_funding_global.csv,requirements,numeric_summary,p50,137254430.5,1198,100.0
fts_requirements_funding_global.csv,requirements,numeric_summary,p75,488275501.75,1198,100.0
fts_requirements_funding_global.csv,requirements,numeric_summary,p99,3996898277,1198,100.0
fts_requirements_funding_global.csv,requirements,numeric_summary,max,5413802598,1198,100.0
fts_requirements_funding_global.csv,requirements,numeric_summary,mean,442207997.07,1198,100.0
fts_requirements_funding_global.csv,funding,top_value,1,0,19,0.5025
fts_requirements_funding_global.csv,funding,top_value,2,250000,4,0.1058
fts_requirements_funding_global.csv,funding,top_value,3,212089,3,0.0793
fts_requirements_funding_global.csv,funding,top_value,4,500000,3,0.0793
fts_requirements_funding_global.csv,funding,top_value,5,100000,3,0.0793
fts_requirements_funding_global.csv,funding,top_value,6,15000000,2,0.0529
fts_requirements_funding_global.csv,funding,top_value,7,230000,2,0.0529
fts_requirements_funding_global.csv,funding,top_value,8,104041,2,0.0529
fts_requirements_funding_global.csv,funding,top_value,9,125000,2,0.0529
fts_requirements_funding_global.csv,funding,top_value,10,20000,2,0.0529
fts_requirements_funding_global.csv,funding,numeric_summary,min,-349234272,3781,100.0
fts_requirements_funding_global.csv,funding,numeric_summary,p01,16986.4,3781,100.0
fts_requirements_funding_global.csv,funding,numeric_summary,p25,3038750,3781,100.0
fts_requirements_funding_global.csv,funding,numeric_summary,p50,15938844,3781,100.0
fts_requirements_funding_global.csv,funding,numeric_summary,p75,76574258,3781,100.0
fts_requirements_funding_global.csv,funding,numeric_summary,p99,1448805842.8,3781,100.0
fts_requirements_funding_global.csv,funding,numeric_summary,max,3765217036,3781,100.0
fts_requirements_funding_global.csv,funding,numeric_summary,mean,110709272.79,3781,100.0
fts_requirements_funding_global.csv,percentFunded,top_value,1,56,28,2.3689
fts_requirements_funding_global.csv,percentFunded,top_value,2,53,22,1.8613
fts_requirements_funding_global.csv,percentFunded,top_value,3,62,21,1.7766
fts_requirements_funding_global.csv,percentFunded,top_value,4,55,20,1.692
fts_requirements_funding_global.csv,percentFunded,top_value,5,30,20,1.692
fts_requirements_funding_global.csv,percentFunded,top_value,6,47,20,1.692
fts_requirements_funding_global.csv,percentFunded,top_value,7,50,19,1.6074
fts_requirements_funding_global.csv,percentFunded,top_value,8,31,19,1.6074
fts_requirements_funding_global.csv,percentFunded,top_value,9,58,19,1.6074
fts_requirements_funding_global.csv,percentFunded,top_value,10,63,19,1.6074
fts_requirements_funding_global.csv,percentFunded,numeric_summary,min,0,1182,100.0
fts_requirements_funding_global.csv,percentFunded,numeric_summary,p01,2,1182,100.0
fts_requirements_funding_global.csv,percentFunded,numeric_summary,p25,30,1182,100.0
fts_requirements_funding_global.csv,percentFunded,numeric_summary,p50,50,1182,100.0
fts_requirements_funding_global.csv,percentFunded,numeric_summary,p75,68.75,1182,100.0
fts_requirements_funding_global.csv,percentFunded,numeric_summary,p99,204.8,1182,100.0
fts_requirements_funding_global.csv,percentFunded,numeric_summary,max,1364,1182,100.0
fts_requirements_funding_global.csv,percentFunded,numeric_summary,mean,54.13,1182,100.0
fts_requirements_funding_globalcluster_global.csv,countryCode,top_value,1,SDN,410,3.857
fts_requirements_funding_globalcluster_global.csv,countryCode,top_value,2,SOM,409,3.8476
fts_requirements_funding_globalcluster_global.csv,countryCode,top_value,3,COD,388,3.65
fts_requirements_funding_globalcluster_global.csv,countryCode,top_value,4,AFG,356,3.349
fts_requirements_funding_globalcluster_global.csv,countryCode,top_value,5,CAF,351,3.302
fts_requirements_funding_globalcluster_global.csv,countryCode,top_value,6,PSE,345,3.2455
fts_requirements_funding_globalcluster_global.csv,countryCode,top_value,7,SYR,318,2.9915
fts_requirements_funding_globalcluster_global.csv,countryCode,top_value,8,YEM,317,2.9821
fts_requirements_funding_globalcluster_global.csv,countryCode,top_value,9,HTI,315,2.9633
fts_requirements_funding_globalcluster_global.csv,countryCode,top_value,10,TCD,306,2.8786
fts_requirements_funding_globalcluster_global.csv,id,top_value,1,1274,22,0.207
fts_requirements_funding_globalcluster_global.csv,id,top_value,2,1190,22,0.207
fts_requirements_funding_globalcluster_global.csv,id,top_value,3,1276,22,0.207
fts_requirements_funding_globalcluster_global.csv,id,top_value,4,1193,22,0.207
fts_requirements_funding_globalcluster_global.csv,id,top_value,5,925,22,0.207
fts_requirements_funding_globalcluster_global.csv,id,top_value,6,1195,21,0.1976
fts_requirements_funding_globalcluster_global.csv,id,top_value,7,1110,21,0.1976
fts_requirements_funding_globalcluster_global.csv,id,top_value,8,1032,21,0.1976
fts_requirements_funding_globalcluster_global.csv,id,top_value,9,869,21,0.1976
fts_requirements_funding_globalcluster_global.csv,id,top_value,10,1273,21,0.1976
fts_requirements_funding_globalcluster_global.csv,id,numeric_summary,min,34,10630,100.0
fts_requirements_funding_globalcluster_global.csv,id,numeric_summary,p01,45,10630,100.0
fts_requirements_funding_globalcluster_global.csv,id,numeric_summary,p25,309.25,10630,100.0
fts_requirements_funding_globalcluster_global.csv,id,numeric_summary,p50,609.5,10630,100.0
fts_requirements_funding_globalcluster_global.csv,id,numeric_summary,p75,1095,10630,100.0
fts_requirements_funding_globalcluster_global.csv,id,numeric_summary,p99,1524,10630,100.0
fts_requirements_funding_globalcluster_global.csv,id,numeric_summary,max,1603,10630,100.0
fts_requirements_funding_globalcluster_global.csv,id,numeric_summary,mean,690.79,10630,100.0
fts_requirements_funding_globalcluster_global.csv,name,top_value,1,Nigeria Humanitarian Needs and Response Plan 2025,22,0.207
fts_requirements_funding_globalcluster_global.csv,name,top_value,2,Nigeria Humanitarian Response Plan 2024,22,0.207
fts_requirements_funding_globalcluster_global.csv,name,top_value,3,Syrian Arab Republic Humanitarian Response Priorities – January-December 2025,22,0.207
fts_requirements_funding_globalcluster_global.csv,name,top_value,4,Yemen Humanitarian Response Plan 2024,22,0.207
fts_requirements_funding_globalcluster_global.csv,name,top_value,5,Yemen Humanitarian Response Plan 2020,22,0.207
fts_requirements_funding_globalcluster_global.csv,name,top_value,6,Ethiopia Humanitarian Response Plan 2024,21,0.1976
fts_requirements_funding_globalcluster_global.csv,name,top_value,7,Nigeria Humanitarian Response Plan 2023,21,0.1976
fts_requirements_funding_globalcluster_global.csv,name,top_value,8,Nigeria Humanitarian Response Plan 2021,21,0.1976
fts_requirements_funding_globalcluster_global.csv,name,top_value,9,Nigeria Humanitarian Response Plan 2020,21,0.1976
fts_requirements_funding_globalcluster_global.csv,name,top_value,10,Escalation of Hostilities in the OPT Flash Appeal 2025,21,0.1976
fts_requirements_funding_globalcluster_global.csv,code,top_value,1,HNGA25,22,0.207
fts_requirements_funding_globalcluster_global.csv,code,top_value,2,HNGA24,22,0.207
fts_requirements_funding_globalcluster_global.csv,code,top_value,3,FSYR25,22,0.207
fts_requirements_funding_globalcluster_global.csv,code,top_value,4,HYEM24,22,0.207
fts_requirements_funding_globalcluster_global.csv,code,top_value,5,HYEM20,22,0.207
fts_requirements_funding_globalcluster_global.csv,code,top_value,6,HETH24,21,0.1976
fts_requirements_funding_globalcluster_global.csv,code,top_value,7,HNGA23,21,0.1976
fts_requirements_funding_globalcluster_global.csv,code,top_value,8,HNGA21,21,0.1976
fts_requirements_funding_globalcluster_global.csv,code,top_value,9,HNGA20,21,0.1976
fts_requirements_funding_globalcluster_global.csv,code,top_value,10,FPSE25,21,0.1976
fts_requirements_funding_globalcluster_global.csv,startDate,top_value,1,2025-01-01,579,5.4468
fts_requirements_funding_globalcluster_global.csv,startDate,top_value,2,2023-01-01,545,5.127
fts_requirements_funding_globalcluster_global.csv,startDate,top_value,3,2022-01-01,516,4.8542
fts_requirements_funding_globalcluster_global.csv,startDate,top_value,4,2021-01-01,508,4.7789
fts_requirements_funding_globalcluster_global.csv,startDate,top_value,5,2024-01-01,498,4.6849
fts_requirements_funding_globalcluster_global.csv,startDate,top_value,6,2020-01-01,431,4.0546
fts_requirements_funding_globalcluster_global.csv,startDate,top_value,7,2026-01-01,415,3.904
fts_requirements_funding_globalcluster_global.csv,startDate,top_value,8,2019-01-01,379,3.5654
fts_requirements_funding_globalcluster_global.csv,startDate,top_value,9,2017-01-01,349,3.2832
fts_requirements_funding_globalcluster_global.csv,startDate,top_value,10,2018-01-01,347,3.2643
fts_requirements_funding_globalcluster_global.csv,endDate,top_value,1,2024-12-31,650,6.1148
fts_requirements_funding_globalcluster_global.csv,endDate,top_value,2,2020-12-31,648,6.096
fts_requirements_funding_globalcluster_global.csv,endDate,top_value,3,2021-12-31,630,5.9266
fts_requirements_funding_globalcluster_global.csv,endDate,top_value,4,2023-12-31,554,5.2117
fts_requirements_funding_globalcluster_global.csv,endDate,top_value,5,2022-12-31,552,5.1929
fts_requirements_funding_globalcluster_global.csv,endDate,top_value,6,2025-12-31,507,4.7695
fts_requirements_funding_globalcluster_global.csv,endDate,top_value,7,2026-12-31,401,3.7723
fts_requirements_funding_globalcluster_global.csv,endDate,top_value,8,2017-12-31,400,3.7629
fts_requirements_funding_globalcluster_global.csv,endDate,top_value,9,2018-12-31,376,3.5372
fts_requirements_funding_globalcluster_global.csv,endDate,top_value,10,2019-12-31,367,3.4525
fts_requirements_funding_globalcluster_global.csv,year,top_value,1,2020,705,6.6322
fts_requirements_funding_globalcluster_global.csv,year,top_value,2,2024,694,6.5287
fts_requirements_funding_globalcluster_global.csv,year,top_value,3,2021,689,6.4817
fts_requirements_funding_globalcluster_global.csv,year,top_value,4,2023,641,6.0301
fts_requirements_funding_globalcluster_global.csv,year,top_value,5,2025,631,5.936
fts_requirements_funding_globalcluster_global.csv,year,top_value,6,2022,630,5.9266
fts_requirements_funding_globalcluster_global.csv,year,top_value,7,2026,473,4.4497
fts_requirements_funding_globalcluster_global.csv,year,top_value,8,2017,445,4.1863
fts_requirements_funding_globalcluster_global.csv,year,top_value,9,2018,412,3.8758
fts_requirements_funding_globalcluster_global.csv,year,top_value,10,2016,410,3.857
fts_requirements_funding_globalcluster_global.csv,year,numeric_summary,min,2000,10630,100.0
fts_requirements_funding_globalcluster_global.csv,year,numeric_summary,p01,2000,10630,100.0
fts_requirements_funding_globalcluster_global.csv,year,numeric_summary,p25,2009,10630,100.0
fts_requirements_funding_globalcluster_global.csv,year,numeric_summary,p50,2017,10630,100.0
fts_requirements_funding_globalcluster_global.csv,year,numeric_summary,p75,2022,10630,100.0
fts_requirements_funding_globalcluster_global.csv,year,numeric_summary,p99,2026,10630,100.0
fts_requirements_funding_globalcluster_global.csv,year,numeric_summary,max,2026,10630,100.0
fts_requirements_funding_globalcluster_global.csv,year,numeric_summary,mean,2015.7,10630,100.0
fts_requirements_funding_globalcluster_global.csv,clusterCode,top_value,1,7,805,8.9444
fts_requirements_funding_globalcluster_global.csv,clusterCode,top_value,2,11,786,8.7333
fts_requirements_funding_globalcluster_global.csv,clusterCode,top_value,3,6,783,8.7
fts_requirements_funding_globalcluster_global.csv,clusterCode,top_value,4,3,739,8.2111
fts_requirements_funding_globalcluster_global.csv,clusterCode,top_value,5,26480,722,8.0222
fts_requirements_funding_globalcluster_global.csv,clusterCode,top_value,6,10,715,7.9444
fts_requirements_funding_globalcluster_global.csv,clusterCode,top_value,7,4,614,6.8222
fts_requirements_funding_globalcluster_global.csv,clusterCode,top_value,8,26512,527,5.8556
fts_requirements_funding_globalcluster_global.csv,clusterCode,top_value,9,26479,513,5.7
fts_requirements_funding_globalcluster_global.csv,clusterCode,top_value,10,2,497,5.5222
fts_requirements_funding_globalcluster_global.csv,clusterCode,numeric_summary,min,1,9000,100.0
fts_requirements_funding_globalcluster_global.csv,clusterCode,numeric_summary,p01,1,9000,100.0
fts_requirements_funding_globalcluster_global.csv,clusterCode,numeric_summary,p25,6,9000,100.0
fts_requirements_funding_globalcluster_global.csv,clusterCode,numeric_summary,p50,10,9000,100.0
fts_requirements_funding_globalcluster_global.csv,clusterCode,numeric_summary,p75,15,9000,100.0
fts_requirements_funding_globalcluster_global.csv,clusterCode,numeric_summary,p99,26512,9000,100.0
fts_requirements_funding_globalcluster_global.csv,clusterCode,numeric_summary,max,26546,9000,100.0
fts_requirements_funding_globalcluster_global.csv,clusterCode,numeric_summary,mean,5709.98,9000,100.0
fts_requirements_funding_globalcluster_global.csv,cluster,top_value,1,Not specified,815,7.667
fts_requirements_funding_globalcluster_global.csv,cluster,top_value,2,Multiple clusters/sectors (shared),815,7.667
fts_requirements_funding_globalcluster_global.csv,cluster,top_value,3,Health,805,7.5729
fts_requirements_funding_globalcluster_global.csv,cluster,top_value,4,Water Sanitation Hygiene,786,7.3942
fts_requirements_funding_globalcluster_global.csv,cluster,top_value,5,Food Security,783,7.3659
fts_requirements_funding_globalcluster_global.csv,cluster,top_value,6,Education,739,6.952
fts_requirements_funding_globalcluster_global.csv,cluster,top_value,7,Coordination and support services,722,6.7921
fts_requirements_funding_globalcluster_global.csv,cluster,top_value,8,Protection,715,6.7262
fts_requirements_funding_globalcluster_global.csv,cluster,top_value,9,Emergency Shelter and NFI,614,5.7761
fts_requirements_funding_globalcluster_global.csv,cluster,top_value,10,Agriculture,527,4.9577
fts_requirements_funding_globalcluster_global.csv,requirements,top_value,1,0,39,0.4761
fts_requirements_funding_globalcluster_global.csv,requirements,top_value,2,2000000,24,0.293
fts_requirements_funding_globalcluster_global.csv,requirements,top_value,3,4000000,20,0.2441
fts_requirements_funding_globalcluster_global.csv,requirements,top_value,4,1500000,20,0.2441
fts_requirements_funding_globalcluster_global.csv,requirements,top_value,5,1000000,18,0.2197
fts_requirements_funding_globalcluster_global.csv,requirements,top_value,6,7000000,18,0.2197
fts_requirements_funding_globalcluster_global.csv,requirements,top_value,7,500000,18,0.2197
fts_requirements_funding_globalcluster_global.csv,requirements,top_value,8,300000,18,0.2197
fts_requirements_funding_globalcluster_global.csv,requirements,top_value,9,3500000,17,0.2075
fts_requirements_funding_globalcluster_global.csv,requirements,top_value,10,15000000,16,0.1953
fts_requirements_funding_globalcluster_global.csv,requirements,numeric_summary,min,0,8192,100.0
fts_requirements_funding_globalcluster_global.csv,requirements,numeric_summary,p01,66437.8,8192,100.0
fts_requirements_funding_globalcluster_global.csv,requirements,numeric_summary,p25,3626125,8192,100.0
fts_requirements_funding_globalcluster_global.csv,requirements,numeric_summary,p50,14242830,8192,100.0
fts_requirements_funding_globalcluster_global.csv,requirements,numeric_summary,p75,46293242.25,8192,100.0
fts_requirements_funding_globalcluster_global.csv,requirements,numeric_summary,p99,601325679.93,8192,100.0
fts_requirements_funding_globalcluster_global.csv,requirements,numeric_summary,max,2997000000,8192,100.0
fts_requirements_funding_globalcluster_global.csv,requirements,numeric_summary,mean,53066965.05,8192,100.0
fts_requirements_funding_globalcluster_global.csv,funding,top_value,1,0,744,7.7291
fts_requirements_funding_globalcluster_global.csv,funding,top_value,2,200000,21,0.2182
fts_requirements_funding_globalcluster_global.csv,funding,top_value,3,500000,18,0.187
fts_requirements_funding_globalcluster_global.csv,funding,top_value,4,1000000,16,0.1662
fts_requirements_funding_globalcluster_global.csv,funding,top_value,5,400000,15,0.1558
fts_requirements_funding_globalcluster_global.csv,funding,top_value,6,300000,13,0.1351
fts_requirements_funding_globalcluster_global.csv,funding,top_value,7,100000,10,0.1039
fts_requirements_funding_globalcluster_global.csv,funding,top_value,8,150000,7,0.0727
fts_requirements_funding_globalcluster_global.csv,funding,top_value,9,350000,6,0.0623
fts_requirements_funding_globalcluster_global.csv,funding,top_value,10,1500000,6,0.0623
fts_requirements_funding_globalcluster_global.csv,funding,numeric_summary,min,-18438625,9626,100.0
fts_requirements_funding_globalcluster_global.csv,funding,numeric_summary,p01,0,9626,100.0
fts_requirements_funding_globalcluster_global.csv,funding,numeric_summary,p25,917599.5,9626,100.0
fts_requirements_funding_globalcluster_global.csv,funding,numeric_summary,p50,4760935,9626,100.0
fts_requirements_funding_globalcluster_global.csv,funding,numeric_summary,p75,20195102.25,9626,100.0
fts_requirements_funding_globalcluster_global.csv,funding,numeric_summary,p99,317103186.5,9626,100.0
fts_requirements_funding_globalcluster_global.csv,funding,numeric_summary,max,1637669231,9626,100.0
fts_requirements_funding_globalcluster_global.csv,funding,numeric_summary,mean,25557792.42,9626,100.0
fts_requirements_funding_globalcluster_global.csv,percentFunded,top_value,1,0,136,1.8511
fts_requirements_funding_globalcluster_global.csv,percentFunded,top_value,2,16,120,1.6333
fts_requirements_funding_globalcluster_global.csv,percentFunded,top_value,3,21,110,1.4972
fts_requirements_funding_globalcluster_global.csv,percentFunded,top_value,4,29,108,1.47
fts_requirements_funding_globalcluster_global.csv,percentFunded,top_value,5,22,108,1.47
fts_requirements_funding_globalcluster_global.csv,percentFunded,top_value,6,17,105,1.4292
fts_requirements_funding_globalcluster_global.csv,percentFunded,top_value,7,25,105,1.4292
fts_requirements_funding_globalcluster_global.csv,percentFunded,top_value,8,15,102,1.3883
fts_requirements_funding_globalcluster_global.csv,percentFunded,top_value,9,28,102,1.3883
fts_requirements_funding_globalcluster_global.csv,percentFunded,top_value,10,9,100,1.3611
fts_requirements_funding_globalcluster_global.csv,percentFunded,numeric_summary,min,0,7347,100.0
fts_requirements_funding_globalcluster_global.csv,percentFunded,numeric_summary,p01,0,7347,100.0
fts_requirements_funding_globalcluster_global.csv,percentFunded,numeric_summary,p25,20,7347,100.0
fts_requirements_funding_globalcluster_global.csv,percentFunded,numeric_summary,p50,39,7347,100.0
fts_requirements_funding_globalcluster_global.csv,percentFunded,numeric_summary,p75,67,7347,100.0
fts_requirements_funding_globalcluster_global.csv,percentFunded,numeric_summary,p99,277.16,7347,100.0
fts_requirements_funding_globalcluster_global.csv,percentFunded,numeric_summary,max,17851,7347,100.0
fts_requirements_funding_globalcluster_global.csv,percentFunded,numeric_summary,mean,57.9,7347,100.0
hpc_hno_2024.csv,Country ISO3,top_value,1,AFG,131079,33.799
hpc_hno_2024.csv,Country ISO3,top_value,2,ETH,90563,23.3519
hpc_hno_2024.csv,Country ISO3,top_value,3,MMR,27961,7.2098
hpc_hno_2024.csv,Country ISO3,top_value,4,BFA,23684,6.107
hpc_hno_2024.csv,Country ISO3,top_value,5,YEM,19578,5.0482
hpc_hno_2024.csv,Country ISO3,top_value,6,SDN,19449,5.015
hpc_hno_2024.csv,Country ISO3,top_value,7,SSD,16000,4.1256
hpc_hno_2024.csv,Country ISO3,top_value,8,NGA,10706,2.7606
hpc_hno_2024.csv,Country ISO3,top_value,9,GTM,10188,2.627
hpc_hno_2024.csv,Country ISO3,top_value,10,HTI,8737,2.2529
hpc_hno_2024.csv,Admin 1 PCode,top_value,1,AF01,461,2.7906
hpc_hno_2024.csv,Admin 1 PCode,top_value,2,AF27,436,2.6392
hpc_hno_2024.csv,Admin 1 PCode,top_value,3,AF06,421,2.5484
hpc_hno_2024.csv,Admin 1 PCode,top_value,4,AF32,397,2.4031
hpc_hno_2024.csv,Admin 1 PCode,top_value,5,AF21,379,2.2942
hpc_hno_2024.csv,Admin 1 PCode,top_value,6,AF22,379,2.2942
hpc_hno_2024.csv,Admin 1 PCode,top_value,7,AF25,379,2.2942
hpc_hno_2024.csv,Admin 1 PCode,top_value,8,AF28,379,2.2942
hpc_hno_2024.csv,Admin 1 PCode,top_value,9,AF33,379,2.2942
hpc_hno_2024.csv,Admin 1 PCode,top_value,10,AF34,379,2.2942
hpc_hno_2024.csv,Admin 1 Name,top_value,1,Kabul,461,2.7906
hpc_hno_2024.csv,Admin 1 Name,top_value,2,Kandahar,436,2.6392
hpc_hno_2024.csv,Admin 1 Name,top_value,3,Nangarhar,421,2.5484
hpc_hno_2024.csv,Admin 1 Name,top_value,4,Hirat,397,2.4031
hpc_hno_2024.csv,Admin 1 Name,top_value,5,Balkh,379,2.2942
hpc_hno_2024.csv,Admin 1 Name,top_value,6,Sar-e-Pul,379,2.2942
hpc_hno_2024.csv,Admin 1 Name,top_value,7,Uruzgan,379,2.2942
hpc_hno_2024.csv,Admin 1 Name,top_value,8,Jawzjan,379,2.2942
hpc_hno_2024.csv,Admin 1 Name,top_value,9,Farah,379,2.2942
hpc_hno_2024.csv,Admin 1 Name,top_value,10,Nimroz,379,2.2942
hpc_hno_2024.csv,Admin 2 PCode,top_value,1,AF0101,455,0.2055
hpc_hno_2024.csv,Admin 2 PCode,top_value,2,AF2701,436,0.1969
hpc_hno_2024.csv,Admin 2 PCode,top_value,3,AF2201,379,0.1712
hpc_hno_2024.csv,Admin 2 PCode,top_value,4,AF2801,379,0.1712
hpc_hno_2024.csv,Admin 2 PCode,top_value,5,AF3301,379,0.1712
hpc_hno_2024.csv,Admin 2 PCode,top_value,6,AF3401,379,0.1712
hpc_hno_2024.csv,Admin 2 PCode,top_value,7,AF0905,376,0.1698
hpc_hno_2024.csv,Admin 2 PCode,top_value,8,AF2501,376,0.1698
hpc_hno_2024.csv,Admin 2 PCode,top_value,9,AF0601,374,0.1689
hpc_hno_2024.csv,Admin 2 PCode,top_value,10,AF2101,373,0.1684
hpc_hno_2024.csv,Admin 2 Name,top_value,1,Dawlat Abad,660,0.298
hpc_hno_2024.csv,Admin 2 Name,top_value,2,Qara Bagh,645,0.2913
hpc_hno_2024.csv,Admin 2 Name,top_value,3,Arghandab,637,0.2877
hpc_hno_2024.csv,Admin 2 Name,top_value,4,Fayzabad,629,0.284
hpc_hno_2024.csv,Admin 2 Name,top_value,5,Muqur,613,0.2768
hpc_hno_2024.csv,Admin 2 Name,top_value,6,Jani Khel,610,0.2755
hpc_hno_2024.csv,Admin 2 Name,top_value,7,Tagab,583,0.2633
hpc_hno_2024.csv,Admin 2 Name,top_value,8,Baharak,578,0.261
hpc_hno_2024.csv,Admin 2 Name,top_value,9,Surobi,557,0.2515
hpc_hno_2024.csv,Admin 2 Name,top_value,10,Jaghatu,544,0.2457
hpc_hno_2024.csv,Admin 3 PCode,top_value,1,ET020202,146,0.0991
hpc_hno_2024.csv,Admin 3 PCode,top_value,2,ET010101,145,0.0984
hpc_hno_2024.csv,Admin 3 PCode,top_value,3,ET020205,145,0.0984
hpc_hno_2024.csv,Admin 3 PCode,top_value,4,ET020402,145,0.0984
hpc_hno_2024.csv,Admin 3 PCode,top_value,5,ET010111,144,0.0978
hpc_hno_2024.csv,Admin 3 PCode,top_value,6,ET010210,144,0.0978
hpc_hno_2024.csv,Admin 3 PCode,top_value,7,ET010212,144,0.0978
hpc_hno_2024.csv,Admin 3 PCode,top_value,8,ET020201,144,0.0978
hpc_hno_2024.csv,Admin 3 PCode,top_value,9,ET020404,144,0.0978
hpc_hno_2024.csv,Admin 3 PCode,top_value,10,ET010105,143,0.0971
hpc_hno_2024.csv,Admin 3 Name,top_value,1,Htantabin,157,0.1066
hpc_hno_2024.csv,Admin 3 Name,top_value,2,Dano,152,0.1032
hpc_hno_2024.csv,Admin 3 Name,top_value,3,Kunneba,146,0.0991
hpc_hno_2024.csv,Admin 3 Name,top_value,4,Tahtay Adiyabo,145,0.0984
hpc_hno_2024.csv,Admin 3 Name,top_value,5,Berahile,145,0.0984
hpc_hno_2024.csv,Admin 3 Name,top_value,6,Euwa,145,0.0984
hpc_hno_2024.csv,Admin 3 Name,top_value,7,Adi Daero,144,0.0978
hpc_hno_2024.csv,Admin 3 Name,top_value,8,Abergele (TG),144,0.0978
hpc_hno_2024.csv,Admin 3 Name,top_value,9,Adwa town,144,0.0978
hpc_hno_2024.csv,Admin 3 Name,top_value,10,Erebti,144,0.0978
hpc_hno_2024.csv,Description,top_value,1,Protection (overall),31396,8.0955
hpc_hno_2024.csv,Description,top_value,2,Gender-Based Violence (GBV),28205,7.2727
hpc_hno_2024.csv,Description,top_value,3,Child Protection,26975,6.9556
hpc_hno_2024.csv,Description,top_value,4,General Protection,25155,6.4863
hpc_hno_2024.csv,Description,top_value,5,Health,24976,6.4401
hpc_hno_2024.csv,Description,top_value,6,Food Security,24826,6.4015
hpc_hno_2024.csv,Description,top_value,7,Nutrition,22744,5.8646
hpc_hno_2024.csv,Description,top_value,8,"Water, Sanitation and Hygiene",21743,5.6065
hpc_hno_2024.csv,Description,top_value,9,"Housing, Land and Property",15790,4.0715
hpc_hno_2024.csv,Description,top_value,10,Final HRP caseload,15545,4.0083
hpc_hno_2024.csv,Cluster,top_value,1,PRO,65093,16.8214
hpc_hno_2024.csv,Cluster,top_value,2,FSC,36217,9.3592
hpc_hno_2024.csv,Cluster,top_value,3,HEA,35986,9.2995
hpc_hno_2024.csv,Cluster,top_value,4,PRO-GBV,34076,8.8059
hpc_hno_2024.csv,Cluster,top_value,5,WSH,30980,8.0059
hpc_hno_2024.csv,Cluster,top_value,6,ALL,30678,7.9278
hpc_hno_2024.csv,Cluster,top_value,7,PRO-CPN,30554,7.8958
hpc_hno_2024.csv,Cluster,top_value,8,SHL,26405,6.8236
hpc_hno_2024.csv,Cluster,top_value,9,NUT,24335,6.2887
hpc_hno_2024.csv,Cluster,top_value,10,EDU,19723,5.0968
hpc_hno_2024.csv,Category,top_value,1,total,45848,11.833
hpc_hno_2024.csv,Category,top_value,2,Girls,13587,3.5067
hpc_hno_2024.csv,Category,top_value,3,Boys,13573,3.5031
hpc_hno_2024.csv,Category,top_value,4,Children,13170,3.3991
hpc_hno_2024.csv,Category,top_value,5,Adult,12434,3.2091
hpc_hno_2024.csv,Category,top_value,6,Elderly,11501,2.9683
hpc_hno_2024.csv,Category,top_value,7,People with Disability,9609,2.48
hpc_hno_2024.csv,Category,top_value,8,IDPs,9465,2.4428
hpc_hno_2024.csv,Category,top_value,9,Children - Female,9398,2.4255
hpc_hno_2024.csv,Category,top_value,10,Children - Male,9398,2.4255
hpc_hno_2024.csv,Population,top_value,1,14,8,0.0735
hpc_hno_2024.csv,Population,top_value,2,750,8,0.0735
hpc_hno_2024.csv,Population,top_value,3,256,6,0.0551
hpc_hno_2024.csv,Population,top_value,4,100,6,0.0551
hpc_hno_2024.csv,Population,top_value,5,157,6,0.0551
hpc_hno_2024.csv,Population,top_value,6,194,6,0.0551
hpc_hno_2024.csv,Population,top_value,7,281,5,0.0459
hpc_hno_2024.csv,Population,top_value,8,237,5,0.0459
hpc_hno_2024.csv,Population,top_value,9,181,5,0.0459
hpc_hno_2024.csv,Population,top_value,10,9,5,0.0459
hpc_hno_2024.csv,Population,numeric_summary,min,1,10890,100.0
hpc_hno_2024.csv,Population,numeric_summary,p01,68,10890,100.0
hpc_hno_2024.csv,Population,numeric_summary,p25,7172,10890,100.0
hpc_hno_2024.csv,Population,numeric_summary,p50,29510.5,10890,100.0
hpc_hno_2024.csv,Population,numeric_summary,p75,97910.75,10890,100.0
hpc_hno_2024.csv,Population,numeric_summary,p99,2714165.48,10890,100.0
hpc_hno_2024.csv,Population,numeric_summary,max,223800000,10890,100.0
hpc_hno_2024.csv,Population,numeric_summary,mean,282134.22,10890,100.0
hpc_hno_2024.csv,In Need,top_value,1,1,2775,0.7277
hpc_hno_2024.csv,In Need,top_value,2,2,2192,0.5749
hpc_hno_2024.csv,In Need,top_value,3,3,1979,0.519
hpc_hno_2024.csv,In Need,top_value,4,4,1659,0.4351
hpc_hno_2024.csv,In Need,top_value,5,5,1657,0.4346
hpc_hno_2024.csv,In Need,top_value,6,6,1511,0.3963
hpc_hno_2024.csv,In Need,top_value,7,7,1417,0.3716
hpc_hno_2024.csv,In Need,top_value,8,9,1312,0.3441
hpc_hno_2024.csv,In Need,top_value,9,8,1292,0.3388
hpc_hno_2024.csv,In Need,top_value,10,10,1198,0.3142
hpc_hno_2024.csv,In Need,numeric_summary,min,-12037,381314,100.0
hpc_hno_2024.csv,In Need,numeric_summary,p01,2,381314,100.0
hpc_hno_2024.csv,In Need,numeric_summary,p25,166,381314,100.0
hpc_hno_2024.csv,In Need,numeric_summary,p50,1431.86,381314,100.0
hpc_hno_2024.csv,In Need,numeric_summary,p75,7517,381314,100.0
hpc_hno_2024.csv,In Need,numeric_summary,p99,226073.88,381314,100.0
hpc_hno_2024.csv,In Need,numeric_summary,max,25397896,381314,100.0
hpc_hno_2024.csv,In Need,numeric_summary,mean,25189.08,381314,100.0
hpc_hno_2024.csv,Targeted,top_value,1,1,3768,1.184
hpc_hno_2024.csv,Targeted,top_value,2,2,2653,0.8336
hpc_hno_2024.csv,Targeted,top_value,3,3,2443,0.7676
hpc_hno_2024.csv,Targeted,top_value,4,4,2193,0.6891
hpc_hno_2024.csv,Targeted,top_value,5,5,2116,0.6649
hpc_hno_2024.csv,Targeted,top_value,6,6,1844,0.5794
hpc_hno_2024.csv,Targeted,top_value,7,7,1683,0.5288
hpc_hno_2024.csv,Targeted,top_value,8,8,1601,0.5031
hpc_hno_2024.csv,Targeted,top_value,9,9,1390,0.4368
hpc_hno_2024.csv,Targeted,top_value,10,11,1319,0.4145
hpc_hno_2024.csv,Targeted,numeric_summary,min,-7222,318244,100.0
hpc_hno_2024.csv,Targeted,numeric_summary,p01,1,318244,100.0
hpc_hno_2024.csv,Targeted,numeric_summary,p25,88,318244,100.0
hpc_hno_2024.csv,Targeted,numeric_summary,p50,653,318244,100.0
hpc_hno_2024.csv,Targeted,numeric_summary,p75,3572,318244,100.0
hpc_hno_2024.csv,Targeted,numeric_summary,p99,141088.41,318244,100.0
hpc_hno_2024.csv,Targeted,numeric_summary,max,17327995,318244,100.0
hpc_hno_2024.csv,Targeted,numeric_summary,mean,13954.71,318244,100.0
hpc_hno_2024.csv,Affected,top_value,1,100,5,0.1251
hpc_hno_2024.csv,Affected,top_value,2,111,4,0.1001
hpc_hno_2024.csv,Affected,top_value,3,167,4,0.1001
hpc_hno_2024.csv,Affected,top_value,4,138,4,0.1001
hpc_hno_2024.csv,Affected,top_value,5,350,3,0.0751
hpc_hno_2024.csv,Affected,top_value,6,90,3,0.0751
hpc_hno_2024.csv,Affected,top_value,7,14,3,0.0751
hpc_hno_2024.csv,Affected,top_value,8,137,3,0.0751
hpc_hno_2024.csv,Affected,top_value,9,2075,3,0.0751
hpc_hno_2024.csv,Affected,top_value,10,255,3,0.0751
hpc_hno_2024.csv,Affected,numeric_summary,min,1,3996,100.0
hpc_hno_2024.csv,Affected,numeric_summary,p01,48.9,3996,100.0
hpc_hno_2024.csv,Affected,numeric_summary,p25,6239.5,3996,100.0
hpc_hno_2024.csv,Affected,numeric_summary,p50,25762.5,3996,100.0
hpc_hno_2024.csv,Affected,numeric_summary,p75,64157.75,3996,100.0
hpc_hno_2024.csv,Affected,numeric_summary,p99,1006147.6,3996,100.0
hpc_hno_2024.csv,Affected,numeric_summary,max,28928873,3996,100.0
hpc_hno_2024.csv,Affected,numeric_summary,mean,147486.01,3996,100.0
hpc_hno_2024.csv,Reached,top_value,1,802,3,0.5871
hpc_hno_2024.csv,Reached,top_value,2,2122,3,0.5871
hpc_hno_2024.csv,Reached,top_value,3,1500000,2,0.3914
hpc_hno_2024.csv,Reached,top_value,4,157,2,0.3914
hpc_hno_2024.csv,Reached,top_value,5,171,2,0.3914
hpc_hno_2024.csv,Reached,top_value,6,1207,2,0.3914
hpc_hno_2024.csv,Reached,top_value,7,299,2,0.3914
hpc_hno_2024.csv,Reached,top_value,8,528,2,0.3914
hpc_hno_2024.csv,Reached,top_value,9,740,2,0.3914
hpc_hno_2024.csv,Reached,top_value,10,430,2,0.3914
hpc_hno_2024.csv,Reached,numeric_summary,min,103,511,100.0
hpc_hno_2024.csv,Reached,numeric_summary,p01,158.4,511,100.0
hpc_hno_2024.csv,Reached,numeric_summary,p25,1204.5,511,100.0
hpc_hno_2024.csv,Reached,numeric_summary,p50,2686,511,100.0
hpc_hno_2024.csv,Reached,numeric_summary,p75,6742,511,100.0
hpc_hno_2024.csv,Reached,numeric_summary,p99,6890000,511,100.0
hpc_hno_2024.csv,Reached,numeric_summary,max,18400000,511,100.0
hpc_hno_2024.csv,Reached,numeric_summary,mean,226193.97,511,100.0
hpc_hno_2024.csv,Info,top_value,1,No cluster for entity 7454,677,66.0488
hpc_hno_2024.csv,Info,top_value,2,Unknown location 25870104,121,11.8049
hpc_hno_2024.csv,Info,top_value,3,No cluster for entity 7537,64,6.2439
hpc_hno_2024.csv,Info,top_value,4,No cluster for entity 7465,48,4.6829
hpc_hno_2024.csv,Info,top_value,5,No cluster for entity 7381,34,3.3171
hpc_hno_2024.csv,Info,top_value,6,No cluster for entity 7272,25,2.439
hpc_hno_2024.csv,Info,top_value,7,Unknown location 25917576,18,1.7561
hpc_hno_2024.csv,Info,top_value,8,Unknown location 25811256,10,0.9756
hpc_hno_2024.csv,Info,top_value,9,Unknown location 25817215,4,0.3902
hpc_hno_2024.csv,Info,top_value,10,Unknown location 25917537,3,0.2927
hpc_hno_2025.csv,Country ISO3,top_value,1,AFG,121151,38.0668
hpc_hno_2025.csv,Country ISO3,top_value,2,MMR,27351,8.5939
hpc_hno_2025.csv,Country ISO3,top_value,3,BFA,23464,7.3726
hpc_hno_2025.csv,Country ISO3,top_value,4,COD,23018,7.2325
hpc_hno_2025.csv,Country ISO3,top_value,5,SDN,22901,7.1957
hpc_hno_2025.csv,Country ISO3,top_value,6,YEM,22138,6.956
hpc_hno_2025.csv,Country ISO3,top_value,7,NGA,14442,4.5378
hpc_hno_2025.csv,Country ISO3,top_value,8,HTI,13225,4.1554
hpc_hno_2025.csv,Country ISO3,top_value,9,SSD,12957,4.0712
hpc_hno_2025.csv,Country ISO3,top_value,10,HND,8444,2.6532
hpc_hno_2025.csv,Admin 1 PCode,top_value,1,AF01,447,2.8305
hpc_hno_2025.csv,Admin 1 PCode,top_value,2,AF32,444,2.8116
hpc_hno_2025.csv,Admin 1 PCode,top_value,3,AF34,411,2.6026
hpc_hno_2025.csv,Admin 1 PCode,top_value,4,AF27,408,2.5836
hpc_hno_2025.csv,Admin 1 PCode,top_value,5,AF14,398,2.5203
hpc_hno_2025.csv,Admin 1 PCode,top_value,6,AF21,395,2.5013
hpc_hno_2025.csv,Admin 1 PCode,top_value,7,AF19,383,2.4253
hpc_hno_2025.csv,Admin 1 PCode,top_value,8,AF09,364,2.305
hpc_hno_2025.csv,Admin 1 PCode,top_value,9,AF18,364,2.305
hpc_hno_2025.csv,Admin 1 PCode,top_value,10,AF20,364,2.305
hpc_hno_2025.csv,Admin 1 Name,top_value,1,Kabul,447,2.8305
hpc_hno_2025.csv,Admin 1 Name,top_value,2,Hirat,444,2.8116
hpc_hno_2025.csv,Admin 1 Name,top_value,3,Nimroz,411,2.6026
hpc_hno_2025.csv,Admin 1 Name,top_value,4,Kandahar,408,2.5836
hpc_hno_2025.csv,Admin 1 Name,top_value,5,Khost,398,2.5203
hpc_hno_2025.csv,Admin 1 Name,top_value,6,Balkh,395,2.5013
hpc_hno_2025.csv,Admin 1 Name,top_value,7,Kunduz,383,2.4253
hpc_hno_2025.csv,Admin 1 Name,top_value,8,Baghlan,364,2.305
hpc_hno_2025.csv,Admin 1 Name,top_value,9,Takhar,364,2.305
hpc_hno_2025.csv,Admin 1 Name,top_value,10,Samangan,364,2.305
hpc_hno_2025.csv,Admin 2 PCode,top_value,1,AF0101,447,0.1959
hpc_hno_2025.csv,Admin 2 PCode,top_value,2,AF2701,394,0.1727
hpc_hno_2025.csv,Admin 2 PCode,top_value,3,AF3201,384,0.1683
hpc_hno_2025.csv,Admin 2 PCode,top_value,4,AF0901,364,0.1595
hpc_hno_2025.csv,Admin 2 PCode,top_value,5,AF3001,364,0.1595
hpc_hno_2025.csv,Admin 2 PCode,top_value,6,AF3002,364,0.1595
hpc_hno_2025.csv,Admin 2 PCode,top_value,7,AF3203,364,0.1595
hpc_hno_2025.csv,Admin 2 PCode,top_value,8,AF1905,359,0.1573
hpc_hno_2025.csv,Admin 2 PCode,top_value,9,AF2501,359,0.1573
hpc_hno_2025.csv,Admin 2 PCode,top_value,10,AF2601,359,0.1573
hpc_hno_2025.csv,Admin 2 Name,top_value,1,Fayzabad,618,0.2709
hpc_hno_2025.csv,Admin 2 Name,top_value,2,Muqur,606,0.2656
hpc_hno_2025.csv,Admin 2 Name,top_value,3,Dawlat Abad,583,0.2555
hpc_hno_2025.csv,Admin 2 Name,top_value,4,Baharak,581,0.2547
hpc_hno_2025.csv,Admin 2 Name,top_value,5,Tagab,578,0.2533
hpc_hno_2025.csv,Admin 2 Name,top_value,6,Qara Bagh,576,0.2525
hpc_hno_2025.csv,Admin 2 Name,top_value,7,Jani Khel,571,0.2503
hpc_hno_2025.csv,Admin 2 Name,top_value,8,Arghandab,571,0.2503
hpc_hno_2025.csv,Admin 2 Name,top_value,9,Surobi,537,0.2354
hpc_hno_2025.csv,Admin 2 Name,top_value,10,Kohistan,476,0.2086
hpc_hno_2025.csv,Admin 3 PCode,top_value,1,BF540307,128,0.1782
hpc_hno_2025.csv,Admin 3 PCode,top_value,2,BF560304,127,0.1768
hpc_hno_2025.csv,Admin 3 PCode,top_value,3,BF460309,125,0.1741
hpc_hno_2025.csv,Admin 3 PCode,top_value,4,BF560102,125,0.1741
hpc_hno_2025.csv,Admin 3 PCode,top_value,5,BF460608,124,0.1727
hpc_hno_2025.csv,Admin 3 PCode,top_value,6,BF540310,124,0.1727
hpc_hno_2025.csv,Admin 3 PCode,top_value,7,BF540104,120,0.1671
hpc_hno_2025.csv,Admin 3 PCode,top_value,8,BF520102,118,0.1643
hpc_hno_2025.csv,Admin 3 PCode,top_value,9,BF520303,118,0.1643
hpc_hno_2025.csv,Admin 3 PCode,top_value,10,BF560202,118,0.1643
hpc_hno_2025.csv,Admin 3 Name,top_value,1,Minhla,145,0.2019
hpc_hno_2025.csv,Admin 3 Name,top_value,2,Htantabin,143,0.1991
hpc_hno_2025.csv,Admin 3 Name,top_value,3,Lubunga,140,0.1949
hpc_hno_2025.csv,Admin 3 Name,top_value,4,Boussouma,129,0.1796
hpc_hno_2025.csv,Admin 3 Name,top_value,5,Namissiguima,129,0.1796
hpc_hno_2025.csv,Admin 3 Name,top_value,6,Ouahigouya,128,0.1782
hpc_hno_2025.csv,Admin 3 Name,top_value,7,Djibo,127,0.1768
hpc_hno_2025.csv,Admin 3 Name,top_value,8,Nouna,125,0.1741
hpc_hno_2025.csv,Admin 3 Name,top_value,9,Gorom-Gorom,125,0.1741
hpc_hno_2025.csv,Admin 3 Name,top_value,10,Tougan,124,0.1727
hpc_hno_2025.csv,Description,top_value,1,Final HRP caseload,41035,12.8936
hpc_hno_2025.csv,Description,top_value,2,Child Protection,19445,6.1098
hpc_hno_2025.csv,Description,top_value,3,Gender-Based Violence (GBV),18327,5.7585
hpc_hno_2025.csv,Description,top_value,4,General Protection,18289,5.7466
hpc_hno_2025.csv,Description,top_value,5,Protection (overall),17119,5.379
hpc_hno_2025.csv,Description,top_value,6,Food Security and Agriculture,14134,4.441
hpc_hno_2025.csv,Description,top_value,7,"Water, Sanitation and Hygiene",13954,4.3845
hpc_hno_2025.csv,Description,top_value,8,Mine Action,13242,4.1608
hpc_hno_2025.csv,Description,top_value,9,"Housing, Land and Property",11118,3.4934
hpc_hno_2025.csv,Description,top_value,10,Education,9670,3.0384
hpc_hno_2025.csv,Cluster,top_value,1,PRO,44766,14.3165
hpc_hno_2025.csv,Cluster,top_value,2,ALL,33169,10.6077
hpc_hno_2025.csv,Cluster,top_value,3,FSC,30026,9.6025
hpc_hno_2025.csv,Cluster,top_value,4,PRO-GBV,27670,8.849
hpc_hno_2025.csv,Cluster,top_value,5,WSH,26811,8.5743
hpc_hno_2025.csv,Cluster,top_value,6,PRO-CPN,25852,8.2676
hpc_hno_2025.csv,Cluster,top_value,7,SHL,22331,7.1416
hpc_hno_2025.csv,Cluster,top_value,8,HEA,21441,6.857
hpc_hno_2025.csv,Cluster,top_value,9,NUT,19904,6.3654
hpc_hno_2025.csv,Cluster,top_value,10,PRO-MIN,15478,4.95
hpc_hno_2025.csv,Category,top_value,1,total,38125,11.9919
hpc_hno_2025.csv,Category,top_value,2,Children,20938,6.5859
hpc_hno_2025.csv,Category,top_value,3,Elderly,17790,5.5957
hpc_hno_2025.csv,Category,top_value,4,Female,15889,4.9978
hpc_hno_2025.csv,Category,top_value,5,Male,12007,3.7767
hpc_hno_2025.csv,Category,top_value,6,IDP,10927,3.437
hpc_hno_2025.csv,Category,top_value,7,Adult,10757,3.3835
hpc_hno_2025.csv,Category,top_value,8,Host Communities,10274,3.2316
hpc_hno_2025.csv,Category,top_value,9,Children - Female,5842,1.8376
hpc_hno_2025.csv,Category,top_value,10,Children - Male,5642,1.7746
hpc_hno_2025.csv,Population,top_value,1,3,104,0.3366
hpc_hno_2025.csv,Population,top_value,2,1,94,0.3042
hpc_hno_2025.csv,Population,top_value,3,7,79,0.2557
hpc_hno_2025.csv,Population,top_value,4,2,77,0.2492
hpc_hno_2025.csv,Population,top_value,5,6,75,0.2427
hpc_hno_2025.csv,Population,top_value,6,5,70,0.2266
hpc_hno_2025.csv,Population,top_value,7,4,69,0.2233
hpc_hno_2025.csv,Population,top_value,8,12,60,0.1942
hpc_hno_2025.csv,Population,top_value,9,9,58,0.1877
hpc_hno_2025.csv,Population,top_value,10,28,55,0.178
hpc_hno_2025.csv,Population,numeric_summary,min,1,30898,100.0
hpc_hno_2025.csv,Population,numeric_summary,p01,4,30898,100.0
hpc_hno_2025.csv,Population,numeric_summary,p25,1095,30898,100.0
hpc_hno_2025.csv,Population,numeric_summary,p50,10903.5,30898,100.0
hpc_hno_2025.csv,Population,numeric_summary,p75,53532,30898,100.0
hpc_hno_2025.csv,Population,numeric_summary,p99,985209.76,30898,100.0
hpc_hno_2025.csv,Population,numeric_summary,max,229200000,30898,100.0
hpc_hno_2025.csv,Population,numeric_summary,mean,134314.93,30898,100.0
hpc_hno_2025.csv,In Need,top_value,1,1,2529,0.8153
hpc_hno_2025.csv,In Need,top_value,2,2,2399,0.7734
hpc_hno_2025.csv,In Need,top_value,3,3,1729,0.5574
hpc_hno_2025.csv,In Need,top_value,4,5,1526,0.4919
hpc_hno_2025.csv,In Need,top_value,5,4,1496,0.4823
hpc_hno_2025.csv,In Need,top_value,6,6,1442,0.4649
hpc_hno_2025.csv,In Need,top_value,7,7,1221,0.3936
hpc_hno_2025.csv,In Need,top_value,8,8,1180,0.3804
hpc_hno_2025.csv,In Need,top_value,9,9,1079,0.3478
hpc_hno_2025.csv,In Need,top_value,10,10,1048,0.3378
hpc_hno_2025.csv,In Need,numeric_summary,min,-33929,310199,100.0
hpc_hno_2025.csv,In Need,numeric_summary,p01,2,310199,100.0
hpc_hno_2025.csv,In Need,numeric_summary,p25,239,310199,100.0
hpc_hno_2025.csv,In Need,numeric_summary,p50,2247,310199,100.0
hpc_hno_2025.csv,In Need,numeric_summary,p75,11061.85,310199,100.0
hpc_hno_2025.csv,In Need,numeric_summary,p99,274306.6,310199,100.0
hpc_hno_2025.csv,In Need,numeric_summary,max,30440770,310199,100.0
hpc_hno_2025.csv,In Need,numeric_summary,mean,28801.67,310199,100.0
hpc_hno_2025.csv,Targeted,top_value,1,1,4863,1.8059
hpc_hno_2025.csv,Targeted,top_value,2,2,3573,1.3269
hpc_hno_2025.csv,Targeted,top_value,3,3,2821,1.0476
hpc_hno_2025.csv,Targeted,top_value,4,4,2516,0.9343
hpc_hno_2025.csv,Targeted,top_value,5,5,2135,0.7929
hpc_hno_2025.csv,Targeted,top_value,6,6,1978,0.7345
hpc_hno_2025.csv,Targeted,top_value,7,7,1751,0.6503
hpc_hno_2025.csv,Targeted,top_value,8,9,1601,0.5945
hpc_hno_2025.csv,Targeted,top_value,9,8,1575,0.5849
hpc_hno_2025.csv,Targeted,top_value,10,10,1394,0.5177
hpc_hno_2025.csv,Targeted,numeric_summary,min,0.122,269281,100.0
hpc_hno_2025.csv,Targeted,numeric_summary,p01,1,269281,100.0
hpc_hno_2025.csv,Targeted,numeric_summary,p25,90,269281,100.0
hpc_hno_2025.csv,Targeted,numeric_summary,p50,791,269281,100.0
hpc_hno_2025.csv,Targeted,numeric_summary,p75,4702,269281,100.0
hpc_hno_2025.csv,Targeted,numeric_summary,p99,149762.8,269281,100.0
hpc_hno_2025.csv,Targeted,numeric_summary,max,20934770,269281,100.0
hpc_hno_2025.csv,Targeted,numeric_summary,mean,14431.53,269281,100.0
hpc_hno_2025.csv,Affected,top_value,1,1,17,0.526
hpc_hno_2025.csv,Affected,top_value,2,7,12,0.3713
hpc_hno_2025.csv,Affected,top_value,3,3,10,0.3094
hpc_hno_2025.csv,Affected,top_value,4,8,9,0.2785
hpc_hno_2025.csv,Affected,top_value,5,2,8,0.2475
hpc_hno_2025.csv,Affected,top_value,6,14,8,0.2475
hpc_hno_2025.csv,Affected,top_value,7,6,6,0.1856
hpc_hno_2025.csv,Affected,top_value,8,16,6,0.1856
hpc_hno_2025.csv,Affected,top_value,9,9,6,0.1856
hpc_hno_2025.csv,Affected,top_value,10,32,5,0.1547
hpc_hno_2025.csv,Affected,numeric_summary,min,1,3232,100.0
hpc_hno_2025.csv,Affected,numeric_summary,p01,3,3232,100.0
hpc_hno_2025.csv,Affected,numeric_summary,p25,12683.25,3232,100.0
hpc_hno_2025.csv,Affected,numeric_summary,p50,65806,3232,100.0
hpc_hno_2025.csv,Affected,numeric_summary,p75,127651.14,3232,100.0
hpc_hno_2025.csv,Affected,numeric_summary,p99,999375.49,3232,100.0
hpc_hno_2025.csv,Affected,numeric_summary,max,70952176.57,3232,100.0
hpc_hno_2025.csv,Affected,numeric_summary,mean,190125.11,3232,100.0
hpc_hno_2025.csv,Reached,top_value,1,1800000,2,9.0909
hpc_hno_2025.csv,Reached,top_value,2,2000000,2,9.0909
hpc_hno_2025.csv,Reached,top_value,3,18100000,1,4.5455
hpc_hno_2025.csv,Reached,top_value,4,720000,1,4.5455
hpc_hno_2025.csv,Reached,top_value,5,800000,1,4.5455
hpc_hno_2025.csv,Reached,top_value,6,9100000,1,4.5455
hpc_hno_2025.csv,Reached,top_value,7,890000,1,4.5455
hpc_hno_2025.csv,Reached,top_value,8,275000,1,4.5455
hpc_hno_2025.csv,Reached,top_value,9,132000,1,4.5455
hpc_hno_2025.csv,Reached,top_value,10,2200000,1,4.5455
hpc_hno_2025.csv,Reached,numeric_summary,min,41000,22,100.0
hpc_hno_2025.csv,Reached,numeric_summary,p01,60110,22,100.0
hpc_hno_2025.csv,Reached,numeric_summary,p25,855717.5,22,100.0
hpc_hno_2025.csv,Reached,numeric_summary,p50,1800000,22,100.0
hpc_hno_2025.csv,Reached,numeric_summary,p75,3600000,22,100.0
hpc_hno_2025.csv,Reached,numeric_summary,p99,20312000,22,100.0
hpc_hno_2025.csv,Reached,numeric_summary,max,20900000,22,100.0
hpc_hno_2025.csv,Reached,numeric_summary,mean,3727604.09,22,100.0
hpc_hno_2025.csv,Info,top_value,1,No cluster for entity 30250,2231,40.0539
hpc_hno_2025.csv,Info,top_value,2,No cluster for entity 31172,1537,27.5943
hpc_hno_2025.csv,Info,top_value,3,No cluster for entity 31506,1061,19.0485
hpc_hno_2025.csv,Info,top_value,4,No cluster for entity 31167,258,4.632
hpc_hno_2025.csv,Info,top_value,5,No cluster for entity 30251,235,4.219
hpc_hno_2025.csv,Info,top_value,6,No cluster for entity 31169,155,2.7828
hpc_hno_2025.csv,Info,top_value,7,No cluster for entity 31729,42,0.754
hpc_hno_2025.csv,Info,top_value,8,No cluster for entity 7895,30,0.5386
hpc_hno_2025.csv,Info,top_value,9,No cluster for entity 31168,12,0.2154
hpc_hno_2025.csv,Info,top_value,10,No cluster for entity 31543,6,0.1077
hpc_hno_2026.csv,Country ISO3,top_value,1,COD,16,11.9403
hpc_hno_2026.csv,Country ISO3,top_value,2,CAF,15,11.194
hpc_hno_2026.csv,Country ISO3,top_value,3,TCD,14,10.4478
hpc_hno_2026.csv,Country ISO3,top_value,4,MOZ,13,9.7015
hpc_hno_2026.csv,Country ISO3,top_value,5,SSD,11,8.209
hpc_hno_2026.csv,Country ISO3,top_value,6,UKR,11,8.209
hpc_hno_2026.csv,Country ISO3,top_value,7,SOM,10,7.4627
hpc_hno_2026.csv,Country ISO3,top_value,8,AFG,9,6.7164
hpc_hno_2026.csv,Country ISO3,top_value,9,HTI,9,6.7164
hpc_hno_2026.csv,Country ISO3,top_value,10,NGA,9,6.7164
hpc_hno_2026.csv,Description,top_value,1,Education,11,8.209
hpc_hno_2026.csv,Description,top_value,2,Nutrition,10,7.4627
hpc_hno_2026.csv,Description,top_value,3,GHO Estimates,9,6.7164
hpc_hno_2026.csv,Description,top_value,4,Health,7,5.2239
hpc_hno_2026.csv,Description,top_value,5,Protection (overall),5,3.7313
hpc_hno_2026.csv,Description,top_value,6,Final,4,2.9851
hpc_hno_2026.csv,Description,top_value,7,Santé,4,2.9851
hpc_hno_2026.csv,Description,top_value,8,Protection,4,2.9851
hpc_hno_2026.csv,Description,top_value,9,CCCM,3,2.2388
hpc_hno_2026.csv,Description,top_value,10,Protection de l'enfant,3,2.2388
hpc_hno_2026.csv,Cluster,top_value,1,ALL,20,14.9254
hpc_hno_2026.csv,Cluster,top_value,2,PRO,16,11.9403
hpc_hno_2026.csv,Cluster,top_value,3,EDU,11,8.209
hpc_hno_2026.csv,Cluster,top_value,4,FSC,11,8.209
hpc_hno_2026.csv,Cluster,top_value,5,HEA,11,8.209
hpc_hno_2026.csv,Cluster,top_value,6,SHL,11,8.209
hpc_hno_2026.csv,Cluster,top_value,7,WSH,11,8.209
hpc_hno_2026.csv,Cluster,top_value,8,NUT,10,7.4627
hpc_hno_2026.csv,Cluster,top_value,9,CCM,8,5.9701
hpc_hno_2026.csv,Cluster,top_value,10,MPC,7,5.2239
hpc_hno_2026.csv,Population,top_value,1,48595632,1,5.0
hpc_hno_2026.csv,Population,top_value,2,24100000,1,5.0
hpc_hno_2026.csv,Population,top_value,3,6567382,1,5.0
hpc_hno_2026.csv,Population,top_value,4,29900000,1,5.0
hpc_hno_2026.csv,Population,top_value,5,112800000,1,5.0
hpc_hno_2026.csv,Population,top_value,6,53400000,1,5.0
hpc_hno_2026.csv,Population,top_value,7,11899555,1,5.0
hpc_hno_2026.csv,Population,top_value,8,25200000,1,5.0
hpc_hno_2026.csv,Population,top_value,9,54900000,1,5.0
hpc_hno_2026.csv,Population,top_value,10,35600000,1,5.0
hpc_hno_2026.csv,Population,numeric_summary,min,6567382,20,100.0
hpc_hno_2026.csv,Population,numeric_summary,p01,7580494.87,20,100.0
hpc_hno_2026.csv,Population,numeric_summary,p25,23325000,20,100.0
hpc_hno_2026.csv,Population,numeric_summary,p50,29200000,20,100.0
hpc_hno_2026.csv,Population,numeric_summary,p75,49371724,20,100.0
hpc_hno_2026.csv,Population,numeric_summary,p99,213807000,20,100.0
hpc_hno_2026.csv,Population,numeric_summary,max,237500000,20,100.0
hpc_hno_2026.csv,Population,numeric_summary,mean,45261296.6,20,100.0
hpc_hno_2026.csv,In Need,top_value,1,1043244,2,1.5625
hpc_hno_2026.csv,In Need,top_value,2,4796040,2,1.5625
hpc_hno_2026.csv,In Need,top_value,3,504194,2,1.5625
hpc_hno_2026.csv,In Need,top_value,4,462247,2,1.5625
hpc_hno_2026.csv,In Need,top_value,5,21889283,1,0.7812
hpc_hno_2026.csv,In Need,top_value,6,7105602,1,0.7812
hpc_hno_2026.csv,In Need,top_value,7,17412653,1,0.7812
hpc_hno_2026.csv,In Need,top_value,8,14423290,1,0.7812
hpc_hno_2026.csv,In Need,top_value,9,7464230,1,0.7812
hpc_hno_2026.csv,In Need,top_value,10,14988378,1,0.7812
hpc_hno_2026.csv,In Need,numeric_summary,min,73000,128,100.0
hpc_hno_2026.csv,In Need,numeric_summary,p01,262178.05,128,100.0
hpc_hno_2026.csv,In Need,numeric_summary,p25,1352850,128,100.0
hpc_hno_2026.csv,In Need,numeric_summary,p50,3233415.5,128,100.0
hpc_hno_2026.csv,In Need,numeric_summary,p75,5902680.25,128,100.0
hpc_hno_2026.csv,In Need,numeric_summary,p99,22773106.41,128,100.0
hpc_hno_2026.csv,In Need,numeric_summary,max,33699770,128,100.0
hpc_hno_2026.csv,In Need,numeric_summary,mean,4712172.73,128,100.0
hpc_hno_2026.csv,Targeted,top_value,1,482348,2,1.4925
hpc_hno_2026.csv,Targeted,top_value,2,445408,2,1.4925
hpc_hno_2026.csv,Targeted,top_value,3,17479657,1,0.7463
hpc_hno_2026.csv,Targeted,top_value,4,613774,1,0.7463
hpc_hno_2026.csv,Targeted,top_value,5,11911619,1,0.7463
hpc_hno_2026.csv,Targeted,top_value,6,7218662,1,0.7463
hpc_hno_2026.csv,Targeted,top_value,7,688322,1,0.7463
hpc_hno_2026.csv,Targeted,top_value,8,5682222,1,0.7463
hpc_hno_2026.csv,Targeted,top_value,9,5347659,1,0.7463
hpc_hno_2026.csv,Targeted,top_value,10,880560,1,0.7463
hpc_hno_2026.csv,Targeted,numeric_summary,min,33445,134,100.0
hpc_hno_2026.csv,Targeted,numeric_summary,p01,49838.53,134,100.0
hpc_hno_2026.csv,Targeted,numeric_summary,p25,587902.75,134,100.0
hpc_hno_2026.csv,Targeted,numeric_summary,p50,1236533,134,100.0
hpc_hno_2026.csv,Targeted,numeric_summary,p75,2338856.25,134,100.0
hpc_hno_2026.csv,Targeted,numeric_summary,p99,15642204.46,134,100.0
hpc_hno_2026.csv,Targeted,numeric_summary,max,20419163,134,100.0
hpc_hno_2026.csv,Targeted,numeric_summary,mean,2097727.96,134,100.0
humanitarian-response-plans.csv,code,top_value,1,R01,4,0.44
humanitarian-response-plans.csv,code,top_value,2,R04,3,0.33
humanitarian-response-plans.csv,code,top_value,3,R02,3,0.33
humanitarian-response-plans.csv,code,top_value,4,R0506,2,0.22
humanitarian-response-plans.csv,code,top_value,5,R05,2,0.22
humanitarian-response-plans.csv,code,top_value,6,R00,2,0.22
humanitarian-response-plans.csv,code,top_value,7,HHTI26,1,0.11
humanitarian-response-plans.csv,code,top_value,8,RREG26,1,0.11
humanitarian-response-plans.csv,code,top_value,9,FPSE26,1,0.11
humanitarian-response-plans.csv,code,top_value,10,HMLI26,1,0.11
humanitarian-response-plans.csv,internalId,top_value,1,8278,1,0.1099
humanitarian-response-plans.csv,internalId,top_value,2,8215,1,0.1099
humanitarian-response-plans.csv,internalId,top_value,3,8267,1,0.1099
humanitarian-response-plans.csv,internalId,top_value,4,8128,1,0.1099
humanitarian-response-plans.csv,internalId,top_value,5,8313,1,0.1099
humanitarian-response-plans.csv,internalId,top_value,6,8308,1,0.1099
humanitarian-response-plans.csv,internalId,top_value,7,8124,1,0.1099
humanitarian-response-plans.csv,internalId,top_value,8,8179,1,0.1099
humanitarian-response-plans.csv,internalId,top_value,9,8315,1,0.1099
humanitarian-response-plans.csv,internalId,top_value,10,8103,1,0.1099
humanitarian-response-plans.csv,internalId,numeric_summary,min,1,910,100.0
humanitarian-response-plans.csv,internalId,numeric_summary,p01,20.09,910,100.0
humanitarian-response-plans.csv,internalId,numeric_summary,p25,470.25,910,100.0
humanitarian-response-plans.csv,internalId,numeric_summary,p50,1005.5,910,100.0
humanitarian-response-plans.csv,internalId,numeric_summary,p75,5718.75,910,100.0
humanitarian-response-plans.csv,internalId,numeric_summary,p99,8299.46,910,100.0
humanitarian-response-plans.csv,internalId,numeric_summary,max,8324,910,100.0
humanitarian-response-plans.csv,internalId,numeric_summary,mean,2903.43,910,100.0
humanitarian-response-plans.csv,startDate,top_value,1,2025-01-01,42,4.6154
humanitarian-response-plans.csv,startDate,top_value,2,2023-01-01,39,4.2857
humanitarian-response-plans.csv,startDate,top_value,3,2022-01-01,38,4.1758
humanitarian-response-plans.csv,startDate,top_value,4,2024-01-01,36,3.956
humanitarian-response-plans.csv,startDate,top_value,5,2021-01-01,35,3.8462
humanitarian-response-plans.csv,startDate,top_value,6,2020-01-01,32,3.5165
humanitarian-response-plans.csv,startDate,top_value,7,2019-01-01,30,3.2967
humanitarian-response-plans.csv,startDate,top_value,8,2026-01-01,29,3.1868
humanitarian-response-plans.csv,startDate,top_value,9,2016-01-01,29,3.1868
humanitarian-response-plans.csv,startDate,top_value,10,2017-01-01,28,3.0769
humanitarian-response-plans.csv,endDate,top_value,1,2020-12-31,57,6.2637
humanitarian-response-plans.csv,endDate,top_value,2,2024-12-31,47,5.1648
humanitarian-response-plans.csv,endDate,top_value,3,2021-12-31,43,4.7253
humanitarian-response-plans.csv,endDate,top_value,4,2022-12-31,40,4.3956
humanitarian-response-plans.csv,endDate,top_value,5,2023-12-31,39,4.2857
humanitarian-response-plans.csv,endDate,top_value,6,2025-12-31,36,3.956
humanitarian-response-plans.csv,endDate,top_value,7,2016-12-31,34,3.7363
humanitarian-response-plans.csv,endDate,top_value,8,2017-12-31,33,3.6264
humanitarian-response-plans.csv,endDate,top_value,9,2019-12-31,29,3.1868
humanitarian-response-plans.csv,endDate,top_value,10,2026-12-31,28,3.0769
humanitarian-response-plans.csv,planVersion,top_value,1,Haiti Besoins Humanitaires et Plan de Réponse 2026,1,0.1099
humanitarian-response-plans.csv,planVersion,top_value,2,Regional Migrant Response Plan for Horn of Africa to Yemen and Southern Africa 2026,1,0.1099
humanitarian-response-plans.csv,planVersion,top_value,3,Escalation of Hostilities in the OPT Flash Appeal 2026,1,0.1099
humanitarian-response-plans.csv,planVersion,top_value,4,Mali Besoins Humanitaires et Plan de Réponse 2026,1,0.1099
humanitarian-response-plans.csv,planVersion,top_value,5,Pakistan Floods Support Plan 2026,1,0.1099
humanitarian-response-plans.csv,planVersion,top_value,6,Myanmar Humanitarian Needs and Response Plan 2026,1,0.1099
humanitarian-response-plans.csv,planVersion,top_value,7,Niger Besoins Humanitaires et Plan de Réponse 2026,1,0.1099
humanitarian-response-plans.csv,planVersion,top_value,8,Syrian Arab Republic Regional Refugee and Resilience Plan (3RP) 2026,1,0.1099
humanitarian-response-plans.csv,planVersion,top_value,9,Nigeria Humanitarian Needs and Response Plan 2026,1,0.1099
humanitarian-response-plans.csv,planVersion,top_value,10,Syrian Arab Republic Humanitarian Response Priorities 2026,1,0.1099
humanitarian-response-plans.csv,categories,top_value,1,Consolidated appeals process,151,16.5934
humanitarian-response-plans.csv,categories,top_value,2,cluster | en | Humanitarian response plan,76,8.3516
humanitarian-response-plans.csv,categories,top_value,3,Consolidated inter-agency appeal,72,7.9121
humanitarian-response-plans.csv,categories,top_value,4,sector | en | Regional response plan,69,7.5824
humanitarian-response-plans.csv,categories,top_value,5,Flash appeal,67,7.3626
humanitarian-response-plans.csv,categories,top_value,6,Other,52,5.7143
humanitarian-response-plans.csv,categories,top_value,7,sector | en | Other,43,4.7253
humanitarian-response-plans.csv,categories,top_value,8,cluster | fr | Humanitarian response plan,34,3.7363
humanitarian-response-plans.csv,categories,top_value,9,Regional response plan,33,3.6264
humanitarian-response-plans.csv,categories,top_value,10,sector | en | Flash appeal,30,3.2967
humanitarian-response-plans.csv,locations,top_value,1,SDN,28,3.1567
humanitarian-response-plans.csv,locations,top_value,2,SOM,28,3.1567
humanitarian-response-plans.csv,locations,top_value,3,COD,27,3.044
humanitarian-response-plans.csv,locations,top_value,4,AFG,26,2.9312
humanitarian-response-plans.csv,locations,top_value,5,CAF,24,2.7057
humanitarian-response-plans.csv,locations,top_value,6,TCD,23,2.593
humanitarian-response-plans.csv,locations,top_value,7,HTI,22,2.4803
humanitarian-response-plans.csv,locations,top_value,8,PSE,21,2.3675
humanitarian-response-plans.csv,locations,top_value,9,SYR,19,2.1421
humanitarian-response-plans.csv,locations,top_value,10,YEM,19,2.1421
humanitarian-response-plans.csv,years,top_value,1,2020,62,6.8132
humanitarian-response-plans.csv,years,top_value,2,2024,50,5.4945
humanitarian-response-plans.csv,years,top_value,3,2022,47,5.1648
humanitarian-response-plans.csv,years,top_value,4,2021,47,5.1648
humanitarian-response-plans.csv,years,top_value,5,2023,46,5.0549
humanitarian-response-plans.csv,years,top_value,6,2025,45,4.9451
humanitarian-response-plans.csv,years,top_value,7,2017,38,4.1758
humanitarian-response-plans.csv,years,top_value,8,2016,38,4.1758
humanitarian-response-plans.csv,years,top_value,9,2007,36,3.956
humanitarian-response-plans.csv,years,top_value,10,2008,33,3.6264
humanitarian-response-plans.csv,years,numeric_summary,min,2000,910,100.0
humanitarian-response-plans.csv,years,numeric_summary,p01,2000,910,100.0
humanitarian-response-plans.csv,years,numeric_summary,p25,2008,910,100.0
humanitarian-response-plans.csv,years,numeric_summary,p50,2016,910,100.0
humanitarian-response-plans.csv,years,numeric_summary,p75,2021,910,100.0
humanitarian-response-plans.csv,years,numeric_summary,p99,2026,910,100.0
humanitarian-response-plans.csv,years,numeric_summary,max,2026,910,100.0
humanitarian-response-plans.csv,years,numeric_summary,mean,2014.54,910,100.0
humanitarian-response-plans.csv,origRequirements,top_value,1,0,54,5.9341
humanitarian-response-plans.csv,origRequirements,top_value,2,880327426,1,0.1099
humanitarian-response-plans.csv,origRequirements,top_value,3,4064305808,1,0.1099
humanitarian-response-plans.csv,origRequirements,top_value,4,889600798,1,0.1099
humanitarian-response-plans.csv,origRequirements,top_value,5,516399423,1,0.1099
humanitarian-response-plans.csv,origRequirements,top_value,6,1714181496,1,0.1099
humanitarian-response-plans.csv,origRequirements,top_value,7,763092338,1,0.1099
humanitarian-response-plans.csv,origRequirements,top_value,8,1403721718,1,0.1099
humanitarian-response-plans.csv,origRequirements,top_value,9,347649861,1,0.1099
humanitarian-response-plans.csv,origRequirements,top_value,10,35300000,1,0.1099
humanitarian-response-plans.csv,origRequirements,numeric_summary,min,0,910,100.0
humanitarian-response-plans.csv,origRequirements,numeric_summary,p01,0,910,100.0
humanitarian-response-plans.csv,origRequirements,numeric_summary,p25,46969825.25,910,100.0
humanitarian-response-plans.csv,origRequirements,numeric_summary,p50,186151881,910,100.0
humanitarian-response-plans.csv,origRequirements,numeric_summary,p75,574566202.75,910,100.0
humanitarian-response-plans.csv,origRequirements,numeric_summary,p99,4550341495.98,910,100.0
humanitarian-response-plans.csv,origRequirements,numeric_summary,max,6080899576,910,100.0
humanitarian-response-plans.csv,origRequirements,numeric_summary,mean,522449664.46,910,100.0
humanitarian-response-plans.csv,revisedRequirements,top_value,1,0,5,0.5495
humanitarian-response-plans.csv,revisedRequirements,top_value,2,880327426,1,0.1099
humanitarian-response-plans.csv,revisedRequirements,top_value,3,52990581,1,0.1099
humanitarian-response-plans.csv,revisedRequirements,top_value,4,4064305808,1,0.1099
humanitarian-response-plans.csv,revisedRequirements,top_value,5,551000000,1,0.1099
humanitarian-response-plans.csv,revisedRequirements,top_value,6,64943909,1,0.1099
humanitarian-response-plans.csv,revisedRequirements,top_value,7,889600798,1,0.1099
humanitarian-response-plans.csv,revisedRequirements,top_value,8,449000000,1,0.1099
humanitarian-response-plans.csv,revisedRequirements,top_value,9,2800721613,1,0.1099
humanitarian-response-plans.csv,revisedRequirements,top_value,10,516399423,1,0.1099
humanitarian-response-plans.csv,revisedRequirements,numeric_summary,min,0,910,100.0
humanitarian-response-plans.csv,revisedRequirements,numeric_summary,p01,2623524.05,910,100.0
humanitarian-response-plans.csv,revisedRequirements,numeric_summary,p25,64232949,910,100.0
humanitarian-response-plans.csv,revisedRequirements,numeric_summary,p50,236387643,910,100.0
humanitarian-response-plans.csv,revisedRequirements,numeric_summary,p75,678494733.25,910,100.0
humanitarian-response-plans.csv,revisedRequirements,numeric_summary,p99,4681888552.45,910,100.0
humanitarian-response-plans.csv,revisedRequirements,numeric_summary,max,6080899576,910,100.0
humanitarian-response-plans.csv,revisedRequirements,numeric_summary,mean,606642235.42,910,100.0
